Barcode,Name,Price,InStock
BRC100001,Item 1,49.26,419
BRC100002,Item 2,88.04,474
BRC100003,Item 3,98.44,408
BRC100004,Item 4,96.12,249
BRC100005,Item 5,97.07,366
BRC100006,Item 6,91.88,341
BRC100007,Item 7,55.31,387
BRC100008,Item 8,79.51,314
BRC100009,Item 9,21.94,85
BRC100010,Item 10,59.17,106
BRC100011,Item 11,57.38,170
BRC100012,Item 12,69.9,447
BRC100013,Item 13,76.17,97
BRC100014,Item 14,67.57,373
BRC100015,Item 15,44.21,123
BRC100016,Item 16,9.85,147
BRC100017,Item 17,29.86,57
BRC100018,Item 18,49.89,2
BRC100019,Item 19,82.44,490
BRC100020,Item 20,56.94,463
BRC100021,Item 21,1.54,12
BRC100022,Item 22,11.73,106
BRC100023,Item 23,6.65,49
BRC100024,Item 24,80.39,437
BRC100025,Item 25,72.23,310
BRC100026,Item 26,52.64,325
BRC100027,Item 27,82.68,230
BRC100028,Item 28,23.1,468
BRC100029,Item 29,23.18,193
BRC100030,Item 30,30.94,341
BRC100031,Item 31,49.47,184
BRC100032,Item 32,45.25,411
BRC100033,Item 33,2.45,372
BRC100034,Item 34,4.8,278
BRC100035,Item 35,25.43,495
BRC100036,Item 36,69.28,29
BRC100037,Item 37,25.96,327
BRC100038,Item 38,47.52,454
BRC100039,Item 39,70.95,297
BRC100040,Item 40,16.75,268
BRC100041,Item 41,51.67,2
BRC100042,Item 42,44.67,91
BRC100043,Item 43,40.42,459
BRC100044,Item 44,18.06,321
BRC100045,Item 45,63.66,90
BRC100046,Item 46,7.13,427
BRC100047,Item 47,13.86,231
BRC100048,Item 48,75.74,272
BRC100049,Item 49,83.12,106
BRC100050,Item 50,26.64,369
BRC100051,Item 51,32.64,175
BRC100052,Item 52,58.68,128
BRC100053,Item 53,36.92,2
BRC100054,Item 54,1.4,342
BRC100055,Item 55,32.24,399
BRC100056,Item 56,75.28,26
BRC100057,Item 57,44.1,394
BRC100058,Item 58,29.65,63
BRC100059,Item 59,97.24,19
BRC100060,Item 60,42.71,16
BRC100061,Item 61,65.09,420
BRC100062,Item 62,34.13,418
BRC100063,Item 63,41.62,149
BRC100064,Item 64,10.25,10
BRC100065,Item 65,15.83,186
BRC100066,Item 66,53.19,173
BRC100067,Item 67,10.14,316
BRC100068,Item 68,36.62,148
BRC100069,Item 69,44.2,223
BRC100070,Item 70,38.7,195
BRC100071,Item 71,45.13,359
BRC100072,Item 72,67.01,147
BRC100073,Item 73,16.52,234
BRC100074,Item 74,48.62,377
BRC100075,Item 75,20.21,107
BRC100076,Item 76,84.96,106
BRC100077,Item 77,96.69,493
BRC100078,Item 78,19.49,329
BRC100079,Item 79,40.68,377
BRC100080,Item 80,55.67,361
BRC100081,Item 81,93.03,144
BRC100082,Item 82,17.22,237
BRC100083,Item 83,48.46,190
BRC100084,Item 84,4.42,370
BRC100085,Item 85,22.33,272
BRC100086,Item 86,36.53,148
BRC100087,Item 87,80.57,236
BRC100088,Item 88,55.74,45
BRC100089,Item 89,84.22,182
BRC100090,Item 90,38.27,404
BRC100091,Item 91,16.98,96
BRC100092,Item 92,25.69,306
BRC100093,Item 93,74.78,11
BRC100094,Item 94,11.35,343
BRC100095,Item 95,51.59,293
BRC100096,Item 96,84.68,89
BRC100097,Item 97,76.53,18
BRC100098,Item 98,86.93,172
BRC100099,Item 99,52.84,69
BRC100100,Item 100,29.58,275
BRC100101,Item 101,90.89,153
BRC100102,Item 102,53.68,75
BRC100103,Item 103,91.35,341
BRC100104,Item 104,25.36,120
BRC100105,Item 105,52.35,7
BRC100106,Item 106,36.86,341
BRC100107,Item 107,26.26,214
BRC100108,Item 108,49.06,309
BRC100109,Item 109,25.98,232
BRC100110,Item 110,16.62,427
BRC100111,Item 111,82.98,366
BRC100112,Item 112,99.6,212
BRC100113,Item 113,89.06,391
BRC100114,Item 114,72.56,72
BRC100115,Item 115,5.82,212
BRC100116,Item 116,63.83,296
BRC100117,Item 117,29.8,499
BRC100118,Item 118,44.75,432
BRC100119,Item 119,53.03,87
BRC100120,Item 120,94.0,146
BRC100121,Item 121,85.02,266
BRC100122,Item 122,47.36,108
BRC100123,Item 123,37.54,23
BRC100124,Item 124,94.12,264
BRC100125,Item 125,96.31,261
BRC100126,Item 126,5.63,500
BRC100127,Item 127,70.8,334
BRC100128,Item 128,8.61,385
BRC100129,Item 129,16.67,10
BRC100130,Item 130,91.75,453
BRC100131,Item 131,8.67,73
BRC100132,Item 132,92.06,180
BRC100133,Item 133,61.78,131
BRC100134,Item 134,32.11,487
BRC100135,Item 135,45.82,36
BRC100136,Item 136,93.9,420
BRC100137,Item 137,66.36,142
BRC100138,Item 138,93.96,379
BRC100139,Item 139,17.71,183
BRC100140,Item 140,99.86,124
BRC100141,Item 141,56.79,488
BRC100142,Item 142,47.38,371
BRC100143,Item 143,78.27,37
BRC100144,Item 144,7.81,370
BRC100145,Item 145,91.79,84
BRC100146,Item 146,39.57,258
BRC100147,Item 147,98.84,183
BRC100148,Item 148,8.21,214
BRC100149,Item 149,17.05,167
BRC100150,Item 150,66.01,195
BRC100151,Item 151,97.59,369
BRC100152,Item 152,48.87,355
BRC100153,Item 153,47.2,187
BRC100154,Item 154,72.73,79
BRC100155,Item 155,48.05,274
BRC100156,Item 156,21.83,216
BRC100157,Item 157,67.46,121
BRC100158,Item 158,39.94,483
BRC100159,Item 159,2.45,125
BRC100160,Item 160,47.55,248
BRC100161,Item 161,14.98,69
BRC100162,Item 162,10.61,346
BRC100163,Item 163,20.73,115
BRC100164,Item 164,63.38,498
BRC100165,Item 165,91.31,6
BRC100166,Item 166,58.51,340
BRC100167,Item 167,48.28,360
BRC100168,Item 168,15.36,441
BRC100169,Item 169,64.86,193
BRC100170,Item 170,12.99,145
BRC100171,Item 171,43.06,45
BRC100172,Item 172,18.35,321
BRC100173,Item 173,85.22,215
BRC100174,Item 174,66.99,283
BRC100175,Item 175,30.89,436
BRC100176,Item 176,71.51,211
BRC100177,Item 177,82.49,185
BRC100178,Item 178,81.34,319
BRC100179,Item 179,74.11,163
BRC100180,Item 180,21.75,158
BRC100181,Item 181,39.78,235
BRC100182,Item 182,67.42,420
BRC100183,Item 183,66.46,81
BRC100184,Item 184,50.63,76
BRC100185,Item 185,43.53,351
BRC100186,Item 186,50.63,324
BRC100187,Item 187,80.13,486
BRC100188,Item 188,58.26,149
BRC100189,Item 189,9.75,84
BRC100190,Item 190,69.22,161
BRC100191,Item 191,46.15,363
BRC100192,Item 192,87.16,361
BRC100193,Item 193,34.47,363
BRC100194,Item 194,62.12,496
BRC100195,Item 195,96.58,206
BRC100196,Item 196,6.05,419
BRC100197,Item 197,62.47,404
BRC100198,Item 198,75.87,27
BRC100199,Item 199,58.51,355
BRC100200,Item 200,39.17,25
BRC100201,Item 201,36.57,315
BRC100202,Item 202,97.6,231
BRC100203,Item 203,13.49,174
BRC100204,Item 204,55.02,257
BRC100205,Item 205,74.53,315
BRC100206,Item 206,27.99,97
BRC100207,Item 207,59.08,194
BRC100208,Item 208,78.04,428
BRC100209,Item 209,66.27,76
BRC100210,Item 210,60.22,217
BRC100211,Item 211,46.51,304
BRC100212,Item 212,47.08,280
BRC100213,Item 213,30.5,315
BRC100214,Item 214,90.82,436
BRC100215,Item 215,22.41,120
BRC100216,Item 216,50.94,500
BRC100217,Item 217,12.68,270
BRC100218,Item 218,78.82,132
BRC100219,Item 219,85.27,387
BRC100220,Item 220,30.33,216
BRC100221,Item 221,8.06,180
BRC100222,Item 222,1.89,414
BRC100223,Item 223,68.83,41
BRC100224,Item 224,73.82,171
BRC100225,Item 225,94.0,186
BRC100226,Item 226,93.14,434
BRC100227,Item 227,55.34,324
BRC100228,Item 228,92.89,162
BRC100229,Item 229,99.66,261
BRC100230,Item 230,41.89,225
BRC100231,Item 231,10.85,487
BRC100232,Item 232,47.29,33
BRC100233,Item 233,48.93,440
BRC100234,Item 234,19.77,66
BRC100235,Item 235,75.29,446
BRC100236,Item 236,1.49,361
BRC100237,Item 237,15.89,197
BRC100238,Item 238,18.99,431
BRC100239,Item 239,80.11,376
BRC100240,Item 240,16.92,348
BRC100241,Item 241,97.82,436
BRC100242,Item 242,11.66,61
BRC100243,Item 243,7.03,256
BRC100244,Item 244,5.32,459
BRC100245,Item 245,9.52,197
BRC100246,Item 246,86.6,231
BRC100247,Item 247,58.2,271
BRC100248,Item 248,2.05,51
BRC100249,Item 249,87.05,121
BRC100250,Item 250,97.77,76
BRC100251,Item 251,86.35,364
BRC100252,Item 252,36.37,184
BRC100253,Item 253,79.99,480
BRC100254,Item 254,19.97,172
BRC100255,Item 255,66.39,385
BRC100256,Item 256,46.99,163
BRC100257,Item 257,1.25,171
BRC100258,Item 258,68.36,385
BRC100259,Item 259,58.89,227
BRC100260,Item 260,36.49,391
BRC100261,Item 261,37.3,223
BRC100262,Item 262,45.71,256
BRC100263,Item 263,11.86,30
BRC100264,Item 264,64.7,64
BRC100265,Item 265,97.05,68
BRC100266,Item 266,23.63,98
BRC100267,Item 267,79.61,306
BRC100268,Item 268,78.68,131
BRC100269,Item 269,79.75,440
BRC100270,Item 270,19.32,448
BRC100271,Item 271,45.05,391
BRC100272,Item 272,23.41,74
BRC100273,Item 273,63.29,262
BRC100274,Item 274,1.49,306
BRC100275,Item 275,12.66,315
BRC100276,Item 276,62.72,210
BRC100277,Item 277,23.8,283
BRC100278,Item 278,20.19,476
BRC100279,Item 279,28.79,195
BRC100280,Item 280,82.77,241
BRC100281,Item 281,87.65,11
BRC100282,Item 282,7.19,221
BRC100283,Item 283,32.13,46
BRC100284,Item 284,67.66,12
BRC100285,Item 285,86.7,365
BRC100286,Item 286,74.52,287
BRC100287,Item 287,59.76,174
BRC100288,Item 288,31.13,327
BRC100289,Item 289,66.3,163
BRC100290,Item 290,19.35,79
BRC100291,Item 291,57.62,344
BRC100292,Item 292,99.84,400
BRC100293,Item 293,91.62,499
BRC100294,Item 294,21.22,308
BRC100295,Item 295,46.33,485
BRC100296,Item 296,57.69,344
BRC100297,Item 297,3.17,67
BRC100298,Item 298,94.02,332
BRC100299,Item 299,80.36,251
BRC100300,Item 300,47.74,473
BRC100301,Item 301,81.7,483
BRC100302,Item 302,83.48,437
BRC100303,Item 303,79.38,176
BRC100304,Item 304,33.92,395
BRC100305,Item 305,54.06,181
BRC100306,Item 306,63.78,394
BRC100307,Item 307,47.47,65
BRC100308,Item 308,34.97,298
BRC100309,Item 309,98.3,275
BRC100310,Item 310,46.92,371
BRC100311,Item 311,8.03,331
BRC100312,Item 312,84.32,246
BRC100313,Item 313,62.4,280
BRC100314,Item 314,68.66,221
BRC100315,Item 315,88.69,272
BRC100316,Item 316,41.13,405
BRC100317,Item 317,82.27,365
BRC100318,Item 318,31.48,56
BRC100319,Item 319,29.99,472
BRC100320,Item 320,69.49,191
BRC100321,Item 321,13.87,413
BRC100322,Item 322,15.92,470
BRC100323,Item 323,67.38,42
BRC100324,Item 324,45.59,144
BRC100325,Item 325,73.57,276
BRC100326,Item 326,43.9,293
BRC100327,Item 327,42.25,88
BRC100328,Item 328,66.69,407
BRC100329,Item 329,65.44,54
BRC100330,Item 330,60.19,46
BRC100331,Item 331,62.16,85
BRC100332,Item 332,18.54,61
BRC100333,Item 333,48.89,497
BRC100334,Item 334,32.63,109
BRC100335,Item 335,84.92,463
BRC100336,Item 336,22.37,427
BRC100337,Item 337,69.34,329
BRC100338,Item 338,80.01,81
BRC100339,Item 339,72.05,475
BRC100340,Item 340,54.9,432
BRC100341,Item 341,41.83,252
BRC100342,Item 342,96.02,212
BRC100343,Item 343,53.22,40
BRC100344,Item 344,90.51,286
BRC100345,Item 345,14.41,35
BRC100346,Item 346,18.46,159
BRC100347,Item 347,21.08,6
BRC100348,Item 348,83.22,379
BRC100349,Item 349,88.31,399
BRC100350,Item 350,19.06,424
BRC100351,Item 351,36.25,327
BRC100352,Item 352,16.54,449
BRC100353,Item 353,41.41,96
BRC100354,Item 354,81.51,227
BRC100355,Item 355,15.81,204
BRC100356,Item 356,42.2,63
BRC100357,Item 357,65.68,452
BRC100358,Item 358,75.72,367
BRC100359,Item 359,1.68,231
BRC100360,Item 360,79.48,165
BRC100361,Item 361,76.17,388
BRC100362,Item 362,60.64,45
BRC100363,Item 363,45.74,485
BRC100364,Item 364,7.05,129
BRC100365,Item 365,33.17,223
BRC100366,Item 366,38.7,356
BRC100367,Item 367,42.77,405
BRC100368,Item 368,43.24,404
BRC100369,Item 369,15.3,249
BRC100370,Item 370,39.98,92
BRC100371,Item 371,15.76,445
BRC100372,Item 372,12.91,309
BRC100373,Item 373,23.16,210
BRC100374,Item 374,86.27,102
BRC100375,Item 375,97.99,247
BRC100376,Item 376,20.47,136
BRC100377,Item 377,93.97,467
BRC100378,Item 378,83.35,447
BRC100379,Item 379,83.68,164
BRC100380,Item 380,34.99,45
BRC100381,Item 381,54.44,122
BRC100382,Item 382,77.7,28
BRC100383,Item 383,14.33,400
BRC100384,Item 384,96.08,320
BRC100385,Item 385,91.67,76
BRC100386,Item 386,95.17,76
BRC100387,Item 387,72.97,137
BRC100388,Item 388,47.3,356
BRC100389,Item 389,71.28,121
BRC100390,Item 390,87.05,425
BRC100391,Item 391,66.43,2
BRC100392,Item 392,54.32,224
BRC100393,Item 393,51.85,179
BRC100394,Item 394,75.98,209
BRC100395,Item 395,20.49,376
BRC100396,Item 396,49.65,249
BRC100397,Item 397,75.88,192
BRC100398,Item 398,26.52,256
BRC100399,Item 399,21.24,274
BRC100400,Item 400,93.45,112
BRC100401,Item 401,38.76,320
BRC100402,Item 402,29.78,37
BRC100403,Item 403,17.46,359
BRC100404,Item 404,2.77,2
BRC100405,Item 405,61.02,379
BRC100406,Item 406,22.49,179
BRC100407,Item 407,47.98,429
BRC100408,Item 408,17.62,438
BRC100409,Item 409,69.07,49
BRC100410,Item 410,29.48,73
BRC100411,Item 411,6.63,413
BRC100412,Item 412,48.59,452
BRC100413,Item 413,67.85,161
BRC100414,Item 414,10.71,198
BRC100415,Item 415,39.79,34
BRC100416,Item 416,92.56,156
BRC100417,Item 417,10.27,472
BRC100418,Item 418,9.66,134
BRC100419,Item 419,76.23,256
BRC100420,Item 420,29.39,114
BRC100421,Item 421,43.35,211
BRC100422,Item 422,40.31,225
BRC100423,Item 423,13.55,221
BRC100424,Item 424,57.29,181
BRC100425,Item 425,58.6,56
BRC100426,Item 426,42.63,370
BRC100427,Item 427,79.53,153
BRC100428,Item 428,82.16,313
BRC100429,Item 429,96.69,214
BRC100430,Item 430,82.5,414
BRC100431,Item 431,85.72,93
BRC100432,Item 432,51.27,295
BRC100433,Item 433,64.73,245
BRC100434,Item 434,55.2,356
BRC100435,Item 435,62.87,96
BRC100436,Item 436,81.0,54
BRC100437,Item 437,5.86,449
BRC100438,Item 438,89.04,190
BRC100439,Item 439,72.17,269
BRC100440,Item 440,31.69,28
BRC100441,Item 441,84.28,95
BRC100442,Item 442,49.12,9
BRC100443,Item 443,59.22,289
BRC100444,Item 444,64.76,374
BRC100445,Item 445,2.19,202
BRC100446,Item 446,42.88,69
BRC100447,Item 447,97.56,178
BRC100448,Item 448,28.66,281
BRC100449,Item 449,57.05,405
BRC100450,Item 450,10.78,369
BRC100451,Item 451,68.53,171
BRC100452,Item 452,88.9,62
BRC100453,Item 453,81.39,163
BRC100454,Item 454,45.29,94
BRC100455,Item 455,81.8,75
BRC100456,Item 456,56.52,50
BRC100457,Item 457,98.3,494
BRC100458,Item 458,26.05,490
BRC100459,Item 459,6.2,281
BRC100460,Item 460,56.32,475
BRC100461,Item 461,86.13,5
BRC100462,Item 462,61.21,61
BRC100463,Item 463,16.86,257
BRC100464,Item 464,5.75,298
BRC100465,Item 465,91.26,149
BRC100466,Item 466,12.19,336
BRC100467,Item 467,43.64,327
BRC100468,Item 468,43.99,311
BRC100469,Item 469,91.02,29
BRC100470,Item 470,87.44,478
BRC100471,Item 471,65.75,89
BRC100472,Item 472,15.0,181
BRC100473,Item 473,80.87,464
BRC100474,Item 474,71.42,368
BRC100475,Item 475,35.62,160
BRC100476,Item 476,39.54,382
BRC100477,Item 477,57.47,261
BRC100478,Item 478,43.44,141
BRC100479,Item 479,49.12,102
BRC100480,Item 480,12.09,55
BRC100481,Item 481,34.61,386
BRC100482,Item 482,14.64,263
BRC100483,Item 483,79.0,92
BRC100484,Item 484,29.54,149
BRC100485,Item 485,80.32,73
BRC100486,Item 486,58.17,218
BRC100487,Item 487,87.25,38
BRC100488,Item 488,60.01,224
BRC100489,Item 489,64.11,154
BRC100490,Item 490,15.35,381
BRC100491,Item 491,79.24,98
BRC100492,Item 492,63.33,448
BRC100493,Item 493,74.11,279
BRC100494,Item 494,47.48,277
BRC100495,Item 495,98.94,337
BRC100496,Item 496,42.22,2
BRC100497,Item 497,3.0,43
BRC100498,Item 498,74.59,212
BRC100499,Item 499,29.54,335
BRC100500,Item 500,22.96,76
BRC100501,Item 501,73.76,234
BRC100502,Item 502,71.42,185
BRC100503,Item 503,89.08,68
BRC100504,Item 504,21.34,66
BRC100505,Item 505,26.33,215
BRC100506,Item 506,34.18,492
BRC100507,Item 507,28.29,470
BRC100508,Item 508,87.56,112
BRC100509,Item 509,67.43,276
BRC100510,Item 510,25.18,36
BRC100511,Item 511,19.51,164
BRC100512,Item 512,67.86,40
BRC100513,Item 513,23.4,337
BRC100514,Item 514,99.69,191
BRC100515,Item 515,91.64,135
BRC100516,Item 516,77.81,188
BRC100517,Item 517,28.58,413
BRC100518,Item 518,67.35,366
BRC100519,Item 519,76.57,188
BRC100520,Item 520,88.15,178
BRC100521,Item 521,58.24,270
BRC100522,Item 522,72.43,429
BRC100523,Item 523,62.89,494
BRC100524,Item 524,72.33,113
BRC100525,Item 525,32.72,363
BRC100526,Item 526,54.75,399
BRC100527,Item 527,84.3,182
BRC100528,Item 528,98.79,334
BRC100529,Item 529,46.57,439
BRC100530,Item 530,23.87,260
BRC100531,Item 531,23.68,444
BRC100532,Item 532,14.02,4
BRC100533,Item 533,78.54,102
BRC100534,Item 534,6.42,376
BRC100535,Item 535,8.6,341
BRC100536,Item 536,37.07,208
BRC100537,Item 537,14.94,470
BRC100538,Item 538,98.8,372
BRC100539,Item 539,31.7,318
BRC100540,Item 540,40.88,264
BRC100541,Item 541,44.54,249
BRC100542,Item 542,90.09,227
BRC100543,Item 543,45.67,269
BRC100544,Item 544,20.07,410
BRC100545,Item 545,83.67,260
BRC100546,Item 546,9.57,237
BRC100547,Item 547,24.16,73
BRC100548,Item 548,1.25,21
BRC100549,Item 549,66.4,233
BRC100550,Item 550,95.29,361
BRC100551,Item 551,5.95,52
BRC100552,Item 552,3.76,436
BRC100553,Item 553,75.57,39
BRC100554,Item 554,8.33,323
BRC100555,Item 555,29.66,222
BRC100556,Item 556,52.22,54
BRC100557,Item 557,67.93,43
BRC100558,Item 558,62.76,298
BRC100559,Item 559,35.87,115
BRC100560,Item 560,10.83,376
BRC100561,Item 561,42.69,395
BRC100562,Item 562,37.25,500
BRC100563,Item 563,90.23,313
BRC100564,Item 564,32.39,124
BRC100565,Item 565,71.07,104
BRC100566,Item 566,93.94,424
BRC100567,Item 567,50.96,19
BRC100568,Item 568,84.28,209
BRC100569,Item 569,23.42,163
BRC100570,Item 570,45.06,137
BRC100571,Item 571,13.84,317
BRC100572,Item 572,49.92,5
BRC100573,Item 573,16.74,321
BRC100574,Item 574,9.82,195
BRC100575,Item 575,78.87,198
BRC100576,Item 576,21.45,482
BRC100577,Item 577,69.52,31
BRC100578,Item 578,16.99,31
BRC100579,Item 579,7.87,206
BRC100580,Item 580,28.39,297
BRC100581,Item 581,12.13,22
BRC100582,Item 582,60.84,450
BRC100583,Item 583,24.04,254
BRC100584,Item 584,4.84,439
BRC100585,Item 585,73.55,129
BRC100586,Item 586,46.84,452
BRC100587,Item 587,13.34,318
BRC100588,Item 588,17.01,302
BRC100589,Item 589,52.07,94
BRC100590,Item 590,43.07,224
BRC100591,Item 591,88.87,330
BRC100592,Item 592,23.42,465
BRC100593,Item 593,22.36,476
BRC100594,Item 594,31.43,231
BRC100595,Item 595,48.49,450
BRC100596,Item 596,31.46,207
BRC100597,Item 597,83.11,1
BRC100598,Item 598,22.74,257
BRC100599,Item 599,81.54,348
BRC100600,Item 600,26.01,444
BRC100601,Item 601,22.94,98
BRC100602,Item 602,16.31,397
BRC100603,Item 603,97.73,111
BRC100604,Item 604,67.36,396
BRC100605,Item 605,74.16,139
BRC100606,Item 606,24.26,137
BRC100607,Item 607,3.9,428
BRC100608,Item 608,46.81,277
BRC100609,Item 609,65.04,276
BRC100610,Item 610,75.17,168
BRC100611,Item 611,2.5,154
BRC100612,Item 612,78.9,418
BRC100613,Item 613,47.55,359
BRC100614,Item 614,97.14,30
BRC100615,Item 615,98.06,383
BRC100616,Item 616,91.17,150
BRC100617,Item 617,7.67,97
BRC100618,Item 618,86.55,310
BRC100619,Item 619,62.71,383
BRC100620,Item 620,57.25,75
BRC100621,Item 621,47.74,289
BRC100622,Item 622,88.92,59
BRC100623,Item 623,43.2,100
BRC100624,Item 624,6.14,278
BRC100625,Item 625,35.75,285
BRC100626,Item 626,30.42,195
BRC100627,Item 627,90.76,491
BRC100628,Item 628,46.68,331
BRC100629,Item 629,72.58,345
BRC100630,Item 630,37.43,98
BRC100631,Item 631,6.71,359
BRC100632,Item 632,81.67,87
BRC100633,Item 633,36.49,341
BRC100634,Item 634,50.89,415
BRC100635,Item 635,21.92,432
BRC100636,Item 636,46.97,371
BRC100637,Item 637,42.12,495
BRC100638,Item 638,16.38,433
BRC100639,Item 639,85.89,472
BRC100640,Item 640,33.75,175
BRC100641,Item 641,36.45,317
BRC100642,Item 642,78.2,40
BRC100643,Item 643,74.05,492
BRC100644,Item 644,54.27,46
BRC100645,Item 645,55.37,410
BRC100646,Item 646,88.5,164
BRC100647,Item 647,93.01,14
BRC100648,Item 648,1.79,345
BRC100649,Item 649,39.11,28
BRC100650,Item 650,19.97,46
BRC100651,Item 651,82.02,269
BRC100652,Item 652,47.45,356
BRC100653,Item 653,64.03,292
BRC100654,Item 654,40.77,411
BRC100655,Item 655,79.05,37
BRC100656,Item 656,68.43,212
BRC100657,Item 657,69.64,490
BRC100658,Item 658,58.23,61
BRC100659,Item 659,28.81,387
BRC100660,Item 660,65.49,217
BRC100661,Item 661,81.68,435
BRC100662,Item 662,14.33,150
BRC100663,Item 663,94.38,308
BRC100664,Item 664,12.93,162
BRC100665,Item 665,83.16,192
BRC100666,Item 666,2.57,288
BRC100667,Item 667,26.26,77
BRC100668,Item 668,57.95,79
BRC100669,Item 669,77.59,61
BRC100670,Item 670,89.15,349
BRC100671,Item 671,34.31,280
BRC100672,Item 672,26.75,278
BRC100673,Item 673,45.56,258
BRC100674,Item 674,77.5,117
BRC100675,Item 675,41.92,497
BRC100676,Item 676,8.26,282
BRC100677,Item 677,16.22,35
BRC100678,Item 678,51.46,300
BRC100679,Item 679,82.95,161
BRC100680,Item 680,69.35,276
BRC100681,Item 681,5.15,191
BRC100682,Item 682,65.62,315
BRC100683,Item 683,76.83,205
BRC100684,Item 684,71.08,492
BRC100685,Item 685,8.56,316
BRC100686,Item 686,80.39,442
BRC100687,Item 687,25.43,354
BRC100688,Item 688,31.39,377
BRC100689,Item 689,72.33,297
BRC100690,Item 690,64.27,235
BRC100691,Item 691,16.86,329
BRC100692,Item 692,69.27,454
BRC100693,Item 693,66.25,365
BRC100694,Item 694,28.88,364
BRC100695,Item 695,86.79,147
BRC100696,Item 696,4.67,247
BRC100697,Item 697,22.13,297
BRC100698,Item 698,42.77,98
BRC100699,Item 699,80.73,473
BRC100700,Item 700,67.02,449
BRC100701,Item 701,34.51,340
BRC100702,Item 702,56.29,484
BRC100703,Item 703,13.63,88
BRC100704,Item 704,88.15,19
BRC100705,Item 705,88.11,397
BRC100706,Item 706,21.95,308
BRC100707,Item 707,53.66,436
BRC100708,Item 708,63.99,427
BRC100709,Item 709,69.27,421
BRC100710,Item 710,35.99,96
BRC100711,Item 711,46.68,120
BRC100712,Item 712,69.55,122
BRC100713,Item 713,11.77,264
BRC100714,Item 714,96.23,488
BRC100715,Item 715,19.03,451
BRC100716,Item 716,56.97,108
BRC100717,Item 717,93.85,495
BRC100718,Item 718,54.84,326
BRC100719,Item 719,55.51,361
BRC100720,Item 720,65.33,265
BRC100721,Item 721,97.19,179
BRC100722,Item 722,75.62,270
BRC100723,Item 723,69.75,32
BRC100724,Item 724,72.01,203
BRC100725,Item 725,1.47,24
BRC100726,Item 726,4.96,116
BRC100727,Item 727,58.58,1
BRC100728,Item 728,52.51,213
BRC100729,Item 729,58.61,106
BRC100730,Item 730,75.01,218
BRC100731,Item 731,35.99,401
BRC100732,Item 732,30.93,14
BRC100733,Item 733,57.45,67
BRC100734,Item 734,6.84,316
BRC100735,Item 735,8.13,188
BRC100736,Item 736,13.17,382
BRC100737,Item 737,44.32,278
BRC100738,Item 738,5.38,38
BRC100739,Item 739,52.59,201
BRC100740,Item 740,49.5,276
BRC100741,Item 741,79.23,142
BRC100742,Item 742,54.87,87
BRC100743,Item 743,14.43,95
BRC100744,Item 744,63.16,144
BRC100745,Item 745,47.11,61
BRC100746,Item 746,15.6,277
BRC100747,Item 747,71.06,295
BRC100748,Item 748,52.46,466
BRC100749,Item 749,38.46,305
BRC100750,Item 750,61.06,358
BRC100751,Item 751,99.35,480
BRC100752,Item 752,16.36,422
BRC100753,Item 753,46.72,90
BRC100754,Item 754,61.22,82
BRC100755,Item 755,63.51,330
BRC100756,Item 756,85.75,372
BRC100757,Item 757,2.84,22
BRC100758,Item 758,45.43,203
BRC100759,Item 759,2.86,164
BRC100760,Item 760,19.87,472
BRC100761,Item 761,75.71,333
BRC100762,Item 762,71.58,464
BRC100763,Item 763,17.48,254
BRC100764,Item 764,46.7,443
BRC100765,Item 765,15.08,186
BRC100766,Item 766,50.03,139
BRC100767,Item 767,92.77,485
BRC100768,Item 768,29.64,435
BRC100769,Item 769,55.7,442
BRC100770,Item 770,83.23,177
BRC100771,Item 771,18.06,337
BRC100772,Item 772,73.08,376
BRC100773,Item 773,58.09,411
BRC100774,Item 774,56.63,197
BRC100775,Item 775,31.72,292
BRC100776,Item 776,23.97,136
BRC100777,Item 777,45.87,225
BRC100778,Item 778,66.26,409
BRC100779,Item 779,86.87,376
BRC100780,Item 780,99.78,337
BRC100781,Item 781,69.42,490
BRC100782,Item 782,20.94,94
BRC100783,Item 783,21.56,266
BRC100784,Item 784,96.3,271
BRC100785,Item 785,27.99,280
BRC100786,Item 786,57.48,288
BRC100787,Item 787,62.82,240
BRC100788,Item 788,70.52,459
BRC100789,Item 789,83.2,65
BRC100790,Item 790,63.66,411
BRC100791,Item 791,91.4,138
BRC100792,Item 792,1.44,256
BRC100793,Item 793,61.05,434
BRC100794,Item 794,95.48,84
BRC100795,Item 795,30.38,334
BRC100796,Item 796,17.91,45
BRC100797,Item 797,90.07,264
BRC100798,Item 798,86.53,209
BRC100799,Item 799,70.34,468
BRC100800,Item 800,28.58,78
BRC100801,Item 801,75.94,18
BRC100802,Item 802,57.24,163
BRC100803,Item 803,38.42,381
BRC100804,Item 804,74.59,449
BRC100805,Item 805,75.02,212
BRC100806,Item 806,10.63,97
BRC100807,Item 807,55.34,323
BRC100808,Item 808,1.3,404
BRC100809,Item 809,76.56,255
BRC100810,Item 810,53.07,272
BRC100811,Item 811,49.26,127
BRC100812,Item 812,36.28,289
BRC100813,Item 813,10.07,435
BRC100814,Item 814,19.2,91
BRC100815,Item 815,22.82,367
BRC100816,Item 816,60.17,321
BRC100817,Item 817,92.38,410
BRC100818,Item 818,38.71,89
BRC100819,Item 819,64.3,62
BRC100820,Item 820,65.66,336
BRC100821,Item 821,69.99,218
BRC100822,Item 822,11.82,192
BRC100823,Item 823,13.78,34
BRC100824,Item 824,20.46,395
BRC100825,Item 825,83.94,108
BRC100826,Item 826,9.5,215
BRC100827,Item 827,56.8,419
BRC100828,Item 828,70.5,31
BRC100829,Item 829,55.14,118
BRC100830,Item 830,60.33,412
BRC100831,Item 831,22.85,14
BRC100832,Item 832,26.92,265
BRC100833,Item 833,24.22,198
BRC100834,Item 834,68.1,453
BRC100835,Item 835,44.81,24
BRC100836,Item 836,15.55,116
BRC100837,Item 837,57.32,484
BRC100838,Item 838,20.85,40
BRC100839,Item 839,30.91,177
BRC100840,Item 840,52.23,224
BRC100841,Item 841,85.24,33
BRC100842,Item 842,2.41,11
BRC100843,Item 843,37.89,236
BRC100844,Item 844,25.03,455
BRC100845,Item 845,22.61,371
BRC100846,Item 846,40.38,86
BRC100847,Item 847,39.59,400
BRC100848,Item 848,44.54,417
BRC100849,Item 849,85.83,344
BRC100850,Item 850,61.44,285
BRC100851,Item 851,70.63,356
BRC100852,Item 852,83.08,303
BRC100853,Item 853,96.5,177
BRC100854,Item 854,23.07,243
BRC100855,Item 855,80.88,34
BRC100856,Item 856,54.18,100
BRC100857,Item 857,39.66,475
BRC100858,Item 858,18.99,451
BRC100859,Item 859,58.6,448
BRC100860,Item 860,90.05,315
BRC100861,Item 861,64.22,227
BRC100862,Item 862,20.27,398
BRC100863,Item 863,74.01,487
BRC100864,Item 864,53.24,132
BRC100865,Item 865,19.77,452
BRC100866,Item 866,58.36,235
BRC100867,Item 867,52.26,471
BRC100868,Item 868,43.75,454
BRC100869,Item 869,91.09,1
BRC100870,Item 870,86.13,273
BRC100871,Item 871,73.43,310
BRC100872,Item 872,37.67,102
BRC100873,Item 873,59.89,119
BRC100874,Item 874,26.38,362
BRC100875,Item 875,10.74,67
BRC100876,Item 876,79.73,223
BRC100877,Item 877,20.93,363
BRC100878,Item 878,30.99,308
BRC100879,Item 879,86.43,212
BRC100880,Item 880,44.78,159
BRC100881,Item 881,91.18,352
BRC100882,Item 882,61.7,420
BRC100883,Item 883,95.94,121
BRC100884,Item 884,38.7,446
BRC100885,Item 885,74.95,120
BRC100886,Item 886,31.3,327
BRC100887,Item 887,55.39,460
BRC100888,Item 888,24.84,314
BRC100889,Item 889,42.12,258
BRC100890,Item 890,2.73,363
BRC100891,Item 891,4.42,282
BRC100892,Item 892,64.86,445
BRC100893,Item 893,34.83,180
BRC100894,Item 894,90.53,35
BRC100895,Item 895,27.13,31
BRC100896,Item 896,42.82,475
BRC100897,Item 897,43.6,354
BRC100898,Item 898,15.36,104
BRC100899,Item 899,25.14,257
BRC100900,Item 900,56.01,310
BRC100901,Item 901,84.77,76
BRC100902,Item 902,84.62,448
BRC100903,Item 903,39.49,336
BRC100904,Item 904,21.94,63
BRC100905,Item 905,81.57,267
BRC100906,Item 906,58.34,114
BRC100907,Item 907,29.63,12
BRC100908,Item 908,18.33,332
BRC100909,Item 909,9.19,359
BRC100910,Item 910,9.68,172
BRC100911,Item 911,37.94,39
BRC100912,Item 912,96.4,286
BRC100913,Item 913,14.89,342
BRC100914,Item 914,15.02,166
BRC100915,Item 915,26.09,219
BRC100916,Item 916,93.15,321
BRC100917,Item 917,8.17,56
BRC100918,Item 918,56.75,300
BRC100919,Item 919,6.36,198
BRC100920,Item 920,29.71,332
BRC100921,Item 921,94.18,81
BRC100922,Item 922,1.63,198
BRC100923,Item 923,13.84,15
BRC100924,Item 924,37.49,419
BRC100925,Item 925,4.2,342
BRC100926,Item 926,9.49,61
BRC100927,Item 927,67.11,489
BRC100928,Item 928,41.99,406
BRC100929,Item 929,36.63,110
BRC100930,Item 930,89.88,94
BRC100931,Item 931,62.65,15
BRC100932,Item 932,60.35,40
BRC100933,Item 933,16.97,280
BRC100934,Item 934,54.47,326
BRC100935,Item 935,84.37,477
BRC100936,Item 936,1.05,323
BRC100937,Item 937,56.77,309
BRC100938,Item 938,14.4,99
BRC100939,Item 939,52.32,485
BRC100940,Item 940,41.03,245
BRC100941,Item 941,56.0,499
BRC100942,Item 942,57.78,231
BRC100943,Item 943,13.18,255
BRC100944,Item 944,93.21,144
BRC100945,Item 945,67.54,128
BRC100946,Item 946,3.41,202
BRC100947,Item 947,87.92,93
BRC100948,Item 948,22.61,96
BRC100949,Item 949,35.46,208
BRC100950,Item 950,14.92,138
BRC100951,Item 951,11.82,321
BRC100952,Item 952,16.09,113
BRC100953,Item 953,34.42,356
BRC100954,Item 954,41.6,488
BRC100955,Item 955,49.96,449
BRC100956,Item 956,72.12,370
BRC100957,Item 957,39.2,139
BRC100958,Item 958,77.14,493
BRC100959,Item 959,1.29,493
BRC100960,Item 960,15.51,27
BRC100961,Item 961,52.06,349
BRC100962,Item 962,84.1,464
BRC100963,Item 963,66.97,79
BRC100964,Item 964,66.16,82
BRC100965,Item 965,29.96,156
BRC100966,Item 966,42.13,428
BRC100967,Item 967,11.72,130
BRC100968,Item 968,9.81,377
BRC100969,Item 969,35.13,204
BRC100970,Item 970,68.28,463
BRC100971,Item 971,57.07,497
BRC100972,Item 972,94.75,147
BRC100973,Item 973,79.42,325
BRC100974,Item 974,91.91,141
BRC100975,Item 975,57.85,444
BRC100976,Item 976,47.85,37
BRC100977,Item 977,73.56,388
BRC100978,Item 978,2.59,21
BRC100979,Item 979,83.09,74
BRC100980,Item 980,22.57,244
BRC100981,Item 981,32.35,259
BRC100982,Item 982,16.33,277
BRC100983,Item 983,28.58,293
BRC100984,Item 984,47.48,230
BRC100985,Item 985,75.66,179
BRC100986,Item 986,73.3,283
BRC100987,Item 987,49.62,436
BRC100988,Item 988,70.77,34
BRC100989,Item 989,2.07,423
BRC100990,Item 990,24.85,114
BRC100991,Item 991,10.54,106
BRC100992,Item 992,51.5,362
BRC100993,Item 993,7.49,87
BRC100994,Item 994,22.09,331
BRC100995,Item 995,38.37,199
BRC100996,Item 996,2.49,493
BRC100997,Item 997,76.82,218
BRC100998,Item 998,73.27,125
BRC100999,Item 999,39.88,41
BRC101000,Item 1000,13.21,404
BRC101001,Item 1001,60.84,112
BRC101002,Item 1002,47.71,412
BRC101003,Item 1003,19.94,278
BRC101004,Item 1004,5.1,459
BRC101005,Item 1005,54.2,181
BRC101006,Item 1006,55.24,276
BRC101007,Item 1007,19.65,105
BRC101008,Item 1008,90.57,168
BRC101009,Item 1009,72.93,149
BRC101010,Item 1010,61.4,85
BRC101011,Item 1011,82.6,425
BRC101012,Item 1012,44.17,20
BRC101013,Item 1013,62.77,473
BRC101014,Item 1014,26.21,236
BRC101015,Item 1015,10.9,363
BRC101016,Item 1016,15.32,484
BRC101017,Item 1017,19.87,150
BRC101018,Item 1018,62.76,271
BRC101019,Item 1019,69.67,17
BRC101020,Item 1020,20.03,183
BRC101021,Item 1021,94.83,190
BRC101022,Item 1022,54.62,23
BRC101023,Item 1023,20.76,369
BRC101024,Item 1024,48.81,13
BRC101025,Item 1025,21.19,493
BRC101026,Item 1026,23.06,137
BRC101027,Item 1027,10.79,295
BRC101028,Item 1028,22.05,16
BRC101029,Item 1029,97.05,137
BRC101030,Item 1030,19.38,329
BRC101031,Item 1031,18.96,423
BRC101032,Item 1032,61.71,128
BRC101033,Item 1033,34.0,289
BRC101034,Item 1034,80.82,246
BRC101035,Item 1035,22.68,147
BRC101036,Item 1036,28.5,252
BRC101037,Item 1037,16.85,54
BRC101038,Item 1038,55.27,431
BRC101039,Item 1039,67.64,171
BRC101040,Item 1040,42.01,498
BRC101041,Item 1041,66.97,274
BRC101042,Item 1042,29.53,153
BRC101043,Item 1043,83.31,253
BRC101044,Item 1044,59.96,350
BRC101045,Item 1045,88.57,291
BRC101046,Item 1046,9.94,167
BRC101047,Item 1047,71.72,451
BRC101048,Item 1048,55.91,199
BRC101049,Item 1049,48.05,341
BRC101050,Item 1050,29.69,217
BRC101051,Item 1051,89.11,443
BRC101052,Item 1052,97.9,492
BRC101053,Item 1053,30.2,452
BRC101054,Item 1054,15.46,238
BRC101055,Item 1055,96.79,5
BRC101056,Item 1056,5.29,315
BRC101057,Item 1057,94.66,500
BRC101058,Item 1058,50.66,379
BRC101059,Item 1059,12.84,324
BRC101060,Item 1060,50.93,272
BRC101061,Item 1061,87.42,456
BRC101062,Item 1062,97.63,241
BRC101063,Item 1063,7.41,22
BRC101064,Item 1064,39.33,28
BRC101065,Item 1065,31.87,214
BRC101066,Item 1066,36.13,263
BRC101067,Item 1067,24.92,133
BRC101068,Item 1068,52.63,242
BRC101069,Item 1069,34.72,125
BRC101070,Item 1070,87.04,182
BRC101071,Item 1071,62.55,126
BRC101072,Item 1072,27.17,323
BRC101073,Item 1073,46.61,61
BRC101074,Item 1074,7.02,6
BRC101075,Item 1075,95.13,46
BRC101076,Item 1076,23.9,145
BRC101077,Item 1077,10.42,90
BRC101078,Item 1078,13.62,336
BRC101079,Item 1079,31.81,98
BRC101080,Item 1080,11.1,167
BRC101081,Item 1081,42.02,228
BRC101082,Item 1082,44.52,389
BRC101083,Item 1083,18.41,251
BRC101084,Item 1084,92.72,427
BRC101085,Item 1085,33.51,207
BRC101086,Item 1086,39.25,117
BRC101087,Item 1087,76.91,382
BRC101088,Item 1088,66.62,435
BRC101089,Item 1089,30.94,112
BRC101090,Item 1090,7.64,323
BRC101091,Item 1091,91.52,2
BRC101092,Item 1092,37.65,128
BRC101093,Item 1093,36.21,135
BRC101094,Item 1094,84.12,365
BRC101095,Item 1095,31.05,456
BRC101096,Item 1096,52.1,253
BRC101097,Item 1097,86.36,327
BRC101098,Item 1098,85.84,362
BRC101099,Item 1099,29.83,132
BRC101100,Item 1100,40.35,394
BRC101101,Item 1101,40.8,241
BRC101102,Item 1102,39.96,491
BRC101103,Item 1103,72.82,439
BRC101104,Item 1104,9.32,57
BRC101105,Item 1105,83.72,82
BRC101106,Item 1106,88.2,450
BRC101107,Item 1107,14.43,361
BRC101108,Item 1108,64.19,15
BRC101109,Item 1109,50.66,15
BRC101110,Item 1110,87.13,145
BRC101111,Item 1111,74.59,155
BRC101112,Item 1112,54.56,387
BRC101113,Item 1113,61.58,436
BRC101114,Item 1114,56.52,27
BRC101115,Item 1115,86.8,60
BRC101116,Item 1116,1.18,158
BRC101117,Item 1117,62.58,498
BRC101118,Item 1118,71.41,35
BRC101119,Item 1119,70.95,303
BRC101120,Item 1120,28.65,71
BRC101121,Item 1121,92.9,169
BRC101122,Item 1122,65.18,35
BRC101123,Item 1123,97.42,400
BRC101124,Item 1124,7.09,231
BRC101125,Item 1125,74.35,385
BRC101126,Item 1126,3.72,39
BRC101127,Item 1127,85.71,281
BRC101128,Item 1128,18.87,78
BRC101129,Item 1129,78.3,209
BRC101130,Item 1130,51.86,88
BRC101131,Item 1131,73.31,19
BRC101132,Item 1132,16.44,473
BRC101133,Item 1133,94.04,166
BRC101134,Item 1134,44.15,338
BRC101135,Item 1135,56.86,79
BRC101136,Item 1136,67.53,16
BRC101137,Item 1137,48.21,278
BRC101138,Item 1138,2.36,251
BRC101139,Item 1139,9.59,149
BRC101140,Item 1140,7.29,159
BRC101141,Item 1141,31.15,217
BRC101142,Item 1142,4.54,49
BRC101143,Item 1143,42.95,402
BRC101144,Item 1144,55.36,268
BRC101145,Item 1145,25.0,109
BRC101146,Item 1146,60.66,258
BRC101147,Item 1147,23.7,50
BRC101148,Item 1148,45.02,319
BRC101149,Item 1149,79.4,365
BRC101150,Item 1150,30.73,267
BRC101151,Item 1151,14.66,382
BRC101152,Item 1152,57.73,9
BRC101153,Item 1153,43.28,91
BRC101154,Item 1154,40.1,43
BRC101155,Item 1155,60.61,499
BRC101156,Item 1156,68.69,104
BRC101157,Item 1157,16.42,210
BRC101158,Item 1158,1.67,8
BRC101159,Item 1159,21.4,370
BRC101160,Item 1160,1.99,37
BRC101161,Item 1161,14.45,58
BRC101162,Item 1162,57.01,484
BRC101163,Item 1163,50.58,200
BRC101164,Item 1164,88.89,155
BRC101165,Item 1165,73.53,397
BRC101166,Item 1166,17.27,171
BRC101167,Item 1167,92.38,183
BRC101168,Item 1168,11.95,320
BRC101169,Item 1169,1.85,107
BRC101170,Item 1170,60.36,496
BRC101171,Item 1171,42.56,52
BRC101172,Item 1172,72.34,293
BRC101173,Item 1173,70.52,409
BRC101174,Item 1174,41.09,83
BRC101175,Item 1175,45.89,354
BRC101176,Item 1176,38.29,422
BRC101177,Item 1177,94.68,277
BRC101178,Item 1178,17.46,217
BRC101179,Item 1179,52.5,188
BRC101180,Item 1180,14.42,430
BRC101181,Item 1181,97.91,64
BRC101182,Item 1182,19.63,43
BRC101183,Item 1183,76.32,189
BRC101184,Item 1184,78.34,460
BRC101185,Item 1185,88.65,119
BRC101186,Item 1186,44.88,328
BRC101187,Item 1187,53.92,185
BRC101188,Item 1188,25.8,183
BRC101189,Item 1189,17.97,432
BRC101190,Item 1190,75.99,146
BRC101191,Item 1191,39.13,343
BRC101192,Item 1192,25.17,369
BRC101193,Item 1193,26.26,39
BRC101194,Item 1194,41.2,397
BRC101195,Item 1195,29.18,294
BRC101196,Item 1196,46.43,301
BRC101197,Item 1197,75.59,483
BRC101198,Item 1198,52.52,368
BRC101199,Item 1199,27.87,243
BRC101200,Item 1200,83.25,156
BRC101201,Item 1201,75.22,162
BRC101202,Item 1202,34.21,456
BRC101203,Item 1203,46.91,386
BRC101204,Item 1204,59.57,368
BRC101205,Item 1205,35.19,468
BRC101206,Item 1206,50.46,479
BRC101207,Item 1207,3.76,80
BRC101208,Item 1208,75.06,249
BRC101209,Item 1209,64.98,38
BRC101210,Item 1210,20.33,389
BRC101211,Item 1211,13.72,437
BRC101212,Item 1212,26.34,220
BRC101213,Item 1213,66.98,38
BRC101214,Item 1214,25.79,72
BRC101215,Item 1215,80.78,445
BRC101216,Item 1216,66.45,169
BRC101217,Item 1217,92.33,496
BRC101218,Item 1218,22.98,93
BRC101219,Item 1219,28.53,197
BRC101220,Item 1220,76.57,370
BRC101221,Item 1221,21.67,11
BRC101222,Item 1222,25.5,273
BRC101223,Item 1223,1.38,299
BRC101224,Item 1224,10.88,349
BRC101225,Item 1225,38.38,165
BRC101226,Item 1226,58.67,117
BRC101227,Item 1227,61.44,296
BRC101228,Item 1228,33.56,368
BRC101229,Item 1229,64.09,272
BRC101230,Item 1230,71.65,224
BRC101231,Item 1231,85.06,204
BRC101232,Item 1232,36.59,84
BRC101233,Item 1233,33.19,350
BRC101234,Item 1234,57.54,178
BRC101235,Item 1235,61.34,93
BRC101236,Item 1236,79.6,61
BRC101237,Item 1237,20.02,452
BRC101238,Item 1238,76.94,412
BRC101239,Item 1239,20.78,50
BRC101240,Item 1240,6.26,111
BRC101241,Item 1241,9.1,30
BRC101242,Item 1242,28.62,458
BRC101243,Item 1243,22.56,338
BRC101244,Item 1244,78.89,253
BRC101245,Item 1245,78.4,31
BRC101246,Item 1246,39.3,457
BRC101247,Item 1247,45.27,387
BRC101248,Item 1248,20.29,291
BRC101249,Item 1249,43.26,257
BRC101250,Item 1250,28.89,438
BRC101251,Item 1251,99.92,457
BRC101252,Item 1252,67.8,121
BRC101253,Item 1253,44.41,401
BRC101254,Item 1254,36.57,42
BRC101255,Item 1255,48.4,325
BRC101256,Item 1256,44.36,73
BRC101257,Item 1257,20.67,49
BRC101258,Item 1258,9.11,300
BRC101259,Item 1259,33.03,152
BRC101260,Item 1260,25.46,157
BRC101261,Item 1261,69.04,450
BRC101262,Item 1262,74.83,277
BRC101263,Item 1263,37.18,246
BRC101264,Item 1264,67.88,80
BRC101265,Item 1265,89.05,146
BRC101266,Item 1266,17.18,207
BRC101267,Item 1267,54.48,395
BRC101268,Item 1268,79.77,1
BRC101269,Item 1269,22.57,302
BRC101270,Item 1270,93.5,135
BRC101271,Item 1271,23.17,84
BRC101272,Item 1272,98.16,454
BRC101273,Item 1273,95.65,99
BRC101274,Item 1274,18.61,130
BRC101275,Item 1275,77.08,287
BRC101276,Item 1276,72.18,58
BRC101277,Item 1277,26.02,409
BRC101278,Item 1278,80.43,480
BRC101279,Item 1279,46.62,215
BRC101280,Item 1280,22.44,190
BRC101281,Item 1281,67.42,212
BRC101282,Item 1282,50.09,203
BRC101283,Item 1283,50.53,222
BRC101284,Item 1284,8.1,419
BRC101285,Item 1285,72.09,140
BRC101286,Item 1286,6.1,463
BRC101287,Item 1287,73.63,49
BRC101288,Item 1288,42.81,141
BRC101289,Item 1289,99.77,285
BRC101290,Item 1290,35.82,337
BRC101291,Item 1291,57.85,19
BRC101292,Item 1292,88.12,295
BRC101293,Item 1293,28.85,121
BRC101294,Item 1294,45.68,90
BRC101295,Item 1295,27.35,225
BRC101296,Item 1296,12.79,70
BRC101297,Item 1297,75.65,395
BRC101298,Item 1298,68.37,468
BRC101299,Item 1299,97.38,11
BRC101300,Item 1300,58.15,345
BRC101301,Item 1301,87.8,62
BRC101302,Item 1302,65.17,10
BRC101303,Item 1303,32.7,133
BRC101304,Item 1304,74.13,143
BRC101305,Item 1305,55.02,61
BRC101306,Item 1306,53.84,123
BRC101307,Item 1307,78.33,410
BRC101308,Item 1308,59.75,103
BRC101309,Item 1309,38.73,309
BRC101310,Item 1310,51.67,454
BRC101311,Item 1311,85.27,328
BRC101312,Item 1312,24.1,54
BRC101313,Item 1313,93.96,449
BRC101314,Item 1314,53.4,5
BRC101315,Item 1315,79.36,230
BRC101316,Item 1316,38.47,422
BRC101317,Item 1317,40.17,268
BRC101318,Item 1318,41.29,185
BRC101319,Item 1319,56.82,73
BRC101320,Item 1320,10.19,300
BRC101321,Item 1321,73.3,145
BRC101322,Item 1322,17.85,13
BRC101323,Item 1323,38.59,63
BRC101324,Item 1324,31.88,244
BRC101325,Item 1325,37.66,213
BRC101326,Item 1326,35.59,1
BRC101327,Item 1327,40.81,86
BRC101328,Item 1328,10.96,67
BRC101329,Item 1329,48.54,115
BRC101330,Item 1330,58.0,218
BRC101331,Item 1331,21.78,22
BRC101332,Item 1332,25.78,258
BRC101333,Item 1333,81.56,106
BRC101334,Item 1334,31.05,158
BRC101335,Item 1335,91.46,424
BRC101336,Item 1336,6.46,348
BRC101337,Item 1337,16.76,309
BRC101338,Item 1338,16.56,307
BRC101339,Item 1339,23.63,283
BRC101340,Item 1340,26.81,304
BRC101341,Item 1341,51.51,100
BRC101342,Item 1342,22.53,462
BRC101343,Item 1343,54.65,421
BRC101344,Item 1344,13.7,35
BRC101345,Item 1345,97.46,328
BRC101346,Item 1346,23.35,500
BRC101347,Item 1347,38.62,162
BRC101348,Item 1348,83.11,301
BRC101349,Item 1349,77.94,367
BRC101350,Item 1350,23.14,236
BRC101351,Item 1351,73.26,374
BRC101352,Item 1352,88.19,301
BRC101353,Item 1353,57.84,184
BRC101354,Item 1354,13.75,300
BRC101355,Item 1355,97.34,269
BRC101356,Item 1356,49.87,451
BRC101357,Item 1357,58.74,8
BRC101358,Item 1358,94.73,291
BRC101359,Item 1359,19.21,300
BRC101360,Item 1360,7.93,234
BRC101361,Item 1361,13.26,489
BRC101362,Item 1362,86.67,313
BRC101363,Item 1363,89.33,381
BRC101364,Item 1364,23.57,212
BRC101365,Item 1365,53.27,169
BRC101366,Item 1366,93.13,456
BRC101367,Item 1367,67.66,447
BRC101368,Item 1368,67.97,355
BRC101369,Item 1369,65.45,74
BRC101370,Item 1370,53.74,474
BRC101371,Item 1371,79.31,376
BRC101372,Item 1372,91.62,299
BRC101373,Item 1373,66.89,303
BRC101374,Item 1374,54.05,438
BRC101375,Item 1375,22.24,192
BRC101376,Item 1376,27.96,434
BRC101377,Item 1377,71.43,229
BRC101378,Item 1378,99.69,360
BRC101379,Item 1379,47.28,174
BRC101380,Item 1380,14.92,438
BRC101381,Item 1381,73.88,332
BRC101382,Item 1382,22.5,198
BRC101383,Item 1383,38.62,83
BRC101384,Item 1384,17.68,310
BRC101385,Item 1385,58.5,225
BRC101386,Item 1386,80.72,348
BRC101387,Item 1387,21.21,2
BRC101388,Item 1388,55.36,1
BRC101389,Item 1389,88.36,301
BRC101390,Item 1390,39.48,485
BRC101391,Item 1391,41.64,348
BRC101392,Item 1392,51.9,497
BRC101393,Item 1393,78.12,81
BRC101394,Item 1394,55.43,77
BRC101395,Item 1395,96.64,152
BRC101396,Item 1396,10.22,230
BRC101397,Item 1397,59.28,89
BRC101398,Item 1398,65.07,119
BRC101399,Item 1399,28.69,262
BRC101400,Item 1400,21.77,3
BRC101401,Item 1401,68.02,16
BRC101402,Item 1402,51.75,368
BRC101403,Item 1403,75.67,471
BRC101404,Item 1404,25.07,103
BRC101405,Item 1405,87.91,167
BRC101406,Item 1406,99.0,236
BRC101407,Item 1407,59.95,129
BRC101408,Item 1408,9.85,123
BRC101409,Item 1409,44.9,51
BRC101410,Item 1410,73.29,299
BRC101411,Item 1411,50.39,138
BRC101412,Item 1412,65.41,106
BRC101413,Item 1413,50.21,82
BRC101414,Item 1414,63.25,371
BRC101415,Item 1415,36.84,383
BRC101416,Item 1416,95.19,54
BRC101417,Item 1417,78.14,321
BRC101418,Item 1418,45.31,125
BRC101419,Item 1419,89.36,44
BRC101420,Item 1420,70.62,415
BRC101421,Item 1421,51.89,124
BRC101422,Item 1422,16.33,296
BRC101423,Item 1423,20.13,284
BRC101424,Item 1424,51.63,325
BRC101425,Item 1425,23.96,331
BRC101426,Item 1426,2.81,211
BRC101427,Item 1427,86.33,404
BRC101428,Item 1428,13.97,230
BRC101429,Item 1429,52.11,115
BRC101430,Item 1430,75.72,145
BRC101431,Item 1431,92.52,463
BRC101432,Item 1432,29.39,229
BRC101433,Item 1433,48.19,147
BRC101434,Item 1434,82.59,173
BRC101435,Item 1435,52.85,335
BRC101436,Item 1436,72.01,360
BRC101437,Item 1437,77.92,280
BRC101438,Item 1438,35.02,295
BRC101439,Item 1439,96.58,359
BRC101440,Item 1440,8.18,388
BRC101441,Item 1441,20.77,381
BRC101442,Item 1442,45.44,295
BRC101443,Item 1443,13.31,344
BRC101444,Item 1444,28.22,58
BRC101445,Item 1445,66.68,313
BRC101446,Item 1446,84.35,219
BRC101447,Item 1447,47.3,395
BRC101448,Item 1448,70.49,442
BRC101449,Item 1449,63.8,255
BRC101450,Item 1450,66.95,434
BRC101451,Item 1451,5.62,364
BRC101452,Item 1452,44.7,178
BRC101453,Item 1453,66.76,181
BRC101454,Item 1454,88.8,37
BRC101455,Item 1455,13.9,86
BRC101456,Item 1456,75.87,431
BRC101457,Item 1457,27.93,100
BRC101458,Item 1458,35.94,366
BRC101459,Item 1459,64.06,340
BRC101460,Item 1460,8.72,196
BRC101461,Item 1461,84.36,403
BRC101462,Item 1462,96.9,299
BRC101463,Item 1463,10.8,397
BRC101464,Item 1464,95.96,197
BRC101465,Item 1465,91.22,368
BRC101466,Item 1466,58.83,449
BRC101467,Item 1467,88.38,419
BRC101468,Item 1468,36.29,370
BRC101469,Item 1469,39.23,160
BRC101470,Item 1470,61.48,309
BRC101471,Item 1471,24.52,475
BRC101472,Item 1472,16.26,255
BRC101473,Item 1473,93.88,288
BRC101474,Item 1474,32.48,448
BRC101475,Item 1475,69.06,438
BRC101476,Item 1476,62.39,340
BRC101477,Item 1477,52.09,179
BRC101478,Item 1478,5.6,169
BRC101479,Item 1479,25.87,217
BRC101480,Item 1480,4.77,148
BRC101481,Item 1481,39.81,11
BRC101482,Item 1482,82.17,24
BRC101483,Item 1483,19.61,458
BRC101484,Item 1484,97.22,231
BRC101485,Item 1485,55.19,455
BRC101486,Item 1486,90.39,299
BRC101487,Item 1487,4.13,382
BRC101488,Item 1488,53.14,496
BRC101489,Item 1489,12.33,485
BRC101490,Item 1490,1.57,420
BRC101491,Item 1491,47.82,351
BRC101492,Item 1492,47.5,209
BRC101493,Item 1493,3.13,364
BRC101494,Item 1494,91.97,77
BRC101495,Item 1495,22.23,237
BRC101496,Item 1496,5.76,87
BRC101497,Item 1497,45.04,363
BRC101498,Item 1498,96.82,482
BRC101499,Item 1499,52.89,241
BRC101500,Item 1500,22.02,366
BRC101501,Item 1501,68.5,240
BRC101502,Item 1502,20.17,186
BRC101503,Item 1503,29.64,167
BRC101504,Item 1504,87.93,144
BRC101505,Item 1505,22.96,158
BRC101506,Item 1506,65.78,279
BRC101507,Item 1507,39.67,436
BRC101508,Item 1508,40.97,280
BRC101509,Item 1509,26.72,446
BRC101510,Item 1510,28.11,439
BRC101511,Item 1511,41.34,144
BRC101512,Item 1512,6.55,277
BRC101513,Item 1513,76.54,287
BRC101514,Item 1514,27.87,1
BRC101515,Item 1515,61.88,422
BRC101516,Item 1516,85.08,396
BRC101517,Item 1517,38.24,160
BRC101518,Item 1518,68.51,63
BRC101519,Item 1519,99.04,446
BRC101520,Item 1520,6.68,244
BRC101521,Item 1521,14.38,71
BRC101522,Item 1522,98.5,325
BRC101523,Item 1523,84.82,226
BRC101524,Item 1524,61.85,415
BRC101525,Item 1525,54.65,250
BRC101526,Item 1526,20.09,23
BRC101527,Item 1527,12.61,221
BRC101528,Item 1528,71.71,173
BRC101529,Item 1529,31.77,36
BRC101530,Item 1530,4.88,256
BRC101531,Item 1531,77.12,40
BRC101532,Item 1532,37.31,227
BRC101533,Item 1533,44.44,78
BRC101534,Item 1534,89.79,423
BRC101535,Item 1535,54.73,251
BRC101536,Item 1536,56.02,36
BRC101537,Item 1537,77.4,91
BRC101538,Item 1538,78.4,453
BRC101539,Item 1539,40.88,201
BRC101540,Item 1540,62.26,323
BRC101541,Item 1541,46.09,368
BRC101542,Item 1542,45.64,422
BRC101543,Item 1543,81.34,129
BRC101544,Item 1544,91.98,281
BRC101545,Item 1545,41.05,220
BRC101546,Item 1546,15.76,279
BRC101547,Item 1547,7.3,225
BRC101548,Item 1548,37.53,222
BRC101549,Item 1549,78.86,134
BRC101550,Item 1550,67.66,453
BRC101551,Item 1551,84.54,98
BRC101552,Item 1552,37.6,435
BRC101553,Item 1553,8.72,130
BRC101554,Item 1554,36.48,209
BRC101555,Item 1555,12.12,38
BRC101556,Item 1556,65.81,131
BRC101557,Item 1557,37.59,229
BRC101558,Item 1558,36.41,239
BRC101559,Item 1559,71.81,32
BRC101560,Item 1560,82.35,264
BRC101561,Item 1561,65.95,105
BRC101562,Item 1562,48.64,165
BRC101563,Item 1563,46.96,382
BRC101564,Item 1564,68.74,406
BRC101565,Item 1565,62.73,259
BRC101566,Item 1566,64.79,469
BRC101567,Item 1567,6.27,497
BRC101568,Item 1568,23.08,280
BRC101569,Item 1569,99.8,321
BRC101570,Item 1570,45.28,96
BRC101571,Item 1571,33.17,312
BRC101572,Item 1572,71.22,432
BRC101573,Item 1573,44.21,428
BRC101574,Item 1574,24.97,50
BRC101575,Item 1575,72.44,87
BRC101576,Item 1576,25.43,127
BRC101577,Item 1577,11.73,198
BRC101578,Item 1578,8.29,446
BRC101579,Item 1579,12.59,448
BRC101580,Item 1580,61.8,362
BRC101581,Item 1581,67.14,353
BRC101582,Item 1582,85.63,380
BRC101583,Item 1583,94.58,444
BRC101584,Item 1584,53.78,437
BRC101585,Item 1585,63.76,495
BRC101586,Item 1586,33.76,99
BRC101587,Item 1587,74.0,21
BRC101588,Item 1588,47.99,299
BRC101589,Item 1589,15.19,437
BRC101590,Item 1590,56.94,441
BRC101591,Item 1591,67.8,493
BRC101592,Item 1592,41.78,288
BRC101593,Item 1593,5.7,204
BRC101594,Item 1594,3.59,1
BRC101595,Item 1595,28.37,243
BRC101596,Item 1596,59.36,203
BRC101597,Item 1597,13.96,141
BRC101598,Item 1598,15.89,230
BRC101599,Item 1599,6.68,81
BRC101600,Item 1600,60.3,36
BRC101601,Item 1601,58.57,224
BRC101602,Item 1602,67.35,37
BRC101603,Item 1603,27.56,264
BRC101604,Item 1604,87.34,287
BRC101605,Item 1605,30.99,392
BRC101606,Item 1606,10.76,22
BRC101607,Item 1607,9.31,440
BRC101608,Item 1608,56.09,412
BRC101609,Item 1609,64.92,282
BRC101610,Item 1610,93.48,68
BRC101611,Item 1611,4.96,270
BRC101612,Item 1612,21.03,14
BRC101613,Item 1613,46.69,428
BRC101614,Item 1614,21.1,59
BRC101615,Item 1615,42.0,63
BRC101616,Item 1616,5.86,413
BRC101617,Item 1617,79.42,176
BRC101618,Item 1618,94.77,381
BRC101619,Item 1619,20.22,1
BRC101620,Item 1620,18.29,56
BRC101621,Item 1621,27.28,90
BRC101622,Item 1622,38.52,398
BRC101623,Item 1623,50.12,23
BRC101624,Item 1624,76.44,281
BRC101625,Item 1625,29.87,475
BRC101626,Item 1626,74.33,96
BRC101627,Item 1627,56.76,362
BRC101628,Item 1628,27.38,445
BRC101629,Item 1629,83.45,441
BRC101630,Item 1630,68.52,138
BRC101631,Item 1631,17.21,431
BRC101632,Item 1632,14.59,9
BRC101633,Item 1633,30.45,53
BRC101634,Item 1634,82.91,41
BRC101635,Item 1635,37.45,41
BRC101636,Item 1636,86.26,21
BRC101637,Item 1637,68.76,194
BRC101638,Item 1638,28.57,244
BRC101639,Item 1639,32.66,266
BRC101640,Item 1640,88.91,263
BRC101641,Item 1641,80.09,86
BRC101642,Item 1642,89.52,230
BRC101643,Item 1643,80.94,272
BRC101644,Item 1644,96.81,27
BRC101645,Item 1645,75.29,31
BRC101646,Item 1646,84.61,7
BRC101647,Item 1647,27.42,163
BRC101648,Item 1648,71.84,43
BRC101649,Item 1649,26.81,48
BRC101650,Item 1650,72.18,41
BRC101651,Item 1651,97.31,295
BRC101652,Item 1652,35.73,366
BRC101653,Item 1653,68.46,372
BRC101654,Item 1654,2.42,480
BRC101655,Item 1655,99.22,492
BRC101656,Item 1656,17.33,500
BRC101657,Item 1657,58.56,387
BRC101658,Item 1658,60.41,133
BRC101659,Item 1659,95.87,241
BRC101660,Item 1660,1.21,182
BRC101661,Item 1661,9.94,26
BRC101662,Item 1662,32.15,44
BRC101663,Item 1663,44.21,288
BRC101664,Item 1664,88.39,72
BRC101665,Item 1665,52.33,439
BRC101666,Item 1666,38.22,121
BRC101667,Item 1667,58.26,224
BRC101668,Item 1668,95.54,42
BRC101669,Item 1669,1.11,8
BRC101670,Item 1670,73.72,500
BRC101671,Item 1671,99.46,259
BRC101672,Item 1672,2.97,289
BRC101673,Item 1673,47.53,10
BRC101674,Item 1674,27.8,345
BRC101675,Item 1675,33.93,61
BRC101676,Item 1676,71.11,241
BRC101677,Item 1677,42.94,223
BRC101678,Item 1678,25.22,159
BRC101679,Item 1679,67.55,80
BRC101680,Item 1680,84.4,44
BRC101681,Item 1681,85.69,26
BRC101682,Item 1682,23.24,315
BRC101683,Item 1683,83.03,393
BRC101684,Item 1684,34.33,6
BRC101685,Item 1685,67.48,111
BRC101686,Item 1686,99.27,195
BRC101687,Item 1687,35.56,96
BRC101688,Item 1688,55.53,1
BRC101689,Item 1689,13.4,162
BRC101690,Item 1690,32.75,319
BRC101691,Item 1691,18.2,471
BRC101692,Item 1692,4.15,308
BRC101693,Item 1693,50.61,29
BRC101694,Item 1694,18.42,499
BRC101695,Item 1695,43.78,92
BRC101696,Item 1696,30.18,469
BRC101697,Item 1697,24.54,66
BRC101698,Item 1698,66.07,40
BRC101699,Item 1699,79.02,346
BRC101700,Item 1700,27.22,62
BRC101701,Item 1701,93.25,242
BRC101702,Item 1702,68.24,117
BRC101703,Item 1703,7.93,189
BRC101704,Item 1704,20.84,145
BRC101705,Item 1705,7.63,439
BRC101706,Item 1706,59.53,177
BRC101707,Item 1707,7.65,355
BRC101708,Item 1708,41.56,314
BRC101709,Item 1709,87.59,178
BRC101710,Item 1710,70.3,170
BRC101711,Item 1711,12.86,405
BRC101712,Item 1712,38.61,426
BRC101713,Item 1713,45.14,64
BRC101714,Item 1714,37.8,294
BRC101715,Item 1715,43.26,446
BRC101716,Item 1716,63.01,175
BRC101717,Item 1717,56.17,285
BRC101718,Item 1718,12.33,424
BRC101719,Item 1719,63.92,388
BRC101720,Item 1720,44.89,223
BRC101721,Item 1721,80.21,132
BRC101722,Item 1722,29.62,58
BRC101723,Item 1723,38.09,416
BRC101724,Item 1724,93.95,33
BRC101725,Item 1725,98.36,442
BRC101726,Item 1726,32.5,4
BRC101727,Item 1727,98.8,376
BRC101728,Item 1728,68.25,268
BRC101729,Item 1729,47.49,71
BRC101730,Item 1730,40.17,81
BRC101731,Item 1731,69.03,77
BRC101732,Item 1732,53.1,19
BRC101733,Item 1733,65.79,93
BRC101734,Item 1734,12.64,445
BRC101735,Item 1735,60.51,17
BRC101736,Item 1736,48.54,426
BRC101737,Item 1737,98.12,93
BRC101738,Item 1738,78.91,222
BRC101739,Item 1739,69.11,373
BRC101740,Item 1740,94.71,122
BRC101741,Item 1741,25.26,50
BRC101742,Item 1742,61.99,462
BRC101743,Item 1743,48.43,163
BRC101744,Item 1744,49.05,81
BRC101745,Item 1745,93.0,199
BRC101746,Item 1746,13.08,364
BRC101747,Item 1747,46.41,277
BRC101748,Item 1748,94.46,102
BRC101749,Item 1749,46.67,106
BRC101750,Item 1750,80.56,489
BRC101751,Item 1751,25.15,57
BRC101752,Item 1752,96.3,302
BRC101753,Item 1753,52.52,261
BRC101754,Item 1754,38.43,193
BRC101755,Item 1755,86.54,416
BRC101756,Item 1756,93.06,8
BRC101757,Item 1757,30.42,14
BRC101758,Item 1758,9.93,217
BRC101759,Item 1759,46.74,83
BRC101760,Item 1760,87.78,7
BRC101761,Item 1761,38.93,277
BRC101762,Item 1762,42.05,146
BRC101763,Item 1763,34.05,376
BRC101764,Item 1764,1.62,22
BRC101765,Item 1765,3.15,338
BRC101766,Item 1766,22.84,270
BRC101767,Item 1767,31.14,494
BRC101768,Item 1768,43.83,219
BRC101769,Item 1769,4.4,73
BRC101770,Item 1770,40.88,141
BRC101771,Item 1771,32.82,271
BRC101772,Item 1772,7.69,223
BRC101773,Item 1773,46.64,247
BRC101774,Item 1774,67.57,478
BRC101775,Item 1775,16.19,349
BRC101776,Item 1776,39.86,199
BRC101777,Item 1777,93.35,24
BRC101778,Item 1778,2.24,85
BRC101779,Item 1779,13.28,57
BRC101780,Item 1780,12.44,493
BRC101781,Item 1781,15.51,294
BRC101782,Item 1782,70.08,307
BRC101783,Item 1783,82.49,317
BRC101784,Item 1784,65.34,401
BRC101785,Item 1785,10.78,31
BRC101786,Item 1786,37.26,83
BRC101787,Item 1787,45.57,401
BRC101788,Item 1788,24.39,443
BRC101789,Item 1789,59.6,411
BRC101790,Item 1790,81.78,85
BRC101791,Item 1791,11.46,143
BRC101792,Item 1792,78.62,323
BRC101793,Item 1793,8.34,285
BRC101794,Item 1794,35.21,155
BRC101795,Item 1795,56.65,360
BRC101796,Item 1796,8.35,205
BRC101797,Item 1797,73.44,295
BRC101798,Item 1798,31.27,321
BRC101799,Item 1799,64.69,368
BRC101800,Item 1800,69.19,168
BRC101801,Item 1801,30.25,273
BRC101802,Item 1802,77.97,54
BRC101803,Item 1803,31.74,311
BRC101804,Item 1804,52.97,373
BRC101805,Item 1805,17.41,211
BRC101806,Item 1806,89.23,49
BRC101807,Item 1807,78.27,187
BRC101808,Item 1808,19.27,166
BRC101809,Item 1809,64.74,434
BRC101810,Item 1810,47.53,287
BRC101811,Item 1811,14.34,168
BRC101812,Item 1812,65.39,307
BRC101813,Item 1813,50.27,372
BRC101814,Item 1814,72.07,491
BRC101815,Item 1815,17.26,487
BRC101816,Item 1816,42.12,85
BRC101817,Item 1817,80.54,346
BRC101818,Item 1818,37.68,188
BRC101819,Item 1819,11.55,372
BRC101820,Item 1820,87.44,404
BRC101821,Item 1821,26.86,26
BRC101822,Item 1822,79.6,418
BRC101823,Item 1823,7.77,451
BRC101824,Item 1824,95.1,99
BRC101825,Item 1825,81.17,414
BRC101826,Item 1826,2.8,479
BRC101827,Item 1827,9.57,156
BRC101828,Item 1828,95.75,382
BRC101829,Item 1829,35.33,40
BRC101830,Item 1830,17.33,465
BRC101831,Item 1831,31.83,95
BRC101832,Item 1832,77.91,111
BRC101833,Item 1833,13.9,468
BRC101834,Item 1834,85.3,24
BRC101835,Item 1835,70.9,94
BRC101836,Item 1836,74.15,310
BRC101837,Item 1837,1.99,413
BRC101838,Item 1838,75.75,2
BRC101839,Item 1839,66.75,248
BRC101840,Item 1840,59.18,132
BRC101841,Item 1841,96.24,217
BRC101842,Item 1842,35.34,123
BRC101843,Item 1843,79.31,372
BRC101844,Item 1844,95.91,469
BRC101845,Item 1845,18.14,217
BRC101846,Item 1846,36.11,480
BRC101847,Item 1847,81.7,122
BRC101848,Item 1848,5.0,344
BRC101849,Item 1849,65.56,245
BRC101850,Item 1850,62.45,487
BRC101851,Item 1851,81.92,384
BRC101852,Item 1852,25.26,89
BRC101853,Item 1853,23.93,480
BRC101854,Item 1854,3.55,446
BRC101855,Item 1855,78.23,158
BRC101856,Item 1856,5.46,456
BRC101857,Item 1857,6.88,56
BRC101858,Item 1858,58.23,449
BRC101859,Item 1859,45.49,373
BRC101860,Item 1860,65.5,161
BRC101861,Item 1861,57.47,421
BRC101862,Item 1862,23.57,480
BRC101863,Item 1863,23.86,488
BRC101864,Item 1864,57.09,261
BRC101865,Item 1865,70.73,126
BRC101866,Item 1866,74.99,265
BRC101867,Item 1867,74.33,90
BRC101868,Item 1868,71.46,133
BRC101869,Item 1869,43.79,476
BRC101870,Item 1870,37.13,210
BRC101871,Item 1871,96.13,78
BRC101872,Item 1872,67.3,243
BRC101873,Item 1873,86.94,435
BRC101874,Item 1874,42.52,396
BRC101875,Item 1875,54.05,401
BRC101876,Item 1876,19.71,29
BRC101877,Item 1877,8.97,421
BRC101878,Item 1878,99.8,494
BRC101879,Item 1879,17.68,217
BRC101880,Item 1880,22.33,46
BRC101881,Item 1881,24.23,190
BRC101882,Item 1882,89.43,245
BRC101883,Item 1883,47.3,418
BRC101884,Item 1884,10.2,327
BRC101885,Item 1885,34.39,243
BRC101886,Item 1886,3.68,192
BRC101887,Item 1887,42.35,3
BRC101888,Item 1888,38.53,210
BRC101889,Item 1889,53.8,366
BRC101890,Item 1890,20.82,232
BRC101891,Item 1891,59.85,355
BRC101892,Item 1892,11.23,84
BRC101893,Item 1893,2.93,16
BRC101894,Item 1894,99.86,181
BRC101895,Item 1895,97.52,449
BRC101896,Item 1896,94.81,468
BRC101897,Item 1897,52.39,57
BRC101898,Item 1898,28.71,38
BRC101899,Item 1899,66.35,406
BRC101900,Item 1900,78.58,85
BRC101901,Item 1901,97.95,56
BRC101902,Item 1902,53.3,208
BRC101903,Item 1903,25.92,69
BRC101904,Item 1904,41.63,400
BRC101905,Item 1905,69.7,245
BRC101906,Item 1906,2.02,227
BRC101907,Item 1907,81.04,258
BRC101908,Item 1908,20.38,285
BRC101909,Item 1909,46.13,286
BRC101910,Item 1910,25.46,106
BRC101911,Item 1911,1.85,309
BRC101912,Item 1912,67.51,226
BRC101913,Item 1913,52.68,69
BRC101914,Item 1914,99.84,24
BRC101915,Item 1915,17.63,369
BRC101916,Item 1916,92.32,125
BRC101917,Item 1917,30.8,332
BRC101918,Item 1918,59.66,64
BRC101919,Item 1919,46.44,254
BRC101920,Item 1920,28.51,81
BRC101921,Item 1921,12.6,460
BRC101922,Item 1922,51.65,469
BRC101923,Item 1923,71.53,22
BRC101924,Item 1924,37.63,367
BRC101925,Item 1925,97.86,101
BRC101926,Item 1926,92.54,451
BRC101927,Item 1927,32.21,182
BRC101928,Item 1928,30.6,423
BRC101929,Item 1929,78.48,381
BRC101930,Item 1930,48.74,221
BRC101931,Item 1931,29.61,88
BRC101932,Item 1932,77.32,259
BRC101933,Item 1933,8.19,430
BRC101934,Item 1934,29.91,208
BRC101935,Item 1935,99.3,318
BRC101936,Item 1936,90.34,158
BRC101937,Item 1937,39.5,167
BRC101938,Item 1938,94.29,5
BRC101939,Item 1939,54.2,39
BRC101940,Item 1940,47.96,478
BRC101941,Item 1941,34.32,253
BRC101942,Item 1942,98.86,274
BRC101943,Item 1943,96.18,400
BRC101944,Item 1944,4.06,180
BRC101945,Item 1945,93.66,349
BRC101946,Item 1946,43.24,242
BRC101947,Item 1947,85.69,342
BRC101948,Item 1948,4.41,361
BRC101949,Item 1949,75.45,110
BRC101950,Item 1950,23.62,444
BRC101951,Item 1951,47.96,175
BRC101952,Item 1952,88.03,445
BRC101953,Item 1953,35.86,77
BRC101954,Item 1954,83.68,256
BRC101955,Item 1955,92.27,333
BRC101956,Item 1956,14.92,337
BRC101957,Item 1957,8.12,454
BRC101958,Item 1958,37.58,269
BRC101959,Item 1959,81.82,448
BRC101960,Item 1960,63.0,348
BRC101961,Item 1961,95.3,451
BRC101962,Item 1962,94.98,84
BRC101963,Item 1963,15.65,7
BRC101964,Item 1964,21.05,291
BRC101965,Item 1965,61.06,30
BRC101966,Item 1966,81.1,380
BRC101967,Item 1967,64.62,211
BRC101968,Item 1968,40.76,178
BRC101969,Item 1969,36.78,125
BRC101970,Item 1970,81.6,162
BRC101971,Item 1971,32.66,336
BRC101972,Item 1972,62.31,442
BRC101973,Item 1973,18.41,266
BRC101974,Item 1974,93.64,7
BRC101975,Item 1975,1.48,154
BRC101976,Item 1976,51.94,126
BRC101977,Item 1977,10.48,430
BRC101978,Item 1978,63.8,438
BRC101979,Item 1979,65.03,432
BRC101980,Item 1980,35.97,277
BRC101981,Item 1981,82.57,494
BRC101982,Item 1982,82.35,91
BRC101983,Item 1983,60.42,39
BRC101984,Item 1984,15.08,447
BRC101985,Item 1985,12.96,365
BRC101986,Item 1986,5.46,439
BRC101987,Item 1987,56.37,294
BRC101988,Item 1988,61.09,448
BRC101989,Item 1989,27.55,189
BRC101990,Item 1990,73.97,184
BRC101991,Item 1991,40.5,223
BRC101992,Item 1992,45.11,452
BRC101993,Item 1993,87.08,420
BRC101994,Item 1994,26.22,499
BRC101995,Item 1995,87.66,133
BRC101996,Item 1996,86.78,499
BRC101997,Item 1997,70.69,421
BRC101998,Item 1998,32.07,399
BRC101999,Item 1999,92.2,239
BRC102000,Item 2000,69.77,67
BRC102001,Item 2001,60.16,66
BRC102002,Item 2002,60.81,102
BRC102003,Item 2003,1.49,309
BRC102004,Item 2004,82.02,459
BRC102005,Item 2005,6.07,345
BRC102006,Item 2006,90.32,16
BRC102007,Item 2007,44.78,77
BRC102008,Item 2008,2.36,476
BRC102009,Item 2009,2.47,102
BRC102010,Item 2010,29.07,380
BRC102011,Item 2011,75.21,111
BRC102012,Item 2012,94.75,338
BRC102013,Item 2013,86.16,470
BRC102014,Item 2014,24.08,106
BRC102015,Item 2015,21.81,440
BRC102016,Item 2016,89.92,368
BRC102017,Item 2017,62.89,95
BRC102018,Item 2018,70.52,145
BRC102019,Item 2019,59.08,151
BRC102020,Item 2020,22.68,253
BRC102021,Item 2021,21.49,131
BRC102022,Item 2022,53.49,108
BRC102023,Item 2023,65.88,300
BRC102024,Item 2024,55.78,341
BRC102025,Item 2025,87.26,279
BRC102026,Item 2026,35.11,117
BRC102027,Item 2027,13.17,466
BRC102028,Item 2028,66.24,38
BRC102029,Item 2029,91.17,150
BRC102030,Item 2030,40.03,402
BRC102031,Item 2031,56.3,122
BRC102032,Item 2032,66.91,30
BRC102033,Item 2033,32.17,118
BRC102034,Item 2034,3.99,225
BRC102035,Item 2035,77.31,18
BRC102036,Item 2036,82.36,147
BRC102037,Item 2037,88.5,17
BRC102038,Item 2038,9.03,146
BRC102039,Item 2039,71.01,47
BRC102040,Item 2040,3.16,414
BRC102041,Item 2041,87.45,116
BRC102042,Item 2042,9.58,171
BRC102043,Item 2043,62.41,368
BRC102044,Item 2044,45.06,90
BRC102045,Item 2045,69.63,33
BRC102046,Item 2046,39.93,152
BRC102047,Item 2047,69.24,158
BRC102048,Item 2048,30.81,277
BRC102049,Item 2049,54.93,485
BRC102050,Item 2050,94.75,357
BRC102051,Item 2051,60.73,482
BRC102052,Item 2052,51.48,331
BRC102053,Item 2053,83.78,322
BRC102054,Item 2054,6.56,255
BRC102055,Item 2055,23.74,257
BRC102056,Item 2056,74.18,123
BRC102057,Item 2057,4.05,192
BRC102058,Item 2058,54.73,260
BRC102059,Item 2059,90.12,51
BRC102060,Item 2060,19.99,331
BRC102061,Item 2061,75.71,366
BRC102062,Item 2062,81.51,66
BRC102063,Item 2063,3.02,58
BRC102064,Item 2064,80.95,89
BRC102065,Item 2065,41.76,430
BRC102066,Item 2066,33.72,317
BRC102067,Item 2067,25.98,221
BRC102068,Item 2068,29.58,7
BRC102069,Item 2069,69.83,441
BRC102070,Item 2070,69.03,247
BRC102071,Item 2071,81.67,467
BRC102072,Item 2072,38.36,487
BRC102073,Item 2073,87.22,63
BRC102074,Item 2074,75.93,164
BRC102075,Item 2075,97.11,205
BRC102076,Item 2076,72.71,323
BRC102077,Item 2077,96.69,238
BRC102078,Item 2078,51.42,124
BRC102079,Item 2079,95.65,245
BRC102080,Item 2080,14.33,65
BRC102081,Item 2081,30.75,342
BRC102082,Item 2082,2.47,445
BRC102083,Item 2083,30.07,52
BRC102084,Item 2084,22.37,283
BRC102085,Item 2085,50.62,185
BRC102086,Item 2086,68.52,81
BRC102087,Item 2087,48.68,65
BRC102088,Item 2088,51.07,443
BRC102089,Item 2089,51.3,203
BRC102090,Item 2090,59.84,387
BRC102091,Item 2091,55.62,257
BRC102092,Item 2092,72.31,316
BRC102093,Item 2093,3.18,141
BRC102094,Item 2094,2.8,86
BRC102095,Item 2095,70.72,189
BRC102096,Item 2096,65.5,387
BRC102097,Item 2097,4.16,431
BRC102098,Item 2098,21.33,306
BRC102099,Item 2099,56.14,366
BRC102100,Item 2100,92.78,25
BRC102101,Item 2101,27.13,480
BRC102102,Item 2102,73.13,204
BRC102103,Item 2103,78.56,293
BRC102104,Item 2104,87.08,499
BRC102105,Item 2105,70.29,472
BRC102106,Item 2106,73.6,404
BRC102107,Item 2107,91.49,461
BRC102108,Item 2108,32.54,303
BRC102109,Item 2109,52.81,368
BRC102110,Item 2110,43.79,154
BRC102111,Item 2111,16.34,464
BRC102112,Item 2112,44.03,115
BRC102113,Item 2113,35.47,476
BRC102114,Item 2114,10.42,84
BRC102115,Item 2115,53.61,189
BRC102116,Item 2116,99.39,427
BRC102117,Item 2117,85.74,438
BRC102118,Item 2118,84.31,352
BRC102119,Item 2119,56.15,415
BRC102120,Item 2120,78.91,417
BRC102121,Item 2121,9.87,250
BRC102122,Item 2122,86.84,498
BRC102123,Item 2123,10.15,202
BRC102124,Item 2124,75.07,236
BRC102125,Item 2125,92.82,29
BRC102126,Item 2126,33.84,339
BRC102127,Item 2127,85.81,256
BRC102128,Item 2128,5.07,208
BRC102129,Item 2129,68.9,428
BRC102130,Item 2130,83.57,326
BRC102131,Item 2131,79.19,330
BRC102132,Item 2132,56.89,231
BRC102133,Item 2133,1.63,479
BRC102134,Item 2134,87.85,378
BRC102135,Item 2135,27.73,344
BRC102136,Item 2136,82.45,298
BRC102137,Item 2137,93.8,112
BRC102138,Item 2138,67.96,72
BRC102139,Item 2139,73.21,247
BRC102140,Item 2140,50.69,58
BRC102141,Item 2141,44.13,419
BRC102142,Item 2142,93.32,154
BRC102143,Item 2143,26.85,308
BRC102144,Item 2144,44.12,343
BRC102145,Item 2145,73.66,291
BRC102146,Item 2146,73.87,402
BRC102147,Item 2147,4.57,327
BRC102148,Item 2148,27.54,254
BRC102149,Item 2149,9.68,339
BRC102150,Item 2150,87.22,311
BRC102151,Item 2151,28.79,61
BRC102152,Item 2152,43.96,18
BRC102153,Item 2153,19.68,484
BRC102154,Item 2154,58.8,240
BRC102155,Item 2155,11.17,175
BRC102156,Item 2156,52.67,159
BRC102157,Item 2157,99.38,241
BRC102158,Item 2158,50.4,426
BRC102159,Item 2159,48.05,117
BRC102160,Item 2160,31.33,324
BRC102161,Item 2161,16.07,164
BRC102162,Item 2162,33.24,154
BRC102163,Item 2163,98.06,123
BRC102164,Item 2164,93.93,97
BRC102165,Item 2165,25.8,279
BRC102166,Item 2166,75.02,86
BRC102167,Item 2167,64.49,482
BRC102168,Item 2168,29.3,275
BRC102169,Item 2169,20.84,439
BRC102170,Item 2170,99.52,392
BRC102171,Item 2171,13.31,483
BRC102172,Item 2172,9.09,189
BRC102173,Item 2173,70.46,177
BRC102174,Item 2174,62.38,215
BRC102175,Item 2175,68.51,63
BRC102176,Item 2176,6.65,483
BRC102177,Item 2177,88.13,10
BRC102178,Item 2178,25.0,267
BRC102179,Item 2179,69.48,254
BRC102180,Item 2180,49.63,315
BRC102181,Item 2181,36.04,437
BRC102182,Item 2182,25.74,202
BRC102183,Item 2183,23.46,116
BRC102184,Item 2184,38.49,131
BRC102185,Item 2185,35.09,296
BRC102186,Item 2186,83.76,61
BRC102187,Item 2187,28.76,331
BRC102188,Item 2188,8.78,156
BRC102189,Item 2189,17.93,110
BRC102190,Item 2190,26.16,87
BRC102191,Item 2191,36.75,398
BRC102192,Item 2192,72.34,460
BRC102193,Item 2193,12.43,178
BRC102194,Item 2194,2.55,61
BRC102195,Item 2195,67.01,248
BRC102196,Item 2196,57.57,88
BRC102197,Item 2197,4.16,467
BRC102198,Item 2198,81.93,457
BRC102199,Item 2199,36.96,72
BRC102200,Item 2200,30.88,212
BRC102201,Item 2201,54.81,445
BRC102202,Item 2202,10.39,338
BRC102203,Item 2203,86.91,155
BRC102204,Item 2204,60.16,54
BRC102205,Item 2205,75.7,3
BRC102206,Item 2206,48.42,177
BRC102207,Item 2207,62.35,441
BRC102208,Item 2208,24.38,36
BRC102209,Item 2209,25.42,363
BRC102210,Item 2210,9.57,51
BRC102211,Item 2211,39.57,395
BRC102212,Item 2212,62.53,246
BRC102213,Item 2213,20.48,451
BRC102214,Item 2214,33.25,296
BRC102215,Item 2215,1.24,352
BRC102216,Item 2216,89.82,13
BRC102217,Item 2217,43.87,154
BRC102218,Item 2218,1.11,401
BRC102219,Item 2219,70.77,211
BRC102220,Item 2220,28.78,289
BRC102221,Item 2221,57.76,434
BRC102222,Item 2222,30.94,282
BRC102223,Item 2223,95.71,3
BRC102224,Item 2224,98.32,209
BRC102225,Item 2225,21.99,90
BRC102226,Item 2226,31.88,58
BRC102227,Item 2227,13.93,400
BRC102228,Item 2228,94.64,318
BRC102229,Item 2229,63.1,5
BRC102230,Item 2230,1.16,431
BRC102231,Item 2231,34.95,142
BRC102232,Item 2232,61.05,370
BRC102233,Item 2233,50.1,292
BRC102234,Item 2234,83.26,16
BRC102235,Item 2235,21.38,205
BRC102236,Item 2236,76.1,269
BRC102237,Item 2237,98.31,358
BRC102238,Item 2238,24.67,334
BRC102239,Item 2239,26.84,118
BRC102240,Item 2240,18.54,71
BRC102241,Item 2241,95.43,104
BRC102242,Item 2242,70.36,49
BRC102243,Item 2243,68.89,27
BRC102244,Item 2244,90.1,17
BRC102245,Item 2245,14.49,273
BRC102246,Item 2246,81.67,348
BRC102247,Item 2247,44.45,229
BRC102248,Item 2248,29.92,281
BRC102249,Item 2249,91.49,161
BRC102250,Item 2250,92.36,335
BRC102251,Item 2251,97.85,182
BRC102252,Item 2252,32.17,430
BRC102253,Item 2253,92.57,43
BRC102254,Item 2254,96.45,34
BRC102255,Item 2255,91.37,85
BRC102256,Item 2256,54.77,238
BRC102257,Item 2257,75.23,51
BRC102258,Item 2258,83.66,374
BRC102259,Item 2259,25.09,442
BRC102260,Item 2260,83.33,10
BRC102261,Item 2261,9.89,44
BRC102262,Item 2262,10.18,403
BRC102263,Item 2263,12.72,306
BRC102264,Item 2264,14.56,383
BRC102265,Item 2265,22.97,411
BRC102266,Item 2266,46.46,335
BRC102267,Item 2267,61.37,395
BRC102268,Item 2268,67.63,204
BRC102269,Item 2269,17.96,292
BRC102270,Item 2270,58.56,120
BRC102271,Item 2271,3.48,344
BRC102272,Item 2272,82.83,46
BRC102273,Item 2273,1.8,355
BRC102274,Item 2274,48.74,311
BRC102275,Item 2275,42.37,101
BRC102276,Item 2276,45.31,25
BRC102277,Item 2277,86.36,288
BRC102278,Item 2278,95.64,20
BRC102279,Item 2279,29.2,138
BRC102280,Item 2280,57.75,151
BRC102281,Item 2281,74.11,262
BRC102282,Item 2282,10.98,471
BRC102283,Item 2283,6.55,361
BRC102284,Item 2284,67.73,263
BRC102285,Item 2285,55.33,421
BRC102286,Item 2286,80.47,380
BRC102287,Item 2287,85.44,319
BRC102288,Item 2288,48.59,246
BRC102289,Item 2289,28.8,423
BRC102290,Item 2290,56.55,323
BRC102291,Item 2291,6.91,142
BRC102292,Item 2292,32.79,477
BRC102293,Item 2293,21.45,431
BRC102294,Item 2294,98.04,220
BRC102295,Item 2295,65.95,342
BRC102296,Item 2296,29.75,47
BRC102297,Item 2297,61.52,249
BRC102298,Item 2298,32.11,37
BRC102299,Item 2299,41.04,249
BRC102300,Item 2300,47.89,23
BRC102301,Item 2301,92.13,240
BRC102302,Item 2302,61.42,80
BRC102303,Item 2303,26.23,377
BRC102304,Item 2304,40.66,3
BRC102305,Item 2305,69.67,483
BRC102306,Item 2306,88.42,257
BRC102307,Item 2307,67.63,386
BRC102308,Item 2308,84.9,328
BRC102309,Item 2309,28.16,311
BRC102310,Item 2310,55.5,42
BRC102311,Item 2311,35.64,161
BRC102312,Item 2312,99.0,145
BRC102313,Item 2313,64.23,484
BRC102314,Item 2314,38.33,313
BRC102315,Item 2315,35.72,435
BRC102316,Item 2316,66.63,2
BRC102317,Item 2317,37.24,414
BRC102318,Item 2318,7.66,254
BRC102319,Item 2319,62.84,213
BRC102320,Item 2320,6.0,235
BRC102321,Item 2321,95.78,445
BRC102322,Item 2322,57.76,242
BRC102323,Item 2323,94.45,462
BRC102324,Item 2324,59.55,291
BRC102325,Item 2325,12.52,7
BRC102326,Item 2326,19.56,42
BRC102327,Item 2327,69.19,475
BRC102328,Item 2328,6.94,262
BRC102329,Item 2329,81.16,455
BRC102330,Item 2330,50.61,119
BRC102331,Item 2331,32.37,195
BRC102332,Item 2332,47.03,418
BRC102333,Item 2333,74.73,72
BRC102334,Item 2334,54.77,398
BRC102335,Item 2335,84.12,340
BRC102336,Item 2336,22.51,328
BRC102337,Item 2337,13.41,400
BRC102338,Item 2338,92.52,476
BRC102339,Item 2339,39.82,78
BRC102340,Item 2340,22.1,42
BRC102341,Item 2341,50.8,60
BRC102342,Item 2342,95.04,252
BRC102343,Item 2343,93.92,202
BRC102344,Item 2344,90.6,245
BRC102345,Item 2345,37.68,56
BRC102346,Item 2346,22.58,75
BRC102347,Item 2347,46.76,323
BRC102348,Item 2348,81.58,83
BRC102349,Item 2349,46.79,478
BRC102350,Item 2350,25.28,339
BRC102351,Item 2351,31.64,128
BRC102352,Item 2352,56.59,45
BRC102353,Item 2353,80.15,411
BRC102354,Item 2354,6.26,144
BRC102355,Item 2355,1.51,302
BRC102356,Item 2356,78.64,406
BRC102357,Item 2357,20.35,186
BRC102358,Item 2358,92.6,96
BRC102359,Item 2359,25.22,422
BRC102360,Item 2360,20.42,337
BRC102361,Item 2361,75.17,416
BRC102362,Item 2362,12.98,75
BRC102363,Item 2363,46.75,235
BRC102364,Item 2364,44.09,212
BRC102365,Item 2365,93.05,293
BRC102366,Item 2366,41.32,163
BRC102367,Item 2367,52.39,319
BRC102368,Item 2368,48.27,410
BRC102369,Item 2369,95.91,406
BRC102370,Item 2370,69.42,495
BRC102371,Item 2371,22.42,87
BRC102372,Item 2372,83.34,283
BRC102373,Item 2373,87.1,101
BRC102374,Item 2374,77.4,465
BRC102375,Item 2375,34.63,406
BRC102376,Item 2376,61.46,492
BRC102377,Item 2377,41.46,101
BRC102378,Item 2378,43.74,323
BRC102379,Item 2379,98.66,321
BRC102380,Item 2380,9.17,296
BRC102381,Item 2381,5.94,285
BRC102382,Item 2382,36.72,343
BRC102383,Item 2383,72.03,188
BRC102384,Item 2384,78.51,17
BRC102385,Item 2385,11.21,64
BRC102386,Item 2386,97.02,364
BRC102387,Item 2387,34.78,107
BRC102388,Item 2388,56.55,363
BRC102389,Item 2389,37.44,157
BRC102390,Item 2390,26.63,338
BRC102391,Item 2391,77.5,480
BRC102392,Item 2392,99.49,91
BRC102393,Item 2393,84.76,28
BRC102394,Item 2394,45.92,214
BRC102395,Item 2395,28.5,477
BRC102396,Item 2396,14.56,366
BRC102397,Item 2397,83.49,390
BRC102398,Item 2398,12.04,121
BRC102399,Item 2399,36.68,212
BRC102400,Item 2400,6.94,286
BRC102401,Item 2401,81.04,113
BRC102402,Item 2402,54.07,107
BRC102403,Item 2403,57.66,202
BRC102404,Item 2404,4.15,248
BRC102405,Item 2405,40.47,105
BRC102406,Item 2406,96.92,13
BRC102407,Item 2407,88.46,237
BRC102408,Item 2408,22.28,417
BRC102409,Item 2409,93.71,441
BRC102410,Item 2410,79.07,18
BRC102411,Item 2411,7.73,4
BRC102412,Item 2412,89.92,335
BRC102413,Item 2413,91.33,301
BRC102414,Item 2414,27.03,265
BRC102415,Item 2415,48.05,454
BRC102416,Item 2416,89.5,91
BRC102417,Item 2417,20.42,454
BRC102418,Item 2418,75.61,318
BRC102419,Item 2419,58.73,183
BRC102420,Item 2420,8.9,199
BRC102421,Item 2421,42.28,184
BRC102422,Item 2422,10.34,428
BRC102423,Item 2423,75.08,110
BRC102424,Item 2424,47.51,380
BRC102425,Item 2425,54.11,309
BRC102426,Item 2426,38.24,485
BRC102427,Item 2427,80.88,462
BRC102428,Item 2428,14.54,200
BRC102429,Item 2429,79.34,91
BRC102430,Item 2430,29.15,402
BRC102431,Item 2431,22.55,427
BRC102432,Item 2432,6.24,470
BRC102433,Item 2433,97.89,277
BRC102434,Item 2434,67.83,423
BRC102435,Item 2435,71.36,317
BRC102436,Item 2436,92.0,114
BRC102437,Item 2437,89.2,181
BRC102438,Item 2438,56.28,390
BRC102439,Item 2439,67.82,265
BRC102440,Item 2440,11.94,235
BRC102441,Item 2441,54.55,458
BRC102442,Item 2442,62.88,402
BRC102443,Item 2443,59.22,339
BRC102444,Item 2444,72.48,126
BRC102445,Item 2445,85.78,109
BRC102446,Item 2446,55.94,189
BRC102447,Item 2447,59.82,322
BRC102448,Item 2448,13.72,398
BRC102449,Item 2449,22.01,161
BRC102450,Item 2450,90.14,87
BRC102451,Item 2451,28.29,172
BRC102452,Item 2452,80.51,47
BRC102453,Item 2453,80.88,357
BRC102454,Item 2454,29.4,122
BRC102455,Item 2455,25.8,417
BRC102456,Item 2456,40.13,277
BRC102457,Item 2457,85.09,9
BRC102458,Item 2458,83.84,334
BRC102459,Item 2459,34.28,230
BRC102460,Item 2460,72.82,191
BRC102461,Item 2461,91.65,127
BRC102462,Item 2462,78.17,52
BRC102463,Item 2463,94.25,396
BRC102464,Item 2464,41.97,484
BRC102465,Item 2465,8.06,464
BRC102466,Item 2466,60.45,449
BRC102467,Item 2467,10.72,281
BRC102468,Item 2468,14.86,415
BRC102469,Item 2469,36.11,285
BRC102470,Item 2470,67.73,385
BRC102471,Item 2471,18.24,342
BRC102472,Item 2472,8.11,98
BRC102473,Item 2473,96.51,333
BRC102474,Item 2474,14.66,399
BRC102475,Item 2475,23.76,423
BRC102476,Item 2476,61.11,192
BRC102477,Item 2477,1.45,310
BRC102478,Item 2478,8.38,295
BRC102479,Item 2479,92.13,431
BRC102480,Item 2480,66.27,217
BRC102481,Item 2481,57.78,210
BRC102482,Item 2482,38.33,227
BRC102483,Item 2483,89.27,474
BRC102484,Item 2484,43.77,4
BRC102485,Item 2485,85.89,280
BRC102486,Item 2486,24.24,395
BRC102487,Item 2487,14.06,128
BRC102488,Item 2488,80.7,198
BRC102489,Item 2489,23.41,140
BRC102490,Item 2490,48.71,354
BRC102491,Item 2491,53.33,266
BRC102492,Item 2492,98.34,414
BRC102493,Item 2493,64.87,454
BRC102494,Item 2494,40.04,401
BRC102495,Item 2495,64.05,35
BRC102496,Item 2496,64.25,350
BRC102497,Item 2497,89.97,388
BRC102498,Item 2498,16.79,87
BRC102499,Item 2499,97.76,361
BRC102500,Item 2500,97.63,109
BRC102501,Item 2501,57.01,362
BRC102502,Item 2502,77.46,49
BRC102503,Item 2503,18.24,12
BRC102504,Item 2504,43.74,476
BRC102505,Item 2505,24.63,132
BRC102506,Item 2506,10.16,340
BRC102507,Item 2507,1.97,210
BRC102508,Item 2508,60.09,41
BRC102509,Item 2509,85.81,235
BRC102510,Item 2510,72.56,475
BRC102511,Item 2511,96.02,111
BRC102512,Item 2512,27.35,392
BRC102513,Item 2513,16.52,433
BRC102514,Item 2514,89.2,11
BRC102515,Item 2515,66.77,171
BRC102516,Item 2516,9.47,110
BRC102517,Item 2517,75.79,389
BRC102518,Item 2518,68.17,75
BRC102519,Item 2519,12.11,381
BRC102520,Item 2520,72.29,488
BRC102521,Item 2521,89.53,241
BRC102522,Item 2522,74.13,426
BRC102523,Item 2523,93.81,80
BRC102524,Item 2524,90.02,127
BRC102525,Item 2525,78.35,52
BRC102526,Item 2526,38.29,279
BRC102527,Item 2527,92.93,57
BRC102528,Item 2528,92.97,328
BRC102529,Item 2529,10.7,55
BRC102530,Item 2530,80.76,379
BRC102531,Item 2531,39.5,251
BRC102532,Item 2532,68.76,55
BRC102533,Item 2533,53.58,304
BRC102534,Item 2534,37.4,113
BRC102535,Item 2535,40.04,122
BRC102536,Item 2536,53.2,486
BRC102537,Item 2537,34.07,230
BRC102538,Item 2538,93.25,410
BRC102539,Item 2539,83.73,488
BRC102540,Item 2540,43.08,18
BRC102541,Item 2541,83.62,330
BRC102542,Item 2542,58.14,311
BRC102543,Item 2543,98.54,38
BRC102544,Item 2544,56.25,149
BRC102545,Item 2545,48.96,279
BRC102546,Item 2546,89.66,140
BRC102547,Item 2547,74.19,366
BRC102548,Item 2548,63.72,113
BRC102549,Item 2549,11.17,422
BRC102550,Item 2550,21.45,373
BRC102551,Item 2551,22.74,434
BRC102552,Item 2552,72.85,242
BRC102553,Item 2553,72.75,499
BRC102554,Item 2554,39.18,487
BRC102555,Item 2555,91.14,441
BRC102556,Item 2556,3.02,98
BRC102557,Item 2557,50.8,398
BRC102558,Item 2558,38.43,81
BRC102559,Item 2559,67.91,152
BRC102560,Item 2560,25.86,115
BRC102561,Item 2561,70.95,358
BRC102562,Item 2562,90.83,475
BRC102563,Item 2563,28.79,310
BRC102564,Item 2564,54.71,11
BRC102565,Item 2565,74.17,69
BRC102566,Item 2566,1.13,232
BRC102567,Item 2567,11.01,293
BRC102568,Item 2568,13.56,368
BRC102569,Item 2569,75.22,15
BRC102570,Item 2570,13.03,57
BRC102571,Item 2571,94.86,337
BRC102572,Item 2572,96.83,15
BRC102573,Item 2573,87.91,385
BRC102574,Item 2574,71.31,452
BRC102575,Item 2575,19.22,91
BRC102576,Item 2576,18.44,122
BRC102577,Item 2577,65.97,138
BRC102578,Item 2578,2.01,17
BRC102579,Item 2579,64.07,262
BRC102580,Item 2580,44.39,360
BRC102581,Item 2581,95.48,416
BRC102582,Item 2582,8.68,310
BRC102583,Item 2583,91.33,218
BRC102584,Item 2584,29.59,461
BRC102585,Item 2585,81.17,207
BRC102586,Item 2586,75.64,304
BRC102587,Item 2587,7.49,84
BRC102588,Item 2588,93.49,254
BRC102589,Item 2589,51.73,173
BRC102590,Item 2590,12.87,53
BRC102591,Item 2591,40.37,295
BRC102592,Item 2592,38.74,39
BRC102593,Item 2593,45.18,477
BRC102594,Item 2594,49.29,435
BRC102595,Item 2595,50.85,324
BRC102596,Item 2596,18.27,110
BRC102597,Item 2597,96.66,343
BRC102598,Item 2598,84.61,473
BRC102599,Item 2599,2.75,154
BRC102600,Item 2600,1.91,344
BRC102601,Item 2601,97.53,238
BRC102602,Item 2602,92.7,497
BRC102603,Item 2603,19.68,475
BRC102604,Item 2604,18.79,43
BRC102605,Item 2605,25.03,147
BRC102606,Item 2606,92.29,121
BRC102607,Item 2607,12.29,139
BRC102608,Item 2608,11.94,394
BRC102609,Item 2609,67.4,404
BRC102610,Item 2610,43.97,9
BRC102611,Item 2611,92.69,268
BRC102612,Item 2612,38.88,40
BRC102613,Item 2613,4.56,307
BRC102614,Item 2614,23.13,65
BRC102615,Item 2615,63.28,169
BRC102616,Item 2616,19.01,281
BRC102617,Item 2617,86.75,466
BRC102618,Item 2618,4.18,133
BRC102619,Item 2619,1.6,101
BRC102620,Item 2620,20.18,366
BRC102621,Item 2621,4.12,492
BRC102622,Item 2622,21.02,20
BRC102623,Item 2623,60.25,59
BRC102624,Item 2624,42.86,112
BRC102625,Item 2625,47.2,215
BRC102626,Item 2626,94.68,377
BRC102627,Item 2627,81.44,413
BRC102628,Item 2628,96.06,434
BRC102629,Item 2629,21.05,491
BRC102630,Item 2630,81.06,495
BRC102631,Item 2631,99.2,193
BRC102632,Item 2632,87.23,28
BRC102633,Item 2633,4.88,228
BRC102634,Item 2634,80.35,150
BRC102635,Item 2635,98.32,395
BRC102636,Item 2636,20.2,482
BRC102637,Item 2637,3.87,417
BRC102638,Item 2638,63.34,69
BRC102639,Item 2639,90.39,365
BRC102640,Item 2640,81.16,440
BRC102641,Item 2641,24.46,81
BRC102642,Item 2642,25.53,247
BRC102643,Item 2643,92.06,347
BRC102644,Item 2644,15.77,55
BRC102645,Item 2645,17.41,86
BRC102646,Item 2646,57.22,57
BRC102647,Item 2647,32.78,106
BRC102648,Item 2648,21.93,117
BRC102649,Item 2649,10.04,318
BRC102650,Item 2650,19.75,423
BRC102651,Item 2651,79.68,221
BRC102652,Item 2652,17.92,114
BRC102653,Item 2653,9.15,394
BRC102654,Item 2654,75.96,354
BRC102655,Item 2655,85.16,357
BRC102656,Item 2656,75.99,89
BRC102657,Item 2657,87.66,340
BRC102658,Item 2658,49.16,443
BRC102659,Item 2659,55.19,45
BRC102660,Item 2660,7.69,6
BRC102661,Item 2661,32.98,205
BRC102662,Item 2662,30.77,70
BRC102663,Item 2663,51.1,337
BRC102664,Item 2664,69.62,429
BRC102665,Item 2665,24.03,10
BRC102666,Item 2666,1.62,198
BRC102667,Item 2667,38.76,385
BRC102668,Item 2668,21.33,274
BRC102669,Item 2669,11.8,295
BRC102670,Item 2670,30.45,138
BRC102671,Item 2671,52.97,244
BRC102672,Item 2672,15.99,497
BRC102673,Item 2673,22.36,388
BRC102674,Item 2674,93.02,32
BRC102675,Item 2675,49.85,117
BRC102676,Item 2676,41.82,228
BRC102677,Item 2677,8.56,254
BRC102678,Item 2678,45.13,107
BRC102679,Item 2679,15.87,227
BRC102680,Item 2680,93.44,115
BRC102681,Item 2681,41.21,404
BRC102682,Item 2682,55.48,483
BRC102683,Item 2683,19.64,436
BRC102684,Item 2684,91.19,379
BRC102685,Item 2685,73.33,305
BRC102686,Item 2686,89.9,14
BRC102687,Item 2687,49.13,341
BRC102688,Item 2688,37.09,383
BRC102689,Item 2689,20.68,343
BRC102690,Item 2690,13.99,323
BRC102691,Item 2691,29.79,160
BRC102692,Item 2692,73.73,460
BRC102693,Item 2693,47.86,28
BRC102694,Item 2694,24.01,304
BRC102695,Item 2695,33.54,318
BRC102696,Item 2696,92.9,441
BRC102697,Item 2697,76.16,212
BRC102698,Item 2698,10.58,217
BRC102699,Item 2699,84.12,486
BRC102700,Item 2700,82.41,452
BRC102701,Item 2701,23.3,392
BRC102702,Item 2702,33.42,18
BRC102703,Item 2703,7.91,238
BRC102704,Item 2704,44.37,126
BRC102705,Item 2705,19.95,316
BRC102706,Item 2706,68.53,442
BRC102707,Item 2707,73.74,263
BRC102708,Item 2708,91.25,404
BRC102709,Item 2709,41.72,57
BRC102710,Item 2710,46.42,357
BRC102711,Item 2711,79.59,197
BRC102712,Item 2712,1.82,303
BRC102713,Item 2713,83.23,354
BRC102714,Item 2714,93.71,125
BRC102715,Item 2715,75.91,150
BRC102716,Item 2716,20.02,457
BRC102717,Item 2717,73.0,477
BRC102718,Item 2718,77.63,396
BRC102719,Item 2719,62.59,204
BRC102720,Item 2720,60.35,224
BRC102721,Item 2721,86.32,426
BRC102722,Item 2722,27.16,334
BRC102723,Item 2723,78.74,374
BRC102724,Item 2724,96.88,109
BRC102725,Item 2725,55.78,312
BRC102726,Item 2726,22.1,175
BRC102727,Item 2727,66.17,176
BRC102728,Item 2728,5.39,364
BRC102729,Item 2729,53.64,244
BRC102730,Item 2730,65.18,463
BRC102731,Item 2731,34.5,193
BRC102732,Item 2732,29.52,287
BRC102733,Item 2733,9.31,148
BRC102734,Item 2734,58.66,271
BRC102735,Item 2735,82.84,344
BRC102736,Item 2736,92.81,438
BRC102737,Item 2737,7.81,245
BRC102738,Item 2738,33.13,94
BRC102739,Item 2739,13.74,336
BRC102740,Item 2740,32.88,340
BRC102741,Item 2741,27.94,331
BRC102742,Item 2742,47.74,255
BRC102743,Item 2743,40.79,68
BRC102744,Item 2744,10.95,150
BRC102745,Item 2745,17.36,307
BRC102746,Item 2746,21.21,91
BRC102747,Item 2747,67.09,408
BRC102748,Item 2748,51.79,354
BRC102749,Item 2749,98.44,427
BRC102750,Item 2750,83.14,88
BRC102751,Item 2751,77.05,334
BRC102752,Item 2752,58.11,246
BRC102753,Item 2753,72.29,332
BRC102754,Item 2754,24.44,432
BRC102755,Item 2755,88.31,496
BRC102756,Item 2756,56.54,298
BRC102757,Item 2757,7.82,307
BRC102758,Item 2758,44.63,443
BRC102759,Item 2759,16.39,438
BRC102760,Item 2760,56.84,322
BRC102761,Item 2761,1.26,154
BRC102762,Item 2762,52.25,473
BRC102763,Item 2763,56.5,442
BRC102764,Item 2764,18.16,116
BRC102765,Item 2765,62.58,151
BRC102766,Item 2766,58.43,171
BRC102767,Item 2767,47.86,263
BRC102768,Item 2768,28.35,282
BRC102769,Item 2769,60.9,110
BRC102770,Item 2770,53.87,262
BRC102771,Item 2771,3.77,58
BRC102772,Item 2772,22.45,266
BRC102773,Item 2773,60.89,208
BRC102774,Item 2774,99.57,436
BRC102775,Item 2775,66.61,369
BRC102776,Item 2776,26.2,378
BRC102777,Item 2777,98.83,348
BRC102778,Item 2778,99.49,6
BRC102779,Item 2779,88.19,421
BRC102780,Item 2780,56.05,327
BRC102781,Item 2781,22.2,76
BRC102782,Item 2782,65.08,198
BRC102783,Item 2783,70.11,494
BRC102784,Item 2784,23.98,497
BRC102785,Item 2785,66.39,283
BRC102786,Item 2786,30.29,286
BRC102787,Item 2787,64.07,440
BRC102788,Item 2788,71.73,39
BRC102789,Item 2789,71.05,320
BRC102790,Item 2790,64.64,9
BRC102791,Item 2791,11.5,467
BRC102792,Item 2792,14.86,22
BRC102793,Item 2793,31.93,212
BRC102794,Item 2794,94.57,185
BRC102795,Item 2795,47.7,3
BRC102796,Item 2796,40.85,426
BRC102797,Item 2797,44.86,110
BRC102798,Item 2798,11.48,50
BRC102799,Item 2799,10.61,421
BRC102800,Item 2800,31.25,203
BRC102801,Item 2801,61.62,16
BRC102802,Item 2802,16.91,323
BRC102803,Item 2803,53.94,301
BRC102804,Item 2804,46.48,427
BRC102805,Item 2805,23.42,293
BRC102806,Item 2806,83.81,345
BRC102807,Item 2807,87.56,12
BRC102808,Item 2808,45.69,456
BRC102809,Item 2809,84.73,71
BRC102810,Item 2810,93.96,237
BRC102811,Item 2811,17.84,160
BRC102812,Item 2812,76.65,324
BRC102813,Item 2813,39.73,89
BRC102814,Item 2814,9.23,284
BRC102815,Item 2815,21.7,216
BRC102816,Item 2816,55.47,143
BRC102817,Item 2817,44.88,175
BRC102818,Item 2818,96.21,40
BRC102819,Item 2819,38.16,15
BRC102820,Item 2820,2.35,274
BRC102821,Item 2821,82.8,302
BRC102822,Item 2822,56.53,118
BRC102823,Item 2823,78.54,267
BRC102824,Item 2824,6.67,432
BRC102825,Item 2825,63.75,170
BRC102826,Item 2826,44.3,123
BRC102827,Item 2827,5.89,152
BRC102828,Item 2828,67.59,340
BRC102829,Item 2829,69.78,164
BRC102830,Item 2830,37.73,332
BRC102831,Item 2831,44.2,32
BRC102832,Item 2832,4.28,418
BRC102833,Item 2833,59.53,139
BRC102834,Item 2834,85.96,149
BRC102835,Item 2835,49.54,347
BRC102836,Item 2836,62.07,229
BRC102837,Item 2837,57.85,3
BRC102838,Item 2838,1.12,223
BRC102839,Item 2839,49.95,443
BRC102840,Item 2840,91.21,473
BRC102841,Item 2841,91.38,178
BRC102842,Item 2842,97.51,400
BRC102843,Item 2843,14.7,319
BRC102844,Item 2844,4.05,491
BRC102845,Item 2845,32.15,231
BRC102846,Item 2846,48.38,105
BRC102847,Item 2847,20.55,92
BRC102848,Item 2848,35.76,51
BRC102849,Item 2849,62.83,55
BRC102850,Item 2850,18.21,306
BRC102851,Item 2851,6.86,466
BRC102852,Item 2852,83.01,141
BRC102853,Item 2853,49.56,9
BRC102854,Item 2854,60.1,268
BRC102855,Item 2855,49.61,422
BRC102856,Item 2856,73.02,407
BRC102857,Item 2857,69.33,457
BRC102858,Item 2858,28.75,492
BRC102859,Item 2859,82.61,285
BRC102860,Item 2860,19.72,447
BRC102861,Item 2861,16.38,79
BRC102862,Item 2862,89.65,182
BRC102863,Item 2863,2.38,211
BRC102864,Item 2864,57.46,202
BRC102865,Item 2865,62.77,383
BRC102866,Item 2866,83.5,103
BRC102867,Item 2867,68.46,249
BRC102868,Item 2868,33.22,399
BRC102869,Item 2869,35.68,372
BRC102870,Item 2870,90.82,279
BRC102871,Item 2871,80.03,396
BRC102872,Item 2872,74.78,181
BRC102873,Item 2873,7.53,261
BRC102874,Item 2874,63.58,430
BRC102875,Item 2875,89.32,310
BRC102876,Item 2876,33.02,351
BRC102877,Item 2877,6.64,300
BRC102878,Item 2878,66.17,488
BRC102879,Item 2879,28.53,251
BRC102880,Item 2880,61.55,248
BRC102881,Item 2881,80.25,167
BRC102882,Item 2882,2.71,66
BRC102883,Item 2883,96.14,403
BRC102884,Item 2884,96.27,227
BRC102885,Item 2885,92.51,391
BRC102886,Item 2886,75.28,490
BRC102887,Item 2887,44.03,243
BRC102888,Item 2888,59.37,349
BRC102889,Item 2889,90.5,411
BRC102890,Item 2890,51.14,69
BRC102891,Item 2891,95.38,458
BRC102892,Item 2892,58.65,402
BRC102893,Item 2893,47.56,423
BRC102894,Item 2894,26.29,479
BRC102895,Item 2895,49.44,12
BRC102896,Item 2896,65.67,34
BRC102897,Item 2897,12.29,433
BRC102898,Item 2898,57.21,421
BRC102899,Item 2899,41.33,376
BRC102900,Item 2900,43.61,55
BRC102901,Item 2901,37.79,196
BRC102902,Item 2902,49.14,398
BRC102903,Item 2903,58.03,339
BRC102904,Item 2904,90.98,387
BRC102905,Item 2905,47.71,142
BRC102906,Item 2906,10.48,279
BRC102907,Item 2907,9.08,250
BRC102908,Item 2908,86.24,300
BRC102909,Item 2909,46.87,424
BRC102910,Item 2910,65.08,483
BRC102911,Item 2911,30.78,380
BRC102912,Item 2912,35.38,494
BRC102913,Item 2913,17.14,400
BRC102914,Item 2914,33.51,495
BRC102915,Item 2915,13.16,390
BRC102916,Item 2916,98.02,351
BRC102917,Item 2917,85.83,384
BRC102918,Item 2918,90.17,21
BRC102919,Item 2919,16.87,182
BRC102920,Item 2920,80.47,117
BRC102921,Item 2921,64.26,72
BRC102922,Item 2922,50.64,226
BRC102923,Item 2923,59.21,259
BRC102924,Item 2924,79.74,384
BRC102925,Item 2925,85.13,127
BRC102926,Item 2926,20.46,148
BRC102927,Item 2927,57.26,257
BRC102928,Item 2928,91.25,259
BRC102929,Item 2929,42.84,108
BRC102930,Item 2930,33.43,107
BRC102931,Item 2931,69.7,90
BRC102932,Item 2932,32.61,63
BRC102933,Item 2933,71.91,143
BRC102934,Item 2934,71.63,322
BRC102935,Item 2935,51.86,19
BRC102936,Item 2936,91.08,109
BRC102937,Item 2937,38.23,481
BRC102938,Item 2938,35.85,160
BRC102939,Item 2939,71.6,272
BRC102940,Item 2940,74.46,243
BRC102941,Item 2941,19.87,385
BRC102942,Item 2942,5.8,215
BRC102943,Item 2943,82.32,56
BRC102944,Item 2944,4.58,358
BRC102945,Item 2945,41.84,140
BRC102946,Item 2946,48.9,59
BRC102947,Item 2947,71.15,30
BRC102948,Item 2948,4.99,21
BRC102949,Item 2949,26.42,4
BRC102950,Item 2950,89.63,5
BRC102951,Item 2951,24.82,7
BRC102952,Item 2952,68.93,314
BRC102953,Item 2953,70.49,193
BRC102954,Item 2954,88.38,106
BRC102955,Item 2955,81.36,360
BRC102956,Item 2956,58.32,279
BRC102957,Item 2957,59.38,219
BRC102958,Item 2958,35.02,446
BRC102959,Item 2959,98.6,453
BRC102960,Item 2960,7.21,422
BRC102961,Item 2961,46.45,463
BRC102962,Item 2962,57.36,382
BRC102963,Item 2963,53.55,224
BRC102964,Item 2964,91.98,43
BRC102965,Item 2965,73.1,222
BRC102966,Item 2966,79.92,487
BRC102967,Item 2967,18.59,331
BRC102968,Item 2968,98.55,209
BRC102969,Item 2969,13.51,183
BRC102970,Item 2970,36.25,486
BRC102971,Item 2971,37.33,221
BRC102972,Item 2972,97.21,244
BRC102973,Item 2973,16.52,449
BRC102974,Item 2974,95.64,105
BRC102975,Item 2975,62.08,452
BRC102976,Item 2976,66.43,470
BRC102977,Item 2977,65.64,57
BRC102978,Item 2978,45.67,455
BRC102979,Item 2979,88.5,425
BRC102980,Item 2980,26.86,214
BRC102981,Item 2981,49.74,165
BRC102982,Item 2982,51.95,294
BRC102983,Item 2983,28.2,476
BRC102984,Item 2984,32.42,206
BRC102985,Item 2985,75.58,327
BRC102986,Item 2986,9.3,370
BRC102987,Item 2987,85.42,186
BRC102988,Item 2988,28.64,106
BRC102989,Item 2989,23.16,195
BRC102990,Item 2990,85.61,174
BRC102991,Item 2991,26.58,466
BRC102992,Item 2992,84.74,361
BRC102993,Item 2993,47.6,265
BRC102994,Item 2994,80.52,487
BRC102995,Item 2995,95.29,147
BRC102996,Item 2996,81.92,254
BRC102997,Item 2997,63.23,282
BRC102998,Item 2998,65.17,382
BRC102999,Item 2999,46.61,464
BRC103000,Item 3000,41.27,178
BRC103001,Item 3001,13.88,367
BRC103002,Item 3002,42.6,359
BRC103003,Item 3003,5.24,15
BRC103004,Item 3004,75.36,436
BRC103005,Item 3005,25.02,488
BRC103006,Item 3006,14.5,492
BRC103007,Item 3007,76.38,364
BRC103008,Item 3008,37.4,451
BRC103009,Item 3009,94.8,190
BRC103010,Item 3010,21.25,222
BRC103011,Item 3011,18.71,387
BRC103012,Item 3012,15.96,343
BRC103013,Item 3013,80.3,471
BRC103014,Item 3014,38.16,384
BRC103015,Item 3015,63.38,217
BRC103016,Item 3016,34.57,87
BRC103017,Item 3017,58.13,103
BRC103018,Item 3018,43.65,274
BRC103019,Item 3019,13.45,485
BRC103020,Item 3020,84.61,495
BRC103021,Item 3021,78.85,48
BRC103022,Item 3022,41.61,398
BRC103023,Item 3023,8.6,367
BRC103024,Item 3024,8.17,129
BRC103025,Item 3025,84.65,317
BRC103026,Item 3026,48.52,209
BRC103027,Item 3027,40.36,16
BRC103028,Item 3028,55.81,489
BRC103029,Item 3029,77.91,262
BRC103030,Item 3030,20.26,289
BRC103031,Item 3031,2.56,346
BRC103032,Item 3032,9.74,376
BRC103033,Item 3033,19.91,40
BRC103034,Item 3034,56.75,93
BRC103035,Item 3035,28.06,395
BRC103036,Item 3036,67.79,413
BRC103037,Item 3037,32.63,361
BRC103038,Item 3038,63.65,109
BRC103039,Item 3039,30.83,123
BRC103040,Item 3040,4.74,175
BRC103041,Item 3041,18.64,328
BRC103042,Item 3042,17.14,447
BRC103043,Item 3043,77.15,195
BRC103044,Item 3044,11.96,271
BRC103045,Item 3045,77.71,188
BRC103046,Item 3046,45.38,348
BRC103047,Item 3047,64.29,173
BRC103048,Item 3048,88.02,120
BRC103049,Item 3049,63.16,23
BRC103050,Item 3050,74.77,82
BRC103051,Item 3051,19.03,486
BRC103052,Item 3052,27.32,433
BRC103053,Item 3053,72.08,317
BRC103054,Item 3054,15.38,246
BRC103055,Item 3055,42.18,403
BRC103056,Item 3056,59.36,282
BRC103057,Item 3057,26.86,316
BRC103058,Item 3058,16.57,473
BRC103059,Item 3059,9.21,89
BRC103060,Item 3060,15.28,157
BRC103061,Item 3061,28.87,180
BRC103062,Item 3062,88.6,36
BRC103063,Item 3063,25.83,499
BRC103064,Item 3064,2.6,159
BRC103065,Item 3065,76.89,483
BRC103066,Item 3066,70.37,430
BRC103067,Item 3067,51.19,394
BRC103068,Item 3068,84.24,163
BRC103069,Item 3069,73.23,464
BRC103070,Item 3070,26.67,295
BRC103071,Item 3071,33.62,323
BRC103072,Item 3072,98.09,467
BRC103073,Item 3073,28.37,205
BRC103074,Item 3074,34.7,191
BRC103075,Item 3075,55.3,413
BRC103076,Item 3076,29.8,354
BRC103077,Item 3077,92.76,370
BRC103078,Item 3078,64.84,204
BRC103079,Item 3079,88.1,365
BRC103080,Item 3080,21.15,25
BRC103081,Item 3081,7.72,121
BRC103082,Item 3082,90.35,33
BRC103083,Item 3083,44.17,77
BRC103084,Item 3084,91.52,417
BRC103085,Item 3085,41.65,79
BRC103086,Item 3086,60.09,47
BRC103087,Item 3087,34.82,115
BRC103088,Item 3088,60.25,187
BRC103089,Item 3089,69.48,182
BRC103090,Item 3090,54.77,152
BRC103091,Item 3091,16.23,267
BRC103092,Item 3092,79.97,116
BRC103093,Item 3093,25.01,354
BRC103094,Item 3094,95.16,334
BRC103095,Item 3095,54.6,190
BRC103096,Item 3096,39.06,79
BRC103097,Item 3097,11.38,223
BRC103098,Item 3098,84.13,324
BRC103099,Item 3099,51.46,107
BRC103100,Item 3100,17.43,388
BRC103101,Item 3101,65.28,467
BRC103102,Item 3102,24.46,236
BRC103103,Item 3103,46.33,356
BRC103104,Item 3104,77.96,467
BRC103105,Item 3105,66.1,460
BRC103106,Item 3106,85.88,315
BRC103107,Item 3107,41.71,199
BRC103108,Item 3108,63.49,499
BRC103109,Item 3109,37.71,144
BRC103110,Item 3110,46.95,385
BRC103111,Item 3111,97.73,88
BRC103112,Item 3112,50.95,320
BRC103113,Item 3113,78.67,476
BRC103114,Item 3114,43.4,263
BRC103115,Item 3115,69.61,90
BRC103116,Item 3116,74.27,225
BRC103117,Item 3117,31.27,185
BRC103118,Item 3118,26.52,418
BRC103119,Item 3119,72.96,65
BRC103120,Item 3120,76.38,344
BRC103121,Item 3121,26.31,66
BRC103122,Item 3122,28.8,129
BRC103123,Item 3123,77.87,399
BRC103124,Item 3124,40.71,55
BRC103125,Item 3125,18.18,90
BRC103126,Item 3126,27.74,384
BRC103127,Item 3127,65.41,268
BRC103128,Item 3128,25.11,429
BRC103129,Item 3129,3.44,234
BRC103130,Item 3130,75.92,393
BRC103131,Item 3131,80.63,224
BRC103132,Item 3132,37.08,54
BRC103133,Item 3133,99.45,218
BRC103134,Item 3134,3.61,360
BRC103135,Item 3135,17.74,403
BRC103136,Item 3136,63.37,475
BRC103137,Item 3137,12.88,411
BRC103138,Item 3138,29.86,455
BRC103139,Item 3139,75.81,55
BRC103140,Item 3140,7.34,197
BRC103141,Item 3141,16.07,23
BRC103142,Item 3142,76.48,127
BRC103143,Item 3143,13.33,478
BRC103144,Item 3144,60.24,95
BRC103145,Item 3145,24.33,226
BRC103146,Item 3146,1.53,243
BRC103147,Item 3147,5.34,495
BRC103148,Item 3148,74.77,323
BRC103149,Item 3149,60.29,484
BRC103150,Item 3150,32.59,156
BRC103151,Item 3151,52.42,350
BRC103152,Item 3152,92.51,1
BRC103153,Item 3153,31.9,36
BRC103154,Item 3154,97.71,170
BRC103155,Item 3155,41.06,89
BRC103156,Item 3156,90.34,28
BRC103157,Item 3157,87.86,268
BRC103158,Item 3158,67.47,328
BRC103159,Item 3159,20.28,294
BRC103160,Item 3160,17.45,92
BRC103161,Item 3161,34.15,43
BRC103162,Item 3162,92.68,39
BRC103163,Item 3163,26.18,388
BRC103164,Item 3164,98.69,240
BRC103165,Item 3165,56.93,164
BRC103166,Item 3166,97.65,387
BRC103167,Item 3167,19.67,308
BRC103168,Item 3168,46.87,323
BRC103169,Item 3169,97.43,159
BRC103170,Item 3170,69.62,344
BRC103171,Item 3171,21.02,130
BRC103172,Item 3172,76.62,273
BRC103173,Item 3173,87.66,345
BRC103174,Item 3174,36.84,342
BRC103175,Item 3175,83.02,91
BRC103176,Item 3176,69.18,86
BRC103177,Item 3177,23.29,10
BRC103178,Item 3178,27.72,3
BRC103179,Item 3179,55.97,60
BRC103180,Item 3180,39.4,221
BRC103181,Item 3181,76.86,69
BRC103182,Item 3182,98.69,176
BRC103183,Item 3183,83.89,451
BRC103184,Item 3184,18.73,31
BRC103185,Item 3185,39.64,135
BRC103186,Item 3186,34.29,246
BRC103187,Item 3187,98.79,167
BRC103188,Item 3188,89.2,290
BRC103189,Item 3189,82.19,190
BRC103190,Item 3190,52.53,164
BRC103191,Item 3191,17.47,485
BRC103192,Item 3192,54.13,407
BRC103193,Item 3193,52.29,468
BRC103194,Item 3194,83.07,301
BRC103195,Item 3195,27.53,127
BRC103196,Item 3196,24.18,413
BRC103197,Item 3197,21.03,97
BRC103198,Item 3198,78.78,91
BRC103199,Item 3199,74.85,5
BRC103200,Item 3200,29.7,238
BRC103201,Item 3201,6.33,316
BRC103202,Item 3202,67.55,436
BRC103203,Item 3203,36.68,426
BRC103204,Item 3204,56.36,296
BRC103205,Item 3205,27.6,148
BRC103206,Item 3206,89.26,199
BRC103207,Item 3207,44.54,37
BRC103208,Item 3208,18.84,47
BRC103209,Item 3209,90.18,208
BRC103210,Item 3210,87.99,216
BRC103211,Item 3211,8.51,84
BRC103212,Item 3212,57.69,393
BRC103213,Item 3213,56.97,359
BRC103214,Item 3214,92.68,491
BRC103215,Item 3215,45.14,88
BRC103216,Item 3216,43.62,195
BRC103217,Item 3217,55.75,404
BRC103218,Item 3218,52.64,359
BRC103219,Item 3219,68.08,24
BRC103220,Item 3220,64.87,328
BRC103221,Item 3221,7.97,421
BRC103222,Item 3222,77.52,371
BRC103223,Item 3223,94.63,213
BRC103224,Item 3224,64.85,324
BRC103225,Item 3225,32.32,189
BRC103226,Item 3226,93.12,385
BRC103227,Item 3227,70.18,324
BRC103228,Item 3228,8.77,181
BRC103229,Item 3229,70.93,357
BRC103230,Item 3230,38.81,420
BRC103231,Item 3231,67.74,209
BRC103232,Item 3232,62.59,264
BRC103233,Item 3233,44.5,121
BRC103234,Item 3234,15.48,375
BRC103235,Item 3235,13.95,225
BRC103236,Item 3236,9.46,423
BRC103237,Item 3237,87.97,261
BRC103238,Item 3238,85.63,122
BRC103239,Item 3239,3.49,174
BRC103240,Item 3240,55.9,132
BRC103241,Item 3241,18.85,101
BRC103242,Item 3242,68.15,44
BRC103243,Item 3243,86.1,5
BRC103244,Item 3244,60.66,85
BRC103245,Item 3245,20.59,189
BRC103246,Item 3246,38.11,422
BRC103247,Item 3247,1.66,419
BRC103248,Item 3248,45.33,238
BRC103249,Item 3249,79.48,138
BRC103250,Item 3250,60.55,285
BRC103251,Item 3251,9.97,484
BRC103252,Item 3252,28.91,14
BRC103253,Item 3253,9.57,103
BRC103254,Item 3254,50.16,405
BRC103255,Item 3255,48.03,122
BRC103256,Item 3256,97.86,468
BRC103257,Item 3257,34.99,377
BRC103258,Item 3258,5.08,123
BRC103259,Item 3259,37.01,131
BRC103260,Item 3260,67.07,493
BRC103261,Item 3261,32.98,264
BRC103262,Item 3262,76.77,33
BRC103263,Item 3263,10.31,42
BRC103264,Item 3264,42.68,32
BRC103265,Item 3265,90.41,101
BRC103266,Item 3266,49.34,137
BRC103267,Item 3267,54.36,222
BRC103268,Item 3268,68.39,349
BRC103269,Item 3269,93.28,386
BRC103270,Item 3270,69.26,146
BRC103271,Item 3271,62.51,263
BRC103272,Item 3272,84.37,71
BRC103273,Item 3273,72.69,326
BRC103274,Item 3274,57.24,301
BRC103275,Item 3275,8.53,95
BRC103276,Item 3276,17.88,473
BRC103277,Item 3277,21.3,462
BRC103278,Item 3278,99.79,440
BRC103279,Item 3279,75.93,441
BRC103280,Item 3280,11.03,350
BRC103281,Item 3281,99.18,249
BRC103282,Item 3282,27.11,449
BRC103283,Item 3283,46.64,41
BRC103284,Item 3284,3.98,329
BRC103285,Item 3285,64.84,384
BRC103286,Item 3286,91.21,3
BRC103287,Item 3287,73.97,408
BRC103288,Item 3288,21.19,399
BRC103289,Item 3289,58.59,196
BRC103290,Item 3290,91.67,380
BRC103291,Item 3291,90.42,255
BRC103292,Item 3292,97.54,395
BRC103293,Item 3293,19.81,341
BRC103294,Item 3294,67.51,458
BRC103295,Item 3295,98.57,316
BRC103296,Item 3296,62.43,69
BRC103297,Item 3297,4.44,364
BRC103298,Item 3298,36.61,225
BRC103299,Item 3299,27.41,479
BRC103300,Item 3300,15.7,65
BRC103301,Item 3301,82.83,418
BRC103302,Item 3302,33.17,184
BRC103303,Item 3303,18.07,392
BRC103304,Item 3304,17.72,166
BRC103305,Item 3305,34.4,328
BRC103306,Item 3306,88.56,410
BRC103307,Item 3307,45.63,152
BRC103308,Item 3308,65.47,328
BRC103309,Item 3309,18.55,498
BRC103310,Item 3310,98.05,108
BRC103311,Item 3311,97.24,495
BRC103312,Item 3312,47.45,137
BRC103313,Item 3313,40.08,359
BRC103314,Item 3314,39.27,144
BRC103315,Item 3315,87.76,179
BRC103316,Item 3316,44.95,195
BRC103317,Item 3317,58.73,364
BRC103318,Item 3318,43.78,340
BRC103319,Item 3319,77.71,83
BRC103320,Item 3320,28.18,157
BRC103321,Item 3321,17.59,240
BRC103322,Item 3322,37.05,494
BRC103323,Item 3323,6.79,486
BRC103324,Item 3324,35.91,333
BRC103325,Item 3325,62.1,450
BRC103326,Item 3326,54.76,126
BRC103327,Item 3327,29.93,14
BRC103328,Item 3328,86.42,34
BRC103329,Item 3329,12.39,270
BRC103330,Item 3330,57.18,78
BRC103331,Item 3331,46.95,258
BRC103332,Item 3332,65.37,74
BRC103333,Item 3333,32.8,16
BRC103334,Item 3334,98.6,443
BRC103335,Item 3335,65.43,326
BRC103336,Item 3336,78.28,418
BRC103337,Item 3337,18.19,330
BRC103338,Item 3338,72.1,374
BRC103339,Item 3339,97.16,113
BRC103340,Item 3340,49.94,41
BRC103341,Item 3341,16.83,417
BRC103342,Item 3342,92.69,471
BRC103343,Item 3343,84.87,7
BRC103344,Item 3344,17.94,303
BRC103345,Item 3345,18.46,367
BRC103346,Item 3346,17.47,452
BRC103347,Item 3347,44.63,397
BRC103348,Item 3348,24.6,213
BRC103349,Item 3349,65.77,341
BRC103350,Item 3350,59.49,490
BRC103351,Item 3351,98.06,145
BRC103352,Item 3352,95.83,329
BRC103353,Item 3353,26.9,99
BRC103354,Item 3354,36.36,369
BRC103355,Item 3355,44.75,187
BRC103356,Item 3356,43.2,496
BRC103357,Item 3357,47.9,500
BRC103358,Item 3358,79.04,306
BRC103359,Item 3359,65.21,356
BRC103360,Item 3360,80.06,236
BRC103361,Item 3361,71.75,204
BRC103362,Item 3362,44.41,296
BRC103363,Item 3363,87.68,178
BRC103364,Item 3364,34.09,294
BRC103365,Item 3365,53.85,233
BRC103366,Item 3366,53.63,382
BRC103367,Item 3367,32.13,177
BRC103368,Item 3368,51.05,430
BRC103369,Item 3369,4.63,330
BRC103370,Item 3370,48.25,344
BRC103371,Item 3371,57.69,228
BRC103372,Item 3372,31.62,171
BRC103373,Item 3373,62.15,80
BRC103374,Item 3374,52.12,407
BRC103375,Item 3375,17.05,465
BRC103376,Item 3376,68.87,404
BRC103377,Item 3377,59.55,408
BRC103378,Item 3378,59.37,454
BRC103379,Item 3379,32.69,251
BRC103380,Item 3380,92.32,46
BRC103381,Item 3381,73.96,187
BRC103382,Item 3382,9.04,300
BRC103383,Item 3383,54.22,146
BRC103384,Item 3384,39.18,98
BRC103385,Item 3385,41.11,345
BRC103386,Item 3386,80.97,430
BRC103387,Item 3387,32.91,196
BRC103388,Item 3388,95.99,92
BRC103389,Item 3389,6.69,15
BRC103390,Item 3390,1.07,123
BRC103391,Item 3391,21.02,351
BRC103392,Item 3392,49.13,88
BRC103393,Item 3393,11.08,384
BRC103394,Item 3394,78.37,182
BRC103395,Item 3395,62.58,241
BRC103396,Item 3396,13.68,145
BRC103397,Item 3397,42.7,114
BRC103398,Item 3398,96.65,18
BRC103399,Item 3399,70.96,419
BRC103400,Item 3400,34.84,211
BRC103401,Item 3401,91.24,289
BRC103402,Item 3402,91.86,435
BRC103403,Item 3403,89.14,464
BRC103404,Item 3404,80.32,121
BRC103405,Item 3405,85.25,165
BRC103406,Item 3406,72.4,487
BRC103407,Item 3407,13.65,442
BRC103408,Item 3408,64.74,14
BRC103409,Item 3409,30.28,146
BRC103410,Item 3410,90.63,35
BRC103411,Item 3411,1.63,20
BRC103412,Item 3412,52.13,368
BRC103413,Item 3413,80.99,228
BRC103414,Item 3414,38.58,183
BRC103415,Item 3415,71.15,373
BRC103416,Item 3416,73.7,217
BRC103417,Item 3417,52.38,162
BRC103418,Item 3418,18.76,103
BRC103419,Item 3419,32.59,313
BRC103420,Item 3420,83.54,75
BRC103421,Item 3421,98.02,322
BRC103422,Item 3422,92.13,472
BRC103423,Item 3423,36.66,121
BRC103424,Item 3424,59.15,270
BRC103425,Item 3425,70.72,301
BRC103426,Item 3426,17.28,312
BRC103427,Item 3427,79.85,294
BRC103428,Item 3428,35.42,498
BRC103429,Item 3429,96.0,425
BRC103430,Item 3430,16.87,301
BRC103431,Item 3431,92.97,249
BRC103432,Item 3432,2.52,393
BRC103433,Item 3433,12.15,11
BRC103434,Item 3434,67.75,226
BRC103435,Item 3435,93.53,397
BRC103436,Item 3436,39.25,83
BRC103437,Item 3437,70.7,132
BRC103438,Item 3438,14.38,473
BRC103439,Item 3439,83.93,212
BRC103440,Item 3440,56.74,234
BRC103441,Item 3441,45.03,397
BRC103442,Item 3442,58.52,116
BRC103443,Item 3443,67.13,93
BRC103444,Item 3444,70.42,374
BRC103445,Item 3445,27.31,246
BRC103446,Item 3446,20.3,276
BRC103447,Item 3447,17.96,456
BRC103448,Item 3448,40.25,187
BRC103449,Item 3449,17.85,466
BRC103450,Item 3450,90.46,270
BRC103451,Item 3451,45.33,205
BRC103452,Item 3452,12.68,436
BRC103453,Item 3453,81.94,399
BRC103454,Item 3454,32.37,90
BRC103455,Item 3455,88.87,343
BRC103456,Item 3456,22.22,60
BRC103457,Item 3457,39.15,97
BRC103458,Item 3458,59.94,85
BRC103459,Item 3459,54.14,351
BRC103460,Item 3460,68.97,414
BRC103461,Item 3461,61.58,79
BRC103462,Item 3462,1.58,293
BRC103463,Item 3463,25.42,311
BRC103464,Item 3464,6.81,160
BRC103465,Item 3465,78.51,354
BRC103466,Item 3466,28.19,327
BRC103467,Item 3467,92.54,412
BRC103468,Item 3468,1.27,144
BRC103469,Item 3469,76.48,166
BRC103470,Item 3470,96.48,346
BRC103471,Item 3471,30.55,423
BRC103472,Item 3472,58.78,64
BRC103473,Item 3473,20.71,85
BRC103474,Item 3474,46.95,240
BRC103475,Item 3475,88.64,457
BRC103476,Item 3476,91.07,312
BRC103477,Item 3477,54.32,458
BRC103478,Item 3478,21.6,295
BRC103479,Item 3479,25.01,169
BRC103480,Item 3480,53.0,315
BRC103481,Item 3481,83.45,120
BRC103482,Item 3482,92.65,153
BRC103483,Item 3483,30.4,450
BRC103484,Item 3484,66.13,484
BRC103485,Item 3485,56.05,369
BRC103486,Item 3486,43.39,284
BRC103487,Item 3487,17.42,428
BRC103488,Item 3488,33.66,232
BRC103489,Item 3489,32.2,376
BRC103490,Item 3490,89.03,160
BRC103491,Item 3491,17.69,458
BRC103492,Item 3492,95.89,469
BRC103493,Item 3493,73.62,356
BRC103494,Item 3494,98.74,384
BRC103495,Item 3495,59.91,182
BRC103496,Item 3496,46.4,173
BRC103497,Item 3497,89.98,210
BRC103498,Item 3498,58.77,430
BRC103499,Item 3499,45.46,101
BRC103500,Item 3500,45.21,249
BRC103501,Item 3501,56.41,300
BRC103502,Item 3502,3.36,403
BRC103503,Item 3503,82.92,298
BRC103504,Item 3504,82.06,357
BRC103505,Item 3505,30.67,162
BRC103506,Item 3506,54.22,59
BRC103507,Item 3507,7.73,347
BRC103508,Item 3508,59.65,237
BRC103509,Item 3509,92.45,387
BRC103510,Item 3510,55.1,224
BRC103511,Item 3511,32.59,426
BRC103512,Item 3512,42.91,288
BRC103513,Item 3513,66.85,118
BRC103514,Item 3514,80.98,287
BRC103515,Item 3515,19.98,269
BRC103516,Item 3516,16.71,341
BRC103517,Item 3517,47.17,221
BRC103518,Item 3518,29.03,283
BRC103519,Item 3519,20.11,39
BRC103520,Item 3520,14.49,261
BRC103521,Item 3521,44.21,460
BRC103522,Item 3522,15.17,477
BRC103523,Item 3523,80.64,60
BRC103524,Item 3524,37.93,277
BRC103525,Item 3525,37.6,371
BRC103526,Item 3526,37.58,293
BRC103527,Item 3527,17.82,166
BRC103528,Item 3528,26.2,66
BRC103529,Item 3529,90.44,228
BRC103530,Item 3530,12.51,280
BRC103531,Item 3531,74.52,481
BRC103532,Item 3532,78.53,16
BRC103533,Item 3533,69.38,390
BRC103534,Item 3534,39.45,276
BRC103535,Item 3535,47.0,374
BRC103536,Item 3536,98.78,443
BRC103537,Item 3537,16.79,82
BRC103538,Item 3538,51.83,153
BRC103539,Item 3539,18.01,140
BRC103540,Item 3540,51.67,28
BRC103541,Item 3541,5.52,204
BRC103542,Item 3542,94.01,168
BRC103543,Item 3543,8.51,359
BRC103544,Item 3544,11.4,452
BRC103545,Item 3545,54.2,339
BRC103546,Item 3546,92.8,462
BRC103547,Item 3547,97.92,14
BRC103548,Item 3548,52.9,342
BRC103549,Item 3549,40.86,312
BRC103550,Item 3550,27.16,4
BRC103551,Item 3551,24.23,155
BRC103552,Item 3552,83.72,122
BRC103553,Item 3553,81.82,427
BRC103554,Item 3554,90.3,179
BRC103555,Item 3555,25.86,238
BRC103556,Item 3556,75.97,187
BRC103557,Item 3557,98.37,286
BRC103558,Item 3558,86.23,464
BRC103559,Item 3559,10.52,268
BRC103560,Item 3560,36.96,211
BRC103561,Item 3561,68.83,37
BRC103562,Item 3562,1.63,395
BRC103563,Item 3563,86.45,377
BRC103564,Item 3564,68.53,72
BRC103565,Item 3565,69.34,406
BRC103566,Item 3566,66.99,149
BRC103567,Item 3567,17.79,6
BRC103568,Item 3568,1.21,305
BRC103569,Item 3569,42.48,309
BRC103570,Item 3570,54.72,65
BRC103571,Item 3571,95.39,435
BRC103572,Item 3572,4.21,12
BRC103573,Item 3573,62.27,191
BRC103574,Item 3574,23.33,260
BRC103575,Item 3575,30.95,312
BRC103576,Item 3576,62.48,410
BRC103577,Item 3577,23.14,22
BRC103578,Item 3578,46.4,30
BRC103579,Item 3579,59.68,322
BRC103580,Item 3580,37.79,213
BRC103581,Item 3581,81.27,468
BRC103582,Item 3582,30.15,99
BRC103583,Item 3583,3.73,471
BRC103584,Item 3584,13.02,81
BRC103585,Item 3585,37.27,124
BRC103586,Item 3586,41.14,22
BRC103587,Item 3587,53.38,240
BRC103588,Item 3588,21.4,20
BRC103589,Item 3589,65.35,203
BRC103590,Item 3590,17.0,36
BRC103591,Item 3591,76.83,455
BRC103592,Item 3592,70.48,139
BRC103593,Item 3593,81.54,56
BRC103594,Item 3594,55.26,459
BRC103595,Item 3595,65.72,157
BRC103596,Item 3596,5.2,253
BRC103597,Item 3597,55.62,228
BRC103598,Item 3598,28.1,421
BRC103599,Item 3599,50.6,249
BRC103600,Item 3600,21.01,484
BRC103601,Item 3601,49.02,371
BRC103602,Item 3602,94.21,163
BRC103603,Item 3603,65.18,492
BRC103604,Item 3604,32.31,381
BRC103605,Item 3605,16.61,125
BRC103606,Item 3606,31.56,385
BRC103607,Item 3607,94.81,415
BRC103608,Item 3608,6.91,103
BRC103609,Item 3609,30.28,220
BRC103610,Item 3610,67.41,387
BRC103611,Item 3611,36.98,252
BRC103612,Item 3612,15.43,230
BRC103613,Item 3613,75.86,14
BRC103614,Item 3614,52.45,160
BRC103615,Item 3615,73.23,39
BRC103616,Item 3616,50.36,30
BRC103617,Item 3617,79.5,138
BRC103618,Item 3618,60.47,393
BRC103619,Item 3619,97.52,52
BRC103620,Item 3620,16.79,317
BRC103621,Item 3621,94.82,487
BRC103622,Item 3622,16.54,125
BRC103623,Item 3623,3.89,8
BRC103624,Item 3624,11.99,400
BRC103625,Item 3625,93.92,49
BRC103626,Item 3626,1.05,225
BRC103627,Item 3627,95.29,490
BRC103628,Item 3628,17.6,86
BRC103629,Item 3629,65.37,280
BRC103630,Item 3630,6.34,460
BRC103631,Item 3631,10.47,92
BRC103632,Item 3632,68.2,357
BRC103633,Item 3633,48.88,382
BRC103634,Item 3634,15.86,278
BRC103635,Item 3635,98.15,377
BRC103636,Item 3636,63.08,289
BRC103637,Item 3637,45.75,265
BRC103638,Item 3638,32.44,370
BRC103639,Item 3639,10.83,344
BRC103640,Item 3640,17.43,285
BRC103641,Item 3641,62.8,161
BRC103642,Item 3642,80.58,81
BRC103643,Item 3643,89.98,36
BRC103644,Item 3644,22.71,63
BRC103645,Item 3645,41.34,338
BRC103646,Item 3646,73.74,352
BRC103647,Item 3647,43.41,28
BRC103648,Item 3648,66.23,160
BRC103649,Item 3649,33.12,492
BRC103650,Item 3650,16.18,419
BRC103651,Item 3651,94.59,144
BRC103652,Item 3652,22.04,292
BRC103653,Item 3653,58.41,200
BRC103654,Item 3654,14.13,92
BRC103655,Item 3655,97.08,108
BRC103656,Item 3656,86.73,24
BRC103657,Item 3657,58.9,207
BRC103658,Item 3658,43.29,380
BRC103659,Item 3659,85.22,155
BRC103660,Item 3660,6.64,226
BRC103661,Item 3661,19.43,56
BRC103662,Item 3662,71.13,184
BRC103663,Item 3663,55.37,190
BRC103664,Item 3664,3.86,84
BRC103665,Item 3665,20.25,496
BRC103666,Item 3666,38.83,497
BRC103667,Item 3667,64.53,350
BRC103668,Item 3668,96.16,400
BRC103669,Item 3669,83.29,123
BRC103670,Item 3670,92.77,200
BRC103671,Item 3671,7.85,226
BRC103672,Item 3672,22.36,421
BRC103673,Item 3673,47.67,166
BRC103674,Item 3674,48.77,302
BRC103675,Item 3675,8.19,357
BRC103676,Item 3676,87.75,58
BRC103677,Item 3677,9.75,143
BRC103678,Item 3678,83.6,485
BRC103679,Item 3679,6.78,163
BRC103680,Item 3680,42.33,476
BRC103681,Item 3681,65.89,95
BRC103682,Item 3682,84.14,54
BRC103683,Item 3683,22.29,47
BRC103684,Item 3684,88.31,191
BRC103685,Item 3685,72.03,485
BRC103686,Item 3686,29.73,424
BRC103687,Item 3687,76.59,275
BRC103688,Item 3688,53.0,255
BRC103689,Item 3689,62.51,288
BRC103690,Item 3690,57.15,164
BRC103691,Item 3691,52.96,215
BRC103692,Item 3692,38.58,252
BRC103693,Item 3693,6.6,479
BRC103694,Item 3694,15.56,334
BRC103695,Item 3695,89.85,379
BRC103696,Item 3696,61.21,271
BRC103697,Item 3697,10.8,350
BRC103698,Item 3698,2.49,61
BRC103699,Item 3699,14.01,238
BRC103700,Item 3700,85.45,2
BRC103701,Item 3701,4.72,15
BRC103702,Item 3702,48.39,107
BRC103703,Item 3703,15.84,359
BRC103704,Item 3704,33.74,66
BRC103705,Item 3705,83.3,223
BRC103706,Item 3706,90.87,142
BRC103707,Item 3707,52.05,493
BRC103708,Item 3708,72.12,457
BRC103709,Item 3709,96.44,322
BRC103710,Item 3710,35.29,452
BRC103711,Item 3711,7.38,106
BRC103712,Item 3712,71.04,467
BRC103713,Item 3713,68.8,277
BRC103714,Item 3714,32.17,67
BRC103715,Item 3715,71.37,229
BRC103716,Item 3716,50.64,203
BRC103717,Item 3717,89.85,95
BRC103718,Item 3718,31.67,242
BRC103719,Item 3719,71.68,174
BRC103720,Item 3720,59.29,136
BRC103721,Item 3721,56.75,274
BRC103722,Item 3722,9.38,320
BRC103723,Item 3723,1.1,86
BRC103724,Item 3724,4.86,13
BRC103725,Item 3725,97.78,369
BRC103726,Item 3726,52.98,355
BRC103727,Item 3727,67.53,497
BRC103728,Item 3728,27.46,124
BRC103729,Item 3729,34.49,160
BRC103730,Item 3730,51.71,194
BRC103731,Item 3731,63.18,240
BRC103732,Item 3732,76.77,405
BRC103733,Item 3733,7.86,217
BRC103734,Item 3734,47.96,311
BRC103735,Item 3735,99.64,193
BRC103736,Item 3736,20.39,235
BRC103737,Item 3737,63.85,62
BRC103738,Item 3738,14.4,79
BRC103739,Item 3739,80.77,322
BRC103740,Item 3740,9.44,445
BRC103741,Item 3741,43.05,253
BRC103742,Item 3742,93.31,490
BRC103743,Item 3743,94.68,323
BRC103744,Item 3744,97.58,478
BRC103745,Item 3745,5.74,149
BRC103746,Item 3746,11.76,459
BRC103747,Item 3747,33.03,176
BRC103748,Item 3748,36.15,23
BRC103749,Item 3749,18.92,128
BRC103750,Item 3750,95.04,229
BRC103751,Item 3751,99.16,266
BRC103752,Item 3752,35.37,3
BRC103753,Item 3753,14.15,384
BRC103754,Item 3754,79.12,140
BRC103755,Item 3755,36.76,88
BRC103756,Item 3756,11.12,12
BRC103757,Item 3757,86.95,118
BRC103758,Item 3758,40.71,227
BRC103759,Item 3759,37.31,167
BRC103760,Item 3760,16.37,272
BRC103761,Item 3761,51.88,244
BRC103762,Item 3762,93.24,377
BRC103763,Item 3763,96.49,220
BRC103764,Item 3764,7.36,32
BRC103765,Item 3765,87.87,254
BRC103766,Item 3766,7.12,75
BRC103767,Item 3767,45.59,312
BRC103768,Item 3768,90.84,76
BRC103769,Item 3769,47.44,208
BRC103770,Item 3770,75.37,235
BRC103771,Item 3771,79.0,490
BRC103772,Item 3772,4.53,313
BRC103773,Item 3773,24.94,12
BRC103774,Item 3774,59.56,297
BRC103775,Item 3775,6.31,329
BRC103776,Item 3776,59.59,332
BRC103777,Item 3777,24.07,146
BRC103778,Item 3778,34.79,147
BRC103779,Item 3779,1.28,21
BRC103780,Item 3780,46.31,89
BRC103781,Item 3781,23.15,378
BRC103782,Item 3782,80.98,40
BRC103783,Item 3783,50.81,380
BRC103784,Item 3784,29.23,159
BRC103785,Item 3785,61.61,426
BRC103786,Item 3786,96.53,72
BRC103787,Item 3787,12.9,258
BRC103788,Item 3788,96.8,211
BRC103789,Item 3789,85.03,23
BRC103790,Item 3790,23.63,122
BRC103791,Item 3791,37.28,207
BRC103792,Item 3792,79.01,112
BRC103793,Item 3793,9.77,95
BRC103794,Item 3794,66.69,251
BRC103795,Item 3795,16.38,396
BRC103796,Item 3796,66.3,298
BRC103797,Item 3797,2.3,319
BRC103798,Item 3798,19.28,467
BRC103799,Item 3799,69.81,21
BRC103800,Item 3800,86.32,486
BRC103801,Item 3801,70.87,245
BRC103802,Item 3802,91.63,170
BRC103803,Item 3803,72.16,51
BRC103804,Item 3804,6.65,452
BRC103805,Item 3805,56.17,327
BRC103806,Item 3806,19.85,203
BRC103807,Item 3807,54.02,314
BRC103808,Item 3808,86.48,381
BRC103809,Item 3809,63.53,25
BRC103810,Item 3810,70.5,163
BRC103811,Item 3811,14.63,335
BRC103812,Item 3812,31.32,185
BRC103813,Item 3813,46.11,287
BRC103814,Item 3814,72.82,466
BRC103815,Item 3815,6.59,81
BRC103816,Item 3816,76.95,168
BRC103817,Item 3817,87.39,218
BRC103818,Item 3818,84.18,285
BRC103819,Item 3819,49.02,195
BRC103820,Item 3820,51.65,405
BRC103821,Item 3821,43.62,174
BRC103822,Item 3822,66.15,39
BRC103823,Item 3823,49.46,52
BRC103824,Item 3824,45.39,278
BRC103825,Item 3825,15.32,234
BRC103826,Item 3826,17.53,293
BRC103827,Item 3827,32.02,58
BRC103828,Item 3828,95.01,72
BRC103829,Item 3829,86.76,420
BRC103830,Item 3830,50.96,357
BRC103831,Item 3831,73.6,71
BRC103832,Item 3832,23.98,283
BRC103833,Item 3833,96.86,292
BRC103834,Item 3834,86.81,147
BRC103835,Item 3835,63.73,52
BRC103836,Item 3836,7.59,6
BRC103837,Item 3837,95.59,365
BRC103838,Item 3838,48.47,55
BRC103839,Item 3839,69.23,375
BRC103840,Item 3840,11.88,284
BRC103841,Item 3841,83.39,428
BRC103842,Item 3842,22.28,20
BRC103843,Item 3843,62.05,276
BRC103844,Item 3844,61.91,246
BRC103845,Item 3845,71.7,381
BRC103846,Item 3846,9.88,330
BRC103847,Item 3847,20.36,386
BRC103848,Item 3848,30.22,470
BRC103849,Item 3849,33.55,395
BRC103850,Item 3850,4.81,306
BRC103851,Item 3851,74.79,172
BRC103852,Item 3852,27.95,247
BRC103853,Item 3853,58.23,183
BRC103854,Item 3854,66.71,238
BRC103855,Item 3855,9.11,241
BRC103856,Item 3856,64.54,105
BRC103857,Item 3857,2.29,351
BRC103858,Item 3858,64.93,31
BRC103859,Item 3859,43.36,290
BRC103860,Item 3860,26.68,159
BRC103861,Item 3861,54.44,4
BRC103862,Item 3862,26.28,285
BRC103863,Item 3863,9.57,14
BRC103864,Item 3864,35.35,150
BRC103865,Item 3865,38.83,472
BRC103866,Item 3866,13.62,384
BRC103867,Item 3867,95.08,16
BRC103868,Item 3868,27.4,469
BRC103869,Item 3869,44.24,16
BRC103870,Item 3870,77.99,56
BRC103871,Item 3871,23.13,226
BRC103872,Item 3872,32.48,358
BRC103873,Item 3873,31.55,122
BRC103874,Item 3874,39.6,28
BRC103875,Item 3875,94.87,7
BRC103876,Item 3876,5.83,97
BRC103877,Item 3877,11.28,203
BRC103878,Item 3878,82.3,35
BRC103879,Item 3879,4.73,369
BRC103880,Item 3880,33.14,362
BRC103881,Item 3881,47.95,83
BRC103882,Item 3882,87.87,340
BRC103883,Item 3883,11.42,23
BRC103884,Item 3884,38.74,84
BRC103885,Item 3885,59.01,6
BRC103886,Item 3886,98.91,354
BRC103887,Item 3887,38.31,223
BRC103888,Item 3888,2.07,417
BRC103889,Item 3889,48.36,350
BRC103890,Item 3890,79.59,18
BRC103891,Item 3891,15.48,55
BRC103892,Item 3892,58.02,95
BRC103893,Item 3893,30.14,399
BRC103894,Item 3894,51.34,224
BRC103895,Item 3895,40.04,202
BRC103896,Item 3896,3.07,486
BRC103897,Item 3897,99.09,145
BRC103898,Item 3898,62.92,192
BRC103899,Item 3899,29.45,47
BRC103900,Item 3900,73.68,2
BRC103901,Item 3901,42.95,414
BRC103902,Item 3902,72.71,238
BRC103903,Item 3903,62.55,188
BRC103904,Item 3904,6.56,327
BRC103905,Item 3905,27.47,335
BRC103906,Item 3906,60.82,62
BRC103907,Item 3907,7.4,79
BRC103908,Item 3908,58.9,229
BRC103909,Item 3909,88.56,228
BRC103910,Item 3910,60.71,87
BRC103911,Item 3911,33.32,153
BRC103912,Item 3912,18.77,225
BRC103913,Item 3913,77.44,164
BRC103914,Item 3914,38.58,158
BRC103915,Item 3915,10.86,104
BRC103916,Item 3916,49.81,497
BRC103917,Item 3917,89.27,44
BRC103918,Item 3918,25.77,111
BRC103919,Item 3919,82.17,224
BRC103920,Item 3920,24.15,210
BRC103921,Item 3921,37.62,147
BRC103922,Item 3922,20.11,270
BRC103923,Item 3923,6.13,275
BRC103924,Item 3924,76.9,367
BRC103925,Item 3925,38.7,107
BRC103926,Item 3926,27.62,228
BRC103927,Item 3927,57.55,20
BRC103928,Item 3928,52.49,8
BRC103929,Item 3929,12.36,104
BRC103930,Item 3930,26.86,372
BRC103931,Item 3931,86.29,351
BRC103932,Item 3932,35.45,101
BRC103933,Item 3933,51.23,484
BRC103934,Item 3934,26.03,23
BRC103935,Item 3935,77.84,399
BRC103936,Item 3936,25.42,294
BRC103937,Item 3937,51.76,232
BRC103938,Item 3938,17.32,29
BRC103939,Item 3939,16.51,153
BRC103940,Item 3940,26.59,45
BRC103941,Item 3941,14.8,407
BRC103942,Item 3942,10.33,413
BRC103943,Item 3943,30.26,217
BRC103944,Item 3944,61.44,186
BRC103945,Item 3945,96.66,390
BRC103946,Item 3946,80.98,359
BRC103947,Item 3947,97.41,9
BRC103948,Item 3948,70.95,486
BRC103949,Item 3949,27.25,432
BRC103950,Item 3950,80.38,464
BRC103951,Item 3951,91.29,90
BRC103952,Item 3952,53.48,2
BRC103953,Item 3953,90.06,302
BRC103954,Item 3954,36.52,453
BRC103955,Item 3955,61.73,246
BRC103956,Item 3956,2.45,339
BRC103957,Item 3957,33.27,210
BRC103958,Item 3958,82.53,117
BRC103959,Item 3959,30.08,199
BRC103960,Item 3960,12.08,494
BRC103961,Item 3961,39.11,389
BRC103962,Item 3962,72.85,287
BRC103963,Item 3963,82.54,319
BRC103964,Item 3964,3.98,340
BRC103965,Item 3965,73.95,126
BRC103966,Item 3966,15.59,179
BRC103967,Item 3967,40.31,75
BRC103968,Item 3968,45.94,325
BRC103969,Item 3969,78.41,410
BRC103970,Item 3970,86.78,355
BRC103971,Item 3971,15.58,365
BRC103972,Item 3972,13.64,77
BRC103973,Item 3973,67.8,379
BRC103974,Item 3974,18.54,164
BRC103975,Item 3975,30.68,51
BRC103976,Item 3976,66.0,44
BRC103977,Item 3977,85.73,23
BRC103978,Item 3978,17.26,200
BRC103979,Item 3979,61.08,21
BRC103980,Item 3980,68.73,322
BRC103981,Item 3981,50.47,384
BRC103982,Item 3982,60.48,136
BRC103983,Item 3983,70.41,373
BRC103984,Item 3984,6.75,353
BRC103985,Item 3985,1.88,160
BRC103986,Item 3986,82.47,383
BRC103987,Item 3987,41.11,3
BRC103988,Item 3988,17.81,156
BRC103989,Item 3989,80.62,122
BRC103990,Item 3990,97.9,12
BRC103991,Item 3991,82.25,111
BRC103992,Item 3992,49.13,61
BRC103993,Item 3993,10.64,99
BRC103994,Item 3994,90.86,176
BRC103995,Item 3995,31.08,337
BRC103996,Item 3996,51.23,140
BRC103997,Item 3997,93.88,269
BRC103998,Item 3998,96.75,289
BRC103999,Item 3999,44.89,182
BRC104000,Item 4000,95.55,252
BRC104001,Item 4001,94.89,453
BRC104002,Item 4002,72.54,51
BRC104003,Item 4003,4.33,422
BRC104004,Item 4004,85.48,95
BRC104005,Item 4005,91.26,62
BRC104006,Item 4006,13.91,381
BRC104007,Item 4007,21.72,10
BRC104008,Item 4008,59.35,178
BRC104009,Item 4009,6.37,435
BRC104010,Item 4010,40.4,344
BRC104011,Item 4011,98.15,489
BRC104012,Item 4012,39.21,143
BRC104013,Item 4013,12.25,344
BRC104014,Item 4014,28.19,123
BRC104015,Item 4015,65.3,292
BRC104016,Item 4016,6.14,491
BRC104017,Item 4017,9.17,89
BRC104018,Item 4018,49.71,47
BRC104019,Item 4019,50.73,258
BRC104020,Item 4020,47.6,262
BRC104021,Item 4021,68.89,448
BRC104022,Item 4022,96.64,382
BRC104023,Item 4023,31.49,24
BRC104024,Item 4024,4.47,115
BRC104025,Item 4025,17.77,474
BRC104026,Item 4026,20.58,470
BRC104027,Item 4027,77.43,57
BRC104028,Item 4028,31.3,130
BRC104029,Item 4029,10.02,101
BRC104030,Item 4030,44.46,463
BRC104031,Item 4031,78.04,437
BRC104032,Item 4032,24.84,442
BRC104033,Item 4033,94.78,463
BRC104034,Item 4034,78.62,480
BRC104035,Item 4035,19.44,382
BRC104036,Item 4036,81.75,100
BRC104037,Item 4037,29.02,499
BRC104038,Item 4038,57.27,433
BRC104039,Item 4039,81.46,399
BRC104040,Item 4040,25.54,78
BRC104041,Item 4041,67.78,163
BRC104042,Item 4042,89.44,289
BRC104043,Item 4043,49.13,64
BRC104044,Item 4044,36.04,281
BRC104045,Item 4045,58.16,64
BRC104046,Item 4046,8.1,307
BRC104047,Item 4047,26.18,172
BRC104048,Item 4048,66.72,68
BRC104049,Item 4049,11.94,126
BRC104050,Item 4050,28.98,316
BRC104051,Item 4051,52.05,163
BRC104052,Item 4052,94.04,307
BRC104053,Item 4053,87.8,467
BRC104054,Item 4054,37.74,52
BRC104055,Item 4055,9.01,95
BRC104056,Item 4056,39.16,15
BRC104057,Item 4057,31.02,224
BRC104058,Item 4058,57.07,325
BRC104059,Item 4059,57.19,455
BRC104060,Item 4060,97.06,443
BRC104061,Item 4061,87.82,203
BRC104062,Item 4062,90.62,44
BRC104063,Item 4063,73.56,476
BRC104064,Item 4064,99.22,191
BRC104065,Item 4065,93.97,224
BRC104066,Item 4066,81.0,214
BRC104067,Item 4067,57.42,411
BRC104068,Item 4068,43.76,26
BRC104069,Item 4069,71.46,500
BRC104070,Item 4070,62.46,347
BRC104071,Item 4071,97.7,267
BRC104072,Item 4072,98.05,109
BRC104073,Item 4073,27.16,71
BRC104074,Item 4074,28.58,235
BRC104075,Item 4075,92.23,224
BRC104076,Item 4076,28.18,330
BRC104077,Item 4077,98.21,375
BRC104078,Item 4078,98.02,293
BRC104079,Item 4079,63.18,250
BRC104080,Item 4080,79.45,372
BRC104081,Item 4081,75.43,402
BRC104082,Item 4082,64.32,350
BRC104083,Item 4083,42.11,222
BRC104084,Item 4084,6.49,226
BRC104085,Item 4085,28.15,180
BRC104086,Item 4086,61.66,408
BRC104087,Item 4087,11.48,5
BRC104088,Item 4088,72.91,473
BRC104089,Item 4089,6.02,368
BRC104090,Item 4090,71.02,351
BRC104091,Item 4091,95.43,185
BRC104092,Item 4092,44.24,178
BRC104093,Item 4093,85.97,94
BRC104094,Item 4094,34.95,44
BRC104095,Item 4095,35.5,404
BRC104096,Item 4096,38.57,302
BRC104097,Item 4097,44.81,7
BRC104098,Item 4098,93.62,205
BRC104099,Item 4099,74.39,370
BRC104100,Item 4100,66.82,48
BRC104101,Item 4101,54.69,265
BRC104102,Item 4102,34.86,109
BRC104103,Item 4103,76.9,124
BRC104104,Item 4104,74.08,471
BRC104105,Item 4105,31.35,224
BRC104106,Item 4106,9.48,137
BRC104107,Item 4107,80.16,379
BRC104108,Item 4108,65.95,446
BRC104109,Item 4109,15.2,158
BRC104110,Item 4110,3.03,198
BRC104111,Item 4111,35.81,437
BRC104112,Item 4112,27.98,400
BRC104113,Item 4113,60.0,405
BRC104114,Item 4114,93.82,100
BRC104115,Item 4115,88.97,418
BRC104116,Item 4116,90.04,198
BRC104117,Item 4117,19.0,370
BRC104118,Item 4118,50.54,304
BRC104119,Item 4119,65.06,249
BRC104120,Item 4120,33.08,468
BRC104121,Item 4121,36.13,4
BRC104122,Item 4122,27.78,473
BRC104123,Item 4123,41.44,204
BRC104124,Item 4124,10.69,157
BRC104125,Item 4125,15.26,329
BRC104126,Item 4126,65.78,32
BRC104127,Item 4127,32.77,128
BRC104128,Item 4128,43.47,396
BRC104129,Item 4129,15.96,173
BRC104130,Item 4130,45.6,361
BRC104131,Item 4131,27.13,263
BRC104132,Item 4132,36.76,336
BRC104133,Item 4133,19.37,152
BRC104134,Item 4134,97.61,465
BRC104135,Item 4135,76.12,245
BRC104136,Item 4136,97.02,449
BRC104137,Item 4137,80.91,254
BRC104138,Item 4138,5.54,426
BRC104139,Item 4139,33.76,376
BRC104140,Item 4140,63.89,247
BRC104141,Item 4141,16.55,370
BRC104142,Item 4142,28.68,12
BRC104143,Item 4143,30.46,325
BRC104144,Item 4144,52.71,19
BRC104145,Item 4145,92.32,414
BRC104146,Item 4146,69.6,111
BRC104147,Item 4147,40.93,50
BRC104148,Item 4148,5.67,153
BRC104149,Item 4149,34.57,49
BRC104150,Item 4150,2.52,202
BRC104151,Item 4151,26.64,30
BRC104152,Item 4152,87.84,207
BRC104153,Item 4153,43.3,77
BRC104154,Item 4154,36.67,266
BRC104155,Item 4155,95.41,111
BRC104156,Item 4156,98.02,99
BRC104157,Item 4157,72.68,268
BRC104158,Item 4158,43.52,404
BRC104159,Item 4159,1.12,385
BRC104160,Item 4160,63.54,89
BRC104161,Item 4161,74.93,472
BRC104162,Item 4162,42.52,282
BRC104163,Item 4163,87.2,242
BRC104164,Item 4164,90.84,126
BRC104165,Item 4165,18.28,140
BRC104166,Item 4166,63.85,52
BRC104167,Item 4167,55.46,286
BRC104168,Item 4168,11.53,429
BRC104169,Item 4169,85.39,343
BRC104170,Item 4170,75.23,456
BRC104171,Item 4171,32.37,201
BRC104172,Item 4172,44.77,459
BRC104173,Item 4173,85.39,342
BRC104174,Item 4174,48.65,58
BRC104175,Item 4175,67.46,382
BRC104176,Item 4176,50.44,495
BRC104177,Item 4177,28.33,76
BRC104178,Item 4178,63.18,227
BRC104179,Item 4179,36.69,417
BRC104180,Item 4180,60.33,463
BRC104181,Item 4181,23.17,315
BRC104182,Item 4182,82.92,413
BRC104183,Item 4183,61.62,110
BRC104184,Item 4184,5.11,278
BRC104185,Item 4185,57.84,473
BRC104186,Item 4186,37.53,59
BRC104187,Item 4187,28.42,332
BRC104188,Item 4188,72.69,62
BRC104189,Item 4189,85.63,304
BRC104190,Item 4190,40.12,403
BRC104191,Item 4191,26.47,226
BRC104192,Item 4192,16.7,316
BRC104193,Item 4193,80.28,92
BRC104194,Item 4194,61.5,355
BRC104195,Item 4195,13.09,338
BRC104196,Item 4196,55.83,253
BRC104197,Item 4197,60.33,62
BRC104198,Item 4198,10.68,434
BRC104199,Item 4199,89.31,375
BRC104200,Item 4200,4.93,480
BRC104201,Item 4201,52.38,28
BRC104202,Item 4202,35.85,152
BRC104203,Item 4203,50.99,190
BRC104204,Item 4204,64.93,66
BRC104205,Item 4205,79.53,22
BRC104206,Item 4206,25.15,374
BRC104207,Item 4207,29.87,388
BRC104208,Item 4208,18.13,251
BRC104209,Item 4209,52.98,425
BRC104210,Item 4210,70.31,292
BRC104211,Item 4211,5.31,331
BRC104212,Item 4212,26.13,475
BRC104213,Item 4213,23.2,371
BRC104214,Item 4214,61.1,67
BRC104215,Item 4215,45.23,472
BRC104216,Item 4216,39.9,249
BRC104217,Item 4217,70.92,1
BRC104218,Item 4218,56.53,54
BRC104219,Item 4219,83.81,47
BRC104220,Item 4220,83.65,483
BRC104221,Item 4221,43.81,271
BRC104222,Item 4222,76.06,55
BRC104223,Item 4223,11.78,179
BRC104224,Item 4224,65.43,33
BRC104225,Item 4225,47.89,335
BRC104226,Item 4226,58.74,88
BRC104227,Item 4227,60.81,438
BRC104228,Item 4228,25.08,30
BRC104229,Item 4229,98.21,309
BRC104230,Item 4230,52.77,21
BRC104231,Item 4231,43.34,160
BRC104232,Item 4232,44.55,242
BRC104233,Item 4233,85.77,294
BRC104234,Item 4234,42.3,438
BRC104235,Item 4235,86.08,270
BRC104236,Item 4236,68.72,194
BRC104237,Item 4237,84.95,23
BRC104238,Item 4238,90.72,126
BRC104239,Item 4239,52.04,122
BRC104240,Item 4240,91.73,336
BRC104241,Item 4241,58.06,370
BRC104242,Item 4242,56.61,76
BRC104243,Item 4243,8.11,94
BRC104244,Item 4244,32.54,20
BRC104245,Item 4245,41.29,384
BRC104246,Item 4246,95.5,85
BRC104247,Item 4247,88.08,296
BRC104248,Item 4248,21.65,208
BRC104249,Item 4249,82.62,499
BRC104250,Item 4250,88.05,91
BRC104251,Item 4251,54.96,296
BRC104252,Item 4252,65.73,2
BRC104253,Item 4253,56.03,103
BRC104254,Item 4254,84.77,94
BRC104255,Item 4255,87.25,8
BRC104256,Item 4256,40.56,356
BRC104257,Item 4257,27.04,378
BRC104258,Item 4258,6.15,327
BRC104259,Item 4259,40.16,393
BRC104260,Item 4260,29.39,402
BRC104261,Item 4261,38.58,430
BRC104262,Item 4262,8.19,252
BRC104263,Item 4263,11.71,319
BRC104264,Item 4264,97.0,450
BRC104265,Item 4265,86.5,367
BRC104266,Item 4266,51.31,447
BRC104267,Item 4267,85.21,328
BRC104268,Item 4268,39.16,417
BRC104269,Item 4269,49.89,91
BRC104270,Item 4270,50.27,481
BRC104271,Item 4271,81.4,436
BRC104272,Item 4272,68.65,83
BRC104273,Item 4273,66.54,251
BRC104274,Item 4274,48.32,215
BRC104275,Item 4275,15.61,236
BRC104276,Item 4276,46.78,27
BRC104277,Item 4277,30.12,327
BRC104278,Item 4278,50.63,223
BRC104279,Item 4279,12.51,219
BRC104280,Item 4280,86.77,101
BRC104281,Item 4281,9.1,5
BRC104282,Item 4282,62.51,63
BRC104283,Item 4283,57.75,381
BRC104284,Item 4284,84.66,129
BRC104285,Item 4285,33.97,210
BRC104286,Item 4286,7.77,405
BRC104287,Item 4287,86.83,328
BRC104288,Item 4288,11.51,20
BRC104289,Item 4289,29.61,48
BRC104290,Item 4290,69.92,233
BRC104291,Item 4291,38.93,139
BRC104292,Item 4292,43.67,494
BRC104293,Item 4293,3.36,340
BRC104294,Item 4294,46.31,281
BRC104295,Item 4295,64.51,200
BRC104296,Item 4296,11.71,212
BRC104297,Item 4297,45.19,462
BRC104298,Item 4298,49.1,81
BRC104299,Item 4299,41.24,115
BRC104300,Item 4300,81.79,411
BRC104301,Item 4301,33.63,121
BRC104302,Item 4302,46.58,27
BRC104303,Item 4303,67.49,259
BRC104304,Item 4304,32.99,383
BRC104305,Item 4305,17.08,273
BRC104306,Item 4306,80.28,424
BRC104307,Item 4307,51.31,96
BRC104308,Item 4308,52.25,49
BRC104309,Item 4309,72.05,328
BRC104310,Item 4310,94.87,142
BRC104311,Item 4311,1.46,316
BRC104312,Item 4312,88.67,320
BRC104313,Item 4313,55.26,355
BRC104314,Item 4314,36.95,264
BRC104315,Item 4315,66.26,487
BRC104316,Item 4316,6.07,335
BRC104317,Item 4317,48.25,78
BRC104318,Item 4318,73.51,368
BRC104319,Item 4319,67.23,59
BRC104320,Item 4320,4.41,185
BRC104321,Item 4321,81.04,153
BRC104322,Item 4322,14.15,142
BRC104323,Item 4323,72.69,212
BRC104324,Item 4324,84.81,220
BRC104325,Item 4325,80.27,438
BRC104326,Item 4326,84.3,479
BRC104327,Item 4327,92.21,142
BRC104328,Item 4328,66.54,302
BRC104329,Item 4329,54.81,338
BRC104330,Item 4330,94.26,46
BRC104331,Item 4331,24.36,104
BRC104332,Item 4332,42.78,140
BRC104333,Item 4333,64.11,203
BRC104334,Item 4334,7.26,202
BRC104335,Item 4335,9.29,238
BRC104336,Item 4336,6.64,123
BRC104337,Item 4337,44.49,29
BRC104338,Item 4338,72.82,483
BRC104339,Item 4339,43.91,379
BRC104340,Item 4340,89.64,210
BRC104341,Item 4341,54.71,6
BRC104342,Item 4342,2.56,30
BRC104343,Item 4343,60.67,148
BRC104344,Item 4344,53.16,462
BRC104345,Item 4345,2.86,232
BRC104346,Item 4346,2.56,443
BRC104347,Item 4347,81.11,413
BRC104348,Item 4348,36.63,9
BRC104349,Item 4349,7.07,56
BRC104350,Item 4350,67.28,415
BRC104351,Item 4351,94.13,442
BRC104352,Item 4352,92.32,362
BRC104353,Item 4353,12.15,309
BRC104354,Item 4354,28.01,231
BRC104355,Item 4355,79.01,107
BRC104356,Item 4356,35.03,257
BRC104357,Item 4357,88.51,320
BRC104358,Item 4358,99.18,492
BRC104359,Item 4359,12.7,48
BRC104360,Item 4360,91.67,333
BRC104361,Item 4361,86.82,138
BRC104362,Item 4362,42.51,361
BRC104363,Item 4363,68.29,259
BRC104364,Item 4364,78.42,464
BRC104365,Item 4365,90.42,391
BRC104366,Item 4366,66.78,482
BRC104367,Item 4367,28.97,278
BRC104368,Item 4368,61.93,366
BRC104369,Item 4369,78.89,276
BRC104370,Item 4370,39.19,430
BRC104371,Item 4371,83.27,396
BRC104372,Item 4372,63.6,54
BRC104373,Item 4373,14.0,498
BRC104374,Item 4374,63.89,478
BRC104375,Item 4375,30.0,256
BRC104376,Item 4376,64.21,371
BRC104377,Item 4377,39.29,406
BRC104378,Item 4378,50.99,291
BRC104379,Item 4379,75.55,27
BRC104380,Item 4380,68.35,447
BRC104381,Item 4381,89.4,14
BRC104382,Item 4382,56.84,156
BRC104383,Item 4383,62.19,475
BRC104384,Item 4384,42.47,451
BRC104385,Item 4385,11.11,407
BRC104386,Item 4386,54.49,378
BRC104387,Item 4387,61.82,226
BRC104388,Item 4388,2.81,178
BRC104389,Item 4389,16.2,94
BRC104390,Item 4390,27.69,176
BRC104391,Item 4391,32.36,326
BRC104392,Item 4392,97.96,460
BRC104393,Item 4393,78.48,209
BRC104394,Item 4394,26.5,327
BRC104395,Item 4395,55.03,205
BRC104396,Item 4396,9.56,145
BRC104397,Item 4397,32.15,185
BRC104398,Item 4398,27.77,255
BRC104399,Item 4399,7.64,167
BRC104400,Item 4400,51.94,17
BRC104401,Item 4401,33.39,346
BRC104402,Item 4402,60.15,467
BRC104403,Item 4403,63.11,106
BRC104404,Item 4404,65.96,214
BRC104405,Item 4405,63.61,483
BRC104406,Item 4406,47.57,472
BRC104407,Item 4407,1.72,120
BRC104408,Item 4408,9.85,71
BRC104409,Item 4409,21.02,403
BRC104410,Item 4410,66.03,93
BRC104411,Item 4411,59.88,302
BRC104412,Item 4412,99.68,473
BRC104413,Item 4413,2.39,277
BRC104414,Item 4414,4.9,143
BRC104415,Item 4415,81.82,447
BRC104416,Item 4416,48.98,310
BRC104417,Item 4417,36.69,329
BRC104418,Item 4418,65.11,78
BRC104419,Item 4419,34.15,178
BRC104420,Item 4420,70.55,27
BRC104421,Item 4421,37.25,182
BRC104422,Item 4422,46.26,184
BRC104423,Item 4423,48.23,334
BRC104424,Item 4424,76.76,78
BRC104425,Item 4425,69.26,102
BRC104426,Item 4426,22.28,443
BRC104427,Item 4427,85.76,145
BRC104428,Item 4428,38.56,90
BRC104429,Item 4429,31.02,238
BRC104430,Item 4430,71.79,185
BRC104431,Item 4431,97.53,219
BRC104432,Item 4432,44.38,363
BRC104433,Item 4433,43.75,363
BRC104434,Item 4434,90.91,47
BRC104435,Item 4435,49.44,461
BRC104436,Item 4436,16.21,204
BRC104437,Item 4437,18.87,126
BRC104438,Item 4438,12.86,13
BRC104439,Item 4439,48.18,241
BRC104440,Item 4440,71.99,89
BRC104441,Item 4441,60.66,393
BRC104442,Item 4442,89.62,120
BRC104443,Item 4443,88.3,295
BRC104444,Item 4444,38.15,325
BRC104445,Item 4445,82.35,150
BRC104446,Item 4446,79.19,171
BRC104447,Item 4447,4.86,289
BRC104448,Item 4448,53.48,214
BRC104449,Item 4449,87.03,154
BRC104450,Item 4450,80.43,17
BRC104451,Item 4451,29.17,79
BRC104452,Item 4452,47.03,395
BRC104453,Item 4453,49.75,92
BRC104454,Item 4454,82.47,264
BRC104455,Item 4455,85.29,438
BRC104456,Item 4456,57.41,380
BRC104457,Item 4457,99.68,278
BRC104458,Item 4458,41.23,178
BRC104459,Item 4459,87.7,357
BRC104460,Item 4460,50.07,177
BRC104461,Item 4461,14.94,385
BRC104462,Item 4462,96.0,252
BRC104463,Item 4463,58.52,218
BRC104464,Item 4464,88.03,62
BRC104465,Item 4465,21.08,300
BRC104466,Item 4466,18.89,499
BRC104467,Item 4467,48.8,390
BRC104468,Item 4468,65.42,370
BRC104469,Item 4469,33.95,72
BRC104470,Item 4470,31.46,343
BRC104471,Item 4471,67.22,404
BRC104472,Item 4472,37.36,321
BRC104473,Item 4473,17.3,455
BRC104474,Item 4474,2.45,22
BRC104475,Item 4475,95.42,398
BRC104476,Item 4476,70.11,458
BRC104477,Item 4477,93.98,276
BRC104478,Item 4478,58.13,334
BRC104479,Item 4479,9.56,58
BRC104480,Item 4480,23.54,43
BRC104481,Item 4481,77.31,14
BRC104482,Item 4482,43.77,273
BRC104483,Item 4483,16.99,98
BRC104484,Item 4484,37.23,162
BRC104485,Item 4485,87.56,461
BRC104486,Item 4486,40.94,468
BRC104487,Item 4487,46.72,243
BRC104488,Item 4488,34.53,244
BRC104489,Item 4489,86.99,28
BRC104490,Item 4490,67.91,27
BRC104491,Item 4491,89.96,186
BRC104492,Item 4492,43.93,159
BRC104493,Item 4493,24.06,94
BRC104494,Item 4494,21.65,22
BRC104495,Item 4495,69.08,125
BRC104496,Item 4496,84.64,108
BRC104497,Item 4497,49.29,190
BRC104498,Item 4498,6.55,420
BRC104499,Item 4499,7.91,148
BRC104500,Item 4500,84.65,426
BRC104501,Item 4501,24.06,487
BRC104502,Item 4502,27.21,432
BRC104503,Item 4503,2.81,329
BRC104504,Item 4504,62.33,462
BRC104505,Item 4505,34.37,293
BRC104506,Item 4506,15.73,481
BRC104507,Item 4507,45.87,363
BRC104508,Item 4508,33.75,346
BRC104509,Item 4509,75.6,396
BRC104510,Item 4510,11.0,215
BRC104511,Item 4511,48.12,380
BRC104512,Item 4512,31.42,471
BRC104513,Item 4513,76.38,15
BRC104514,Item 4514,63.67,121
BRC104515,Item 4515,61.98,345
BRC104516,Item 4516,62.2,433
BRC104517,Item 4517,2.35,79
BRC104518,Item 4518,34.17,380
BRC104519,Item 4519,42.5,227
BRC104520,Item 4520,86.9,395
BRC104521,Item 4521,3.51,412
BRC104522,Item 4522,43.9,214
BRC104523,Item 4523,17.55,101
BRC104524,Item 4524,25.08,423
BRC104525,Item 4525,50.24,124
BRC104526,Item 4526,22.61,51
BRC104527,Item 4527,54.44,248
BRC104528,Item 4528,48.79,176
BRC104529,Item 4529,56.23,200
BRC104530,Item 4530,66.57,347
BRC104531,Item 4531,10.13,157
BRC104532,Item 4532,27.0,210
BRC104533,Item 4533,18.7,391
BRC104534,Item 4534,85.41,438
BRC104535,Item 4535,97.84,343
BRC104536,Item 4536,33.95,315
BRC104537,Item 4537,45.3,390
BRC104538,Item 4538,22.31,73
BRC104539,Item 4539,66.82,361
BRC104540,Item 4540,55.59,161
BRC104541,Item 4541,37.93,399
BRC104542,Item 4542,73.56,492
BRC104543,Item 4543,73.66,65
BRC104544,Item 4544,81.44,102
BRC104545,Item 4545,70.76,309
BRC104546,Item 4546,92.71,250
BRC104547,Item 4547,51.67,316
BRC104548,Item 4548,85.28,11
BRC104549,Item 4549,44.03,138
BRC104550,Item 4550,83.71,395
BRC104551,Item 4551,52.21,284
BRC104552,Item 4552,63.46,28
BRC104553,Item 4553,10.25,232
BRC104554,Item 4554,2.46,78
BRC104555,Item 4555,40.4,499
BRC104556,Item 4556,83.99,13
BRC104557,Item 4557,72.93,114
BRC104558,Item 4558,64.75,187
BRC104559,Item 4559,15.7,185
BRC104560,Item 4560,1.14,9
BRC104561,Item 4561,68.88,428
BRC104562,Item 4562,18.51,498
BRC104563,Item 4563,97.61,279
BRC104564,Item 4564,74.65,351
BRC104565,Item 4565,49.77,32
BRC104566,Item 4566,11.91,390
BRC104567,Item 4567,12.46,437
BRC104568,Item 4568,79.57,160
BRC104569,Item 4569,71.87,171
BRC104570,Item 4570,1.68,2
BRC104571,Item 4571,20.87,104
BRC104572,Item 4572,46.52,86
BRC104573,Item 4573,74.43,237
BRC104574,Item 4574,46.11,258
BRC104575,Item 4575,28.41,308
BRC104576,Item 4576,77.13,320
BRC104577,Item 4577,28.96,427
BRC104578,Item 4578,16.01,114
BRC104579,Item 4579,85.61,208
BRC104580,Item 4580,23.23,197
BRC104581,Item 4581,81.58,23
BRC104582,Item 4582,87.78,120
BRC104583,Item 4583,79.99,52
BRC104584,Item 4584,81.95,295
BRC104585,Item 4585,28.63,369
BRC104586,Item 4586,94.04,159
BRC104587,Item 4587,35.74,76
BRC104588,Item 4588,92.59,207
BRC104589,Item 4589,90.92,288
BRC104590,Item 4590,41.55,29
BRC104591,Item 4591,76.45,320
BRC104592,Item 4592,82.64,174
BRC104593,Item 4593,86.51,335
BRC104594,Item 4594,56.08,388
BRC104595,Item 4595,27.09,12
BRC104596,Item 4596,32.2,270
BRC104597,Item 4597,73.02,87
BRC104598,Item 4598,56.97,63
BRC104599,Item 4599,73.85,153
BRC104600,Item 4600,82.74,79
BRC104601,Item 4601,19.4,468
BRC104602,Item 4602,42.51,176
BRC104603,Item 4603,59.82,318
BRC104604,Item 4604,69.34,257
BRC104605,Item 4605,65.83,378
BRC104606,Item 4606,3.65,320
BRC104607,Item 4607,98.21,312
BRC104608,Item 4608,81.36,235
BRC104609,Item 4609,99.79,191
BRC104610,Item 4610,11.22,420
BRC104611,Item 4611,18.8,93
BRC104612,Item 4612,42.35,438
BRC104613,Item 4613,97.12,342
BRC104614,Item 4614,26.6,361
BRC104615,Item 4615,8.14,54
BRC104616,Item 4616,15.07,101
BRC104617,Item 4617,48.34,370
BRC104618,Item 4618,4.63,57
BRC104619,Item 4619,95.41,442
BRC104620,Item 4620,10.86,163
BRC104621,Item 4621,6.46,137
BRC104622,Item 4622,1.7,352
BRC104623,Item 4623,38.22,316
BRC104624,Item 4624,5.95,48
BRC104625,Item 4625,81.75,79
BRC104626,Item 4626,31.83,347
BRC104627,Item 4627,79.95,145
BRC104628,Item 4628,86.34,384
BRC104629,Item 4629,58.36,98
BRC104630,Item 4630,49.29,335
BRC104631,Item 4631,50.83,280
BRC104632,Item 4632,21.85,115
BRC104633,Item 4633,93.8,370
BRC104634,Item 4634,84.2,477
BRC104635,Item 4635,67.48,344
BRC104636,Item 4636,72.71,184
BRC104637,Item 4637,50.72,360
BRC104638,Item 4638,56.48,299
BRC104639,Item 4639,65.85,260
BRC104640,Item 4640,30.01,331
BRC104641,Item 4641,29.59,51
BRC104642,Item 4642,43.85,281
BRC104643,Item 4643,71.32,225
BRC104644,Item 4644,78.96,480
BRC104645,Item 4645,21.69,67
BRC104646,Item 4646,43.85,448
BRC104647,Item 4647,38.75,142
BRC104648,Item 4648,88.77,139
BRC104649,Item 4649,56.97,223
BRC104650,Item 4650,2.93,327
BRC104651,Item 4651,21.94,8
BRC104652,Item 4652,5.15,487
BRC104653,Item 4653,15.88,215
BRC104654,Item 4654,93.15,492
BRC104655,Item 4655,9.9,487
BRC104656,Item 4656,75.37,13
BRC104657,Item 4657,91.97,252
BRC104658,Item 4658,92.96,224
BRC104659,Item 4659,54.75,396
BRC104660,Item 4660,73.04,153
BRC104661,Item 4661,29.27,27
BRC104662,Item 4662,13.51,434
BRC104663,Item 4663,56.28,59
BRC104664,Item 4664,15.44,287
BRC104665,Item 4665,47.04,279
BRC104666,Item 4666,37.72,151
BRC104667,Item 4667,73.32,204
BRC104668,Item 4668,47.34,185
BRC104669,Item 4669,17.52,211
BRC104670,Item 4670,27.81,152
BRC104671,Item 4671,22.42,422
BRC104672,Item 4672,66.75,283
BRC104673,Item 4673,21.39,5
BRC104674,Item 4674,33.41,180
BRC104675,Item 4675,91.87,428
BRC104676,Item 4676,57.2,396
BRC104677,Item 4677,55.07,498
BRC104678,Item 4678,1.84,244
BRC104679,Item 4679,1.87,2
BRC104680,Item 4680,89.75,496
BRC104681,Item 4681,9.27,199
BRC104682,Item 4682,38.07,447
BRC104683,Item 4683,32.83,420
BRC104684,Item 4684,10.6,393
BRC104685,Item 4685,29.12,374
BRC104686,Item 4686,32.77,81
BRC104687,Item 4687,31.64,94
BRC104688,Item 4688,6.82,451
BRC104689,Item 4689,39.63,452
BRC104690,Item 4690,2.5,253
BRC104691,Item 4691,68.89,12
BRC104692,Item 4692,80.53,450
BRC104693,Item 4693,59.64,316
BRC104694,Item 4694,83.03,500
BRC104695,Item 4695,50.19,109
BRC104696,Item 4696,2.59,81
BRC104697,Item 4697,57.11,319
BRC104698,Item 4698,35.72,383
BRC104699,Item 4699,65.18,391
BRC104700,Item 4700,77.86,445
BRC104701,Item 4701,9.26,335
BRC104702,Item 4702,68.92,356
BRC104703,Item 4703,38.95,428
BRC104704,Item 4704,66.73,355
BRC104705,Item 4705,6.45,283
BRC104706,Item 4706,12.57,225
BRC104707,Item 4707,3.35,100
BRC104708,Item 4708,70.51,365
BRC104709,Item 4709,71.0,363
BRC104710,Item 4710,70.86,54
BRC104711,Item 4711,58.87,249
BRC104712,Item 4712,72.38,110
BRC104713,Item 4713,19.04,6
BRC104714,Item 4714,42.65,416
BRC104715,Item 4715,77.28,217
BRC104716,Item 4716,83.96,278
BRC104717,Item 4717,99.09,25
BRC104718,Item 4718,52.97,82
BRC104719,Item 4719,87.42,352
BRC104720,Item 4720,87.23,153
BRC104721,Item 4721,49.97,2
BRC104722,Item 4722,12.8,474
BRC104723,Item 4723,55.71,463
BRC104724,Item 4724,64.49,123
BRC104725,Item 4725,45.67,101
BRC104726,Item 4726,96.35,341
BRC104727,Item 4727,23.11,418
BRC104728,Item 4728,90.54,58
BRC104729,Item 4729,89.08,198
BRC104730,Item 4730,34.77,245
BRC104731,Item 4731,66.22,58
BRC104732,Item 4732,38.49,481
BRC104733,Item 4733,60.47,182
BRC104734,Item 4734,33.34,23
BRC104735,Item 4735,16.82,462
BRC104736,Item 4736,74.86,196
BRC104737,Item 4737,77.17,3
BRC104738,Item 4738,61.67,213
BRC104739,Item 4739,16.2,347
BRC104740,Item 4740,96.42,438
BRC104741,Item 4741,71.55,423
BRC104742,Item 4742,46.78,1
BRC104743,Item 4743,23.27,221
BRC104744,Item 4744,96.37,476
BRC104745,Item 4745,29.18,194
BRC104746,Item 4746,12.85,437
BRC104747,Item 4747,6.5,356
BRC104748,Item 4748,60.39,487
BRC104749,Item 4749,77.83,120
BRC104750,Item 4750,86.67,477
BRC104751,Item 4751,22.47,157
BRC104752,Item 4752,36.94,342
BRC104753,Item 4753,16.95,170
BRC104754,Item 4754,60.64,292
BRC104755,Item 4755,30.78,97
BRC104756,Item 4756,33.84,174
BRC104757,Item 4757,66.19,397
BRC104758,Item 4758,41.9,471
BRC104759,Item 4759,90.95,325
BRC104760,Item 4760,50.87,226
BRC104761,Item 4761,19.34,274
BRC104762,Item 4762,4.3,335
BRC104763,Item 4763,34.45,194
BRC104764,Item 4764,76.29,428
BRC104765,Item 4765,61.0,45
BRC104766,Item 4766,28.14,73
BRC104767,Item 4767,21.97,184
BRC104768,Item 4768,25.07,441
BRC104769,Item 4769,48.66,95
BRC104770,Item 4770,62.98,14
BRC104771,Item 4771,85.0,200
BRC104772,Item 4772,6.61,116
BRC104773,Item 4773,56.26,330
BRC104774,Item 4774,6.79,133
BRC104775,Item 4775,50.24,442
BRC104776,Item 4776,37.62,428
BRC104777,Item 4777,77.83,406
BRC104778,Item 4778,95.89,412
BRC104779,Item 4779,12.52,67
BRC104780,Item 4780,5.36,26
BRC104781,Item 4781,13.74,96
BRC104782,Item 4782,1.94,247
BRC104783,Item 4783,16.7,492
BRC104784,Item 4784,97.34,378
BRC104785,Item 4785,32.24,83
BRC104786,Item 4786,18.14,245
BRC104787,Item 4787,32.48,118
BRC104788,Item 4788,16.8,143
BRC104789,Item 4789,65.17,275
BRC104790,Item 4790,91.82,251
BRC104791,Item 4791,62.88,32
BRC104792,Item 4792,71.06,206
BRC104793,Item 4793,36.25,224
BRC104794,Item 4794,52.12,251
BRC104795,Item 4795,40.66,38
BRC104796,Item 4796,49.41,344
BRC104797,Item 4797,79.09,487
BRC104798,Item 4798,95.64,314
BRC104799,Item 4799,34.65,243
BRC104800,Item 4800,13.91,113
BRC104801,Item 4801,55.41,332
BRC104802,Item 4802,75.06,96
BRC104803,Item 4803,75.82,66
BRC104804,Item 4804,54.02,72
BRC104805,Item 4805,57.1,342
BRC104806,Item 4806,25.29,26
BRC104807,Item 4807,42.57,426
BRC104808,Item 4808,60.56,182
BRC104809,Item 4809,19.55,430
BRC104810,Item 4810,58.33,173
BRC104811,Item 4811,66.89,44
BRC104812,Item 4812,65.22,449
BRC104813,Item 4813,13.52,487
BRC104814,Item 4814,80.69,332
BRC104815,Item 4815,54.87,246
BRC104816,Item 4816,29.92,148
BRC104817,Item 4817,39.38,226
BRC104818,Item 4818,86.43,297
BRC104819,Item 4819,16.49,469
BRC104820,Item 4820,65.02,35
BRC104821,Item 4821,39.86,380
BRC104822,Item 4822,92.34,205
BRC104823,Item 4823,35.4,332
BRC104824,Item 4824,78.81,330
BRC104825,Item 4825,85.91,202
BRC104826,Item 4826,37.55,258
BRC104827,Item 4827,38.32,348
BRC104828,Item 4828,91.81,486
BRC104829,Item 4829,63.74,320
BRC104830,Item 4830,26.98,441
BRC104831,Item 4831,40.12,188
BRC104832,Item 4832,71.79,245
BRC104833,Item 4833,22.79,262
BRC104834,Item 4834,90.47,329
BRC104835,Item 4835,38.25,28
BRC104836,Item 4836,30.6,118
BRC104837,Item 4837,23.58,332
BRC104838,Item 4838,77.68,120
BRC104839,Item 4839,46.31,290
BRC104840,Item 4840,64.86,185
BRC104841,Item 4841,85.91,72
BRC104842,Item 4842,76.73,27
BRC104843,Item 4843,59.46,493
BRC104844,Item 4844,14.83,244
BRC104845,Item 4845,9.74,332
BRC104846,Item 4846,97.61,106
BRC104847,Item 4847,18.1,312
BRC104848,Item 4848,76.18,356
BRC104849,Item 4849,14.86,322
BRC104850,Item 4850,66.87,115
BRC104851,Item 4851,19.07,247
BRC104852,Item 4852,3.55,466
BRC104853,Item 4853,57.23,450
BRC104854,Item 4854,14.45,471
BRC104855,Item 4855,82.7,247
BRC104856,Item 4856,33.7,280
BRC104857,Item 4857,85.55,429
BRC104858,Item 4858,20.03,402
BRC104859,Item 4859,94.0,245
BRC104860,Item 4860,32.54,78
BRC104861,Item 4861,40.96,349
BRC104862,Item 4862,58.86,281
BRC104863,Item 4863,51.46,289
BRC104864,Item 4864,74.63,412
BRC104865,Item 4865,59.45,117
BRC104866,Item 4866,39.51,485
BRC104867,Item 4867,48.64,145
BRC104868,Item 4868,8.36,376
BRC104869,Item 4869,71.74,435
BRC104870,Item 4870,10.2,399
BRC104871,Item 4871,8.96,253
BRC104872,Item 4872,90.41,321
BRC104873,Item 4873,12.69,118
BRC104874,Item 4874,51.98,257
BRC104875,Item 4875,85.62,95
BRC104876,Item 4876,81.4,68
BRC104877,Item 4877,94.92,449
BRC104878,Item 4878,6.27,39
BRC104879,Item 4879,93.91,17
BRC104880,Item 4880,29.72,147
BRC104881,Item 4881,84.08,139
BRC104882,Item 4882,97.32,319
BRC104883,Item 4883,67.07,418
BRC104884,Item 4884,74.43,130
BRC104885,Item 4885,54.97,220
BRC104886,Item 4886,32.64,411
BRC104887,Item 4887,61.57,355
BRC104888,Item 4888,92.99,316
BRC104889,Item 4889,66.7,65
BRC104890,Item 4890,2.03,120
BRC104891,Item 4891,83.86,49
BRC104892,Item 4892,78.93,333
BRC104893,Item 4893,40.58,38
BRC104894,Item 4894,38.36,136
BRC104895,Item 4895,31.55,108
BRC104896,Item 4896,17.64,142
BRC104897,Item 4897,6.65,39
BRC104898,Item 4898,77.75,190
BRC104899,Item 4899,5.19,84
BRC104900,Item 4900,39.71,481
BRC104901,Item 4901,34.74,102
BRC104902,Item 4902,25.74,396
BRC104903,Item 4903,76.07,383
BRC104904,Item 4904,82.69,390
BRC104905,Item 4905,22.37,331
BRC104906,Item 4906,1.95,284
BRC104907,Item 4907,18.05,422
BRC104908,Item 4908,54.99,323
BRC104909,Item 4909,18.01,364
BRC104910,Item 4910,74.07,91
BRC104911,Item 4911,89.15,92
BRC104912,Item 4912,12.1,316
BRC104913,Item 4913,87.67,320
BRC104914,Item 4914,55.02,45
BRC104915,Item 4915,64.73,92
BRC104916,Item 4916,74.71,447
BRC104917,Item 4917,90.59,76
BRC104918,Item 4918,99.02,399
BRC104919,Item 4919,45.45,124
BRC104920,Item 4920,2.9,452
BRC104921,Item 4921,41.19,396
BRC104922,Item 4922,60.27,124
BRC104923,Item 4923,40.24,82
BRC104924,Item 4924,31.13,162
BRC104925,Item 4925,80.23,257
BRC104926,Item 4926,52.3,265
BRC104927,Item 4927,62.32,220
BRC104928,Item 4928,83.34,203
BRC104929,Item 4929,13.8,155
BRC104930,Item 4930,60.63,106
BRC104931,Item 4931,7.03,88
BRC104932,Item 4932,70.95,196
BRC104933,Item 4933,9.43,436
BRC104934,Item 4934,19.94,43
BRC104935,Item 4935,5.24,279
BRC104936,Item 4936,79.98,295
BRC104937,Item 4937,10.37,54
BRC104938,Item 4938,30.7,388
BRC104939,Item 4939,26.19,165
BRC104940,Item 4940,42.52,324
BRC104941,Item 4941,29.63,332
BRC104942,Item 4942,23.68,79
BRC104943,Item 4943,9.37,113
BRC104944,Item 4944,73.66,464
BRC104945,Item 4945,8.49,6
BRC104946,Item 4946,54.81,437
BRC104947,Item 4947,1.49,123
BRC104948,Item 4948,23.11,265
BRC104949,Item 4949,29.01,32
BRC104950,Item 4950,57.31,87
BRC104951,Item 4951,45.4,401
BRC104952,Item 4952,61.7,32
BRC104953,Item 4953,18.85,303
BRC104954,Item 4954,83.82,435
BRC104955,Item 4955,66.71,45
BRC104956,Item 4956,29.38,399
BRC104957,Item 4957,80.18,499
BRC104958,Item 4958,83.35,133
BRC104959,Item 4959,27.05,1
BRC104960,Item 4960,92.17,253
BRC104961,Item 4961,46.42,50
BRC104962,Item 4962,85.14,50
BRC104963,Item 4963,82.4,242
BRC104964,Item 4964,23.53,163
BRC104965,Item 4965,65.42,492
BRC104966,Item 4966,15.28,41
BRC104967,Item 4967,92.91,221
BRC104968,Item 4968,11.1,68
BRC104969,Item 4969,89.91,63
BRC104970,Item 4970,40.66,119
BRC104971,Item 4971,26.08,33
BRC104972,Item 4972,14.7,413
BRC104973,Item 4973,53.27,137
BRC104974,Item 4974,21.0,358
BRC104975,Item 4975,25.62,403
BRC104976,Item 4976,36.42,354
BRC104977,Item 4977,2.77,31
BRC104978,Item 4978,31.11,125
BRC104979,Item 4979,73.47,152
BRC104980,Item 4980,75.58,499
BRC104981,Item 4981,21.18,379
BRC104982,Item 4982,15.67,318
BRC104983,Item 4983,94.18,481
BRC104984,Item 4984,47.98,429
BRC104985,Item 4985,95.47,477
BRC104986,Item 4986,59.15,8
BRC104987,Item 4987,82.93,463
BRC104988,Item 4988,45.39,193
BRC104989,Item 4989,77.09,60
BRC104990,Item 4990,38.01,259
BRC104991,Item 4991,22.87,164
BRC104992,Item 4992,89.55,277
BRC104993,Item 4993,24.54,110
BRC104994,Item 4994,58.84,186
BRC104995,Item 4995,43.24,452
BRC104996,Item 4996,30.75,61
BRC104997,Item 4997,80.0,464
BRC104998,Item 4998,92.02,339
BRC104999,Item 4999,76.93,225
BRC105000,Item 5000,9.95,192
BRC105001,Item 5001,7.89,31
BRC105002,Item 5002,49.18,408
BRC105003,Item 5003,46.48,29
BRC105004,Item 5004,96.92,477
BRC105005,Item 5005,94.04,118
BRC105006,Item 5006,69.11,458
BRC105007,Item 5007,23.26,268
BRC105008,Item 5008,34.01,235
BRC105009,Item 5009,82.13,10
BRC105010,Item 5010,51.87,376
BRC105011,Item 5011,57.51,235
BRC105012,Item 5012,96.21,287
BRC105013,Item 5013,20.44,356
BRC105014,Item 5014,16.93,227
BRC105015,Item 5015,63.16,85
BRC105016,Item 5016,6.16,494
BRC105017,Item 5017,28.23,71
BRC105018,Item 5018,16.3,68
BRC105019,Item 5019,4.42,155
BRC105020,Item 5020,51.79,286
BRC105021,Item 5021,68.2,204
BRC105022,Item 5022,32.77,28
BRC105023,Item 5023,7.77,400
BRC105024,Item 5024,82.98,215
BRC105025,Item 5025,24.45,74
BRC105026,Item 5026,29.05,215
BRC105027,Item 5027,70.15,391
BRC105028,Item 5028,58.53,294
BRC105029,Item 5029,66.49,305
BRC105030,Item 5030,94.81,433
BRC105031,Item 5031,58.97,285
BRC105032,Item 5032,67.75,139
BRC105033,Item 5033,38.43,74
BRC105034,Item 5034,97.13,218
BRC105035,Item 5035,83.67,320
BRC105036,Item 5036,38.1,36
BRC105037,Item 5037,16.11,175
BRC105038,Item 5038,85.73,21
BRC105039,Item 5039,13.78,452
BRC105040,Item 5040,82.33,223
BRC105041,Item 5041,35.01,356
BRC105042,Item 5042,83.66,195
BRC105043,Item 5043,42.47,318
BRC105044,Item 5044,62.52,91
BRC105045,Item 5045,78.86,146
BRC105046,Item 5046,54.26,205
BRC105047,Item 5047,37.83,120
BRC105048,Item 5048,21.52,477
BRC105049,Item 5049,12.33,48
BRC105050,Item 5050,42.75,314
BRC105051,Item 5051,98.42,439
BRC105052,Item 5052,53.84,233
BRC105053,Item 5053,51.23,140
BRC105054,Item 5054,1.52,286
BRC105055,Item 5055,29.62,381
BRC105056,Item 5056,95.12,410
BRC105057,Item 5057,86.67,394
BRC105058,Item 5058,33.53,167
BRC105059,Item 5059,26.18,114
BRC105060,Item 5060,60.27,138
BRC105061,Item 5061,77.8,142
BRC105062,Item 5062,51.82,295
BRC105063,Item 5063,27.45,200
BRC105064,Item 5064,53.94,159
BRC105065,Item 5065,46.37,466
BRC105066,Item 5066,49.36,390
BRC105067,Item 5067,65.53,132
BRC105068,Item 5068,14.71,298
BRC105069,Item 5069,56.07,430
BRC105070,Item 5070,11.9,148
BRC105071,Item 5071,38.18,26
BRC105072,Item 5072,54.42,163
BRC105073,Item 5073,42.99,364
BRC105074,Item 5074,37.34,479
BRC105075,Item 5075,74.09,56
BRC105076,Item 5076,73.3,153
BRC105077,Item 5077,55.13,163
BRC105078,Item 5078,15.57,195
BRC105079,Item 5079,22.25,335
BRC105080,Item 5080,79.91,261
BRC105081,Item 5081,89.85,231
BRC105082,Item 5082,37.27,330
BRC105083,Item 5083,5.01,485
BRC105084,Item 5084,38.07,78
BRC105085,Item 5085,40.9,188
BRC105086,Item 5086,36.64,115
BRC105087,Item 5087,34.25,58
BRC105088,Item 5088,65.93,221
BRC105089,Item 5089,39.77,2
BRC105090,Item 5090,55.72,185
BRC105091,Item 5091,86.2,231
BRC105092,Item 5092,73.63,50
BRC105093,Item 5093,31.84,171
BRC105094,Item 5094,62.49,471
BRC105095,Item 5095,91.76,490
BRC105096,Item 5096,8.04,284
BRC105097,Item 5097,68.61,301
BRC105098,Item 5098,78.81,35
BRC105099,Item 5099,71.35,325
BRC105100,Item 5100,48.28,127
BRC105101,Item 5101,61.63,195
BRC105102,Item 5102,57.27,500
BRC105103,Item 5103,72.24,433
BRC105104,Item 5104,88.62,419
BRC105105,Item 5105,99.09,488
BRC105106,Item 5106,9.08,441
BRC105107,Item 5107,75.3,268
BRC105108,Item 5108,32.56,147
BRC105109,Item 5109,58.38,319
BRC105110,Item 5110,56.64,275
BRC105111,Item 5111,96.26,422
BRC105112,Item 5112,40.66,437
BRC105113,Item 5113,85.52,169
BRC105114,Item 5114,21.1,418
BRC105115,Item 5115,21.59,362
BRC105116,Item 5116,26.04,488
BRC105117,Item 5117,9.45,442
BRC105118,Item 5118,46.2,176
BRC105119,Item 5119,61.44,81
BRC105120,Item 5120,50.49,401
BRC105121,Item 5121,16.12,77
BRC105122,Item 5122,35.51,135
BRC105123,Item 5123,41.77,5
BRC105124,Item 5124,68.92,291
BRC105125,Item 5125,17.45,410
BRC105126,Item 5126,54.12,264
BRC105127,Item 5127,44.18,279
BRC105128,Item 5128,9.56,377
BRC105129,Item 5129,59.59,389
BRC105130,Item 5130,97.77,143
BRC105131,Item 5131,73.56,398
BRC105132,Item 5132,91.82,158
BRC105133,Item 5133,85.33,434
BRC105134,Item 5134,74.93,257
BRC105135,Item 5135,42.46,157
BRC105136,Item 5136,35.74,335
BRC105137,Item 5137,43.99,216
BRC105138,Item 5138,2.89,261
BRC105139,Item 5139,72.63,262
BRC105140,Item 5140,76.39,165
BRC105141,Item 5141,21.19,177
BRC105142,Item 5142,72.1,315
BRC105143,Item 5143,87.26,203
BRC105144,Item 5144,13.59,65
BRC105145,Item 5145,33.58,381
BRC105146,Item 5146,83.47,34
BRC105147,Item 5147,94.71,163
BRC105148,Item 5148,69.49,25
BRC105149,Item 5149,64.15,250
BRC105150,Item 5150,92.9,413
BRC105151,Item 5151,34.96,90
BRC105152,Item 5152,13.88,18
BRC105153,Item 5153,93.98,133
BRC105154,Item 5154,66.59,295
BRC105155,Item 5155,57.73,347
BRC105156,Item 5156,29.22,480
BRC105157,Item 5157,89.07,354
BRC105158,Item 5158,23.79,212
BRC105159,Item 5159,26.08,450
BRC105160,Item 5160,28.99,17
BRC105161,Item 5161,17.08,274
BRC105162,Item 5162,19.09,356
BRC105163,Item 5163,19.71,235
BRC105164,Item 5164,69.16,197
BRC105165,Item 5165,48.03,262
BRC105166,Item 5166,12.41,226
BRC105167,Item 5167,76.57,480
BRC105168,Item 5168,59.12,354
BRC105169,Item 5169,25.76,351
BRC105170,Item 5170,58.83,51
BRC105171,Item 5171,79.94,470
BRC105172,Item 5172,82.7,137
BRC105173,Item 5173,74.84,248
BRC105174,Item 5174,42.41,59
BRC105175,Item 5175,53.12,288
BRC105176,Item 5176,58.56,122
BRC105177,Item 5177,1.66,393
BRC105178,Item 5178,1.41,112
BRC105179,Item 5179,1.2,322
BRC105180,Item 5180,35.41,37
BRC105181,Item 5181,96.85,353
BRC105182,Item 5182,65.26,391
BRC105183,Item 5183,45.71,173
BRC105184,Item 5184,6.11,408
BRC105185,Item 5185,24.42,419
BRC105186,Item 5186,96.43,207
BRC105187,Item 5187,27.77,172
BRC105188,Item 5188,74.85,191
BRC105189,Item 5189,93.31,483
BRC105190,Item 5190,10.93,44
BRC105191,Item 5191,85.04,283
BRC105192,Item 5192,11.48,425
BRC105193,Item 5193,39.2,412
BRC105194,Item 5194,7.77,469
BRC105195,Item 5195,57.12,71
BRC105196,Item 5196,97.21,191
BRC105197,Item 5197,44.75,421
BRC105198,Item 5198,55.44,44
BRC105199,Item 5199,17.67,217
BRC105200,Item 5200,84.49,147
BRC105201,Item 5201,20.46,387
BRC105202,Item 5202,57.98,141
BRC105203,Item 5203,26.22,188
BRC105204,Item 5204,53.35,285
BRC105205,Item 5205,1.03,408
BRC105206,Item 5206,59.58,376
BRC105207,Item 5207,60.04,52
BRC105208,Item 5208,94.71,49
BRC105209,Item 5209,24.74,41
BRC105210,Item 5210,70.16,154
BRC105211,Item 5211,73.56,442
BRC105212,Item 5212,6.56,344
BRC105213,Item 5213,48.93,422
BRC105214,Item 5214,85.61,180
BRC105215,Item 5215,35.16,267
BRC105216,Item 5216,43.29,121
BRC105217,Item 5217,45.44,338
BRC105218,Item 5218,14.71,83
BRC105219,Item 5219,74.26,489
BRC105220,Item 5220,58.11,358
BRC105221,Item 5221,24.26,427
BRC105222,Item 5222,26.79,273
BRC105223,Item 5223,74.16,268
BRC105224,Item 5224,66.59,78
BRC105225,Item 5225,44.93,56
BRC105226,Item 5226,30.55,404
BRC105227,Item 5227,45.79,341
BRC105228,Item 5228,89.84,32
BRC105229,Item 5229,68.28,311
BRC105230,Item 5230,65.78,345
BRC105231,Item 5231,76.68,284
BRC105232,Item 5232,82.22,469
BRC105233,Item 5233,79.13,430
BRC105234,Item 5234,97.5,97
BRC105235,Item 5235,17.7,386
BRC105236,Item 5236,84.63,362
BRC105237,Item 5237,89.62,322
BRC105238,Item 5238,49.16,215
BRC105239,Item 5239,20.65,109
BRC105240,Item 5240,96.54,306
BRC105241,Item 5241,47.04,159
BRC105242,Item 5242,44.42,395
BRC105243,Item 5243,4.67,164
BRC105244,Item 5244,48.37,421
BRC105245,Item 5245,41.65,22
BRC105246,Item 5246,27.91,162
BRC105247,Item 5247,47.41,138
BRC105248,Item 5248,86.03,231
BRC105249,Item 5249,34.85,28
BRC105250,Item 5250,63.04,450
BRC105251,Item 5251,1.95,411
BRC105252,Item 5252,45.08,441
BRC105253,Item 5253,40.78,388
BRC105254,Item 5254,54.14,51
BRC105255,Item 5255,53.43,105
BRC105256,Item 5256,25.98,342
BRC105257,Item 5257,42.57,140
BRC105258,Item 5258,7.01,417
BRC105259,Item 5259,78.5,485
BRC105260,Item 5260,97.42,349
BRC105261,Item 5261,49.03,390
BRC105262,Item 5262,90.57,296
BRC105263,Item 5263,24.96,327
BRC105264,Item 5264,84.47,48
BRC105265,Item 5265,5.95,203
BRC105266,Item 5266,57.01,215
BRC105267,Item 5267,59.88,100
BRC105268,Item 5268,37.58,265
BRC105269,Item 5269,94.12,253
BRC105270,Item 5270,92.46,62
BRC105271,Item 5271,71.36,263
BRC105272,Item 5272,15.04,51
BRC105273,Item 5273,98.65,107
BRC105274,Item 5274,12.67,186
BRC105275,Item 5275,75.98,198
BRC105276,Item 5276,77.57,93
BRC105277,Item 5277,81.95,153
BRC105278,Item 5278,91.94,178
BRC105279,Item 5279,78.44,279
BRC105280,Item 5280,61.73,97
BRC105281,Item 5281,20.2,335
BRC105282,Item 5282,67.32,255
BRC105283,Item 5283,15.54,310
BRC105284,Item 5284,95.34,388
BRC105285,Item 5285,45.1,128
BRC105286,Item 5286,59.15,458
BRC105287,Item 5287,68.14,285
BRC105288,Item 5288,98.16,436
BRC105289,Item 5289,22.8,72
BRC105290,Item 5290,81.05,299
BRC105291,Item 5291,30.18,157
BRC105292,Item 5292,78.88,386
BRC105293,Item 5293,76.93,479
BRC105294,Item 5294,4.22,263
BRC105295,Item 5295,54.45,462
BRC105296,Item 5296,64.44,152
BRC105297,Item 5297,61.89,390
BRC105298,Item 5298,23.16,323
BRC105299,Item 5299,63.11,310
BRC105300,Item 5300,1.6,373
BRC105301,Item 5301,30.82,204
BRC105302,Item 5302,76.8,468
BRC105303,Item 5303,74.78,433
BRC105304,Item 5304,93.8,479
BRC105305,Item 5305,81.78,150
BRC105306,Item 5306,30.46,304
BRC105307,Item 5307,52.51,44
BRC105308,Item 5308,67.43,340
BRC105309,Item 5309,30.98,411
BRC105310,Item 5310,55.77,496
BRC105311,Item 5311,24.42,371
BRC105312,Item 5312,35.77,282
BRC105313,Item 5313,19.85,359
BRC105314,Item 5314,33.6,312
BRC105315,Item 5315,23.86,426
BRC105316,Item 5316,62.47,406
BRC105317,Item 5317,24.19,233
BRC105318,Item 5318,83.03,399
BRC105319,Item 5319,93.93,22
BRC105320,Item 5320,75.67,160
BRC105321,Item 5321,79.6,463
BRC105322,Item 5322,78.78,103
BRC105323,Item 5323,54.72,99
BRC105324,Item 5324,89.85,149
BRC105325,Item 5325,62.44,500
BRC105326,Item 5326,23.68,426
BRC105327,Item 5327,67.61,338
BRC105328,Item 5328,15.78,60
BRC105329,Item 5329,50.21,338
BRC105330,Item 5330,7.35,413
BRC105331,Item 5331,16.09,67
BRC105332,Item 5332,66.1,446
BRC105333,Item 5333,4.45,496
BRC105334,Item 5334,1.72,25
BRC105335,Item 5335,2.74,113
BRC105336,Item 5336,20.75,14
BRC105337,Item 5337,11.86,242
BRC105338,Item 5338,58.76,358
BRC105339,Item 5339,10.48,105
BRC105340,Item 5340,50.61,471
BRC105341,Item 5341,90.88,495
BRC105342,Item 5342,91.6,142
BRC105343,Item 5343,75.05,53
BRC105344,Item 5344,83.0,480
BRC105345,Item 5345,78.44,238
BRC105346,Item 5346,29.82,48
BRC105347,Item 5347,91.22,474
BRC105348,Item 5348,30.58,156
BRC105349,Item 5349,85.5,117
BRC105350,Item 5350,44.76,483
BRC105351,Item 5351,72.98,480
BRC105352,Item 5352,49.48,369
BRC105353,Item 5353,32.0,422
BRC105354,Item 5354,43.53,297
BRC105355,Item 5355,65.27,339
BRC105356,Item 5356,82.38,468
BRC105357,Item 5357,58.3,251
BRC105358,Item 5358,47.31,499
BRC105359,Item 5359,27.8,158
BRC105360,Item 5360,93.49,276
BRC105361,Item 5361,1.81,469
BRC105362,Item 5362,65.65,75
BRC105363,Item 5363,78.36,335
BRC105364,Item 5364,28.66,24
BRC105365,Item 5365,40.0,299
BRC105366,Item 5366,81.81,234
BRC105367,Item 5367,1.58,140
BRC105368,Item 5368,59.15,97
BRC105369,Item 5369,7.62,380
BRC105370,Item 5370,14.31,9
BRC105371,Item 5371,52.88,449
BRC105372,Item 5372,83.13,467
BRC105373,Item 5373,50.5,146
BRC105374,Item 5374,67.22,255
BRC105375,Item 5375,44.39,474
BRC105376,Item 5376,61.05,199
BRC105377,Item 5377,13.4,230
BRC105378,Item 5378,70.39,107
BRC105379,Item 5379,75.26,260
BRC105380,Item 5380,26.96,421
BRC105381,Item 5381,65.34,278
BRC105382,Item 5382,93.67,330
BRC105383,Item 5383,83.68,282
BRC105384,Item 5384,63.38,23
BRC105385,Item 5385,88.81,472
BRC105386,Item 5386,82.2,307
BRC105387,Item 5387,38.21,167
BRC105388,Item 5388,73.2,496
BRC105389,Item 5389,70.5,473
BRC105390,Item 5390,62.1,417
BRC105391,Item 5391,46.85,404
BRC105392,Item 5392,55.33,187
BRC105393,Item 5393,87.65,238
BRC105394,Item 5394,92.31,117
BRC105395,Item 5395,33.78,24
BRC105396,Item 5396,21.45,158
BRC105397,Item 5397,42.85,127
BRC105398,Item 5398,48.64,430
BRC105399,Item 5399,87.83,106
BRC105400,Item 5400,76.55,344
BRC105401,Item 5401,65.9,61
BRC105402,Item 5402,22.69,192
BRC105403,Item 5403,9.1,39
BRC105404,Item 5404,41.26,418
BRC105405,Item 5405,55.12,363
BRC105406,Item 5406,4.4,465
BRC105407,Item 5407,68.55,91
BRC105408,Item 5408,67.96,23
BRC105409,Item 5409,3.31,243
BRC105410,Item 5410,96.42,2
BRC105411,Item 5411,44.23,382
BRC105412,Item 5412,57.79,318
BRC105413,Item 5413,1.28,413
BRC105414,Item 5414,47.27,306
BRC105415,Item 5415,29.86,177
BRC105416,Item 5416,76.43,13
BRC105417,Item 5417,71.08,305
BRC105418,Item 5418,27.69,238
BRC105419,Item 5419,30.88,412
BRC105420,Item 5420,84.39,208
BRC105421,Item 5421,12.62,392
BRC105422,Item 5422,12.03,370
BRC105423,Item 5423,64.33,398
BRC105424,Item 5424,70.31,121
BRC105425,Item 5425,86.4,358
BRC105426,Item 5426,54.98,329
BRC105427,Item 5427,43.91,225
BRC105428,Item 5428,40.02,110
BRC105429,Item 5429,48.08,344
BRC105430,Item 5430,71.02,157
BRC105431,Item 5431,26.85,51
BRC105432,Item 5432,83.28,306
BRC105433,Item 5433,41.72,407
BRC105434,Item 5434,30.78,144
BRC105435,Item 5435,53.08,474
BRC105436,Item 5436,85.04,217
BRC105437,Item 5437,46.52,221
BRC105438,Item 5438,22.81,241
BRC105439,Item 5439,46.05,310
BRC105440,Item 5440,3.49,186
BRC105441,Item 5441,28.05,156
BRC105442,Item 5442,19.04,76
BRC105443,Item 5443,15.06,213
BRC105444,Item 5444,4.59,11
BRC105445,Item 5445,42.9,500
BRC105446,Item 5446,9.01,312
BRC105447,Item 5447,56.67,214
BRC105448,Item 5448,99.73,459
BRC105449,Item 5449,67.33,21
BRC105450,Item 5450,76.09,102
BRC105451,Item 5451,17.11,160
BRC105452,Item 5452,72.91,345
BRC105453,Item 5453,95.2,43
BRC105454,Item 5454,93.93,315
BRC105455,Item 5455,58.57,474
BRC105456,Item 5456,13.05,262
BRC105457,Item 5457,9.16,88
BRC105458,Item 5458,10.41,237
BRC105459,Item 5459,64.04,253
BRC105460,Item 5460,44.05,369
BRC105461,Item 5461,70.45,316
BRC105462,Item 5462,9.84,10
BRC105463,Item 5463,7.82,213
BRC105464,Item 5464,70.25,297
BRC105465,Item 5465,62.64,10
BRC105466,Item 5466,79.24,5
BRC105467,Item 5467,69.27,139
BRC105468,Item 5468,45.34,16
BRC105469,Item 5469,99.52,319
BRC105470,Item 5470,98.62,199
BRC105471,Item 5471,98.2,341
BRC105472,Item 5472,21.0,105
BRC105473,Item 5473,76.51,169
BRC105474,Item 5474,55.03,137
BRC105475,Item 5475,86.23,496
BRC105476,Item 5476,98.64,29
BRC105477,Item 5477,32.61,435
BRC105478,Item 5478,92.1,153
BRC105479,Item 5479,57.35,131
BRC105480,Item 5480,70.57,377
BRC105481,Item 5481,29.08,457
BRC105482,Item 5482,86.15,116
BRC105483,Item 5483,48.34,82
BRC105484,Item 5484,87.32,179
BRC105485,Item 5485,75.81,177
BRC105486,Item 5486,79.27,35
BRC105487,Item 5487,38.63,158
BRC105488,Item 5488,66.54,449
BRC105489,Item 5489,47.87,21
BRC105490,Item 5490,25.84,280
BRC105491,Item 5491,8.53,270
BRC105492,Item 5492,72.53,238
BRC105493,Item 5493,38.88,452
BRC105494,Item 5494,43.92,357
BRC105495,Item 5495,7.61,224
BRC105496,Item 5496,63.43,175
BRC105497,Item 5497,10.16,303
BRC105498,Item 5498,15.35,45
BRC105499,Item 5499,70.95,78
BRC105500,Item 5500,30.2,467
BRC105501,Item 5501,23.55,278
BRC105502,Item 5502,92.72,106
BRC105503,Item 5503,18.64,226
BRC105504,Item 5504,37.95,105
BRC105505,Item 5505,81.27,36
BRC105506,Item 5506,12.73,246
BRC105507,Item 5507,28.23,151
BRC105508,Item 5508,40.75,27
BRC105509,Item 5509,1.61,86
BRC105510,Item 5510,74.74,203
BRC105511,Item 5511,62.46,471
BRC105512,Item 5512,55.69,448
BRC105513,Item 5513,89.69,33
BRC105514,Item 5514,69.41,112
BRC105515,Item 5515,72.58,317
BRC105516,Item 5516,23.49,13
BRC105517,Item 5517,98.15,346
BRC105518,Item 5518,38.66,9
BRC105519,Item 5519,66.7,416
BRC105520,Item 5520,73.86,298
BRC105521,Item 5521,95.08,302
BRC105522,Item 5522,57.37,132
BRC105523,Item 5523,77.99,104
BRC105524,Item 5524,16.24,41
BRC105525,Item 5525,39.48,309
BRC105526,Item 5526,84.69,377
BRC105527,Item 5527,13.92,459
BRC105528,Item 5528,79.72,422
BRC105529,Item 5529,20.84,430
BRC105530,Item 5530,77.24,386
BRC105531,Item 5531,12.29,296
BRC105532,Item 5532,19.48,492
BRC105533,Item 5533,41.29,346
BRC105534,Item 5534,36.26,346
BRC105535,Item 5535,23.97,184
BRC105536,Item 5536,82.02,372
BRC105537,Item 5537,68.76,56
BRC105538,Item 5538,10.87,356
BRC105539,Item 5539,80.76,305
BRC105540,Item 5540,22.51,468
BRC105541,Item 5541,87.39,431
BRC105542,Item 5542,69.44,226
BRC105543,Item 5543,93.08,261
BRC105544,Item 5544,79.41,476
BRC105545,Item 5545,36.31,158
BRC105546,Item 5546,57.58,2
BRC105547,Item 5547,49.64,148
BRC105548,Item 5548,63.71,342
BRC105549,Item 5549,13.95,55
BRC105550,Item 5550,3.46,72
BRC105551,Item 5551,77.64,238
BRC105552,Item 5552,27.94,75
BRC105553,Item 5553,81.07,65
BRC105554,Item 5554,2.23,81
BRC105555,Item 5555,85.64,296
BRC105556,Item 5556,78.02,55
BRC105557,Item 5557,88.38,418
BRC105558,Item 5558,34.16,469
BRC105559,Item 5559,60.26,464
BRC105560,Item 5560,96.51,467
BRC105561,Item 5561,63.39,404
BRC105562,Item 5562,62.39,16
BRC105563,Item 5563,43.14,309
BRC105564,Item 5564,82.28,60
BRC105565,Item 5565,16.88,171
BRC105566,Item 5566,54.97,45
BRC105567,Item 5567,83.17,10
BRC105568,Item 5568,17.7,489
BRC105569,Item 5569,64.35,118
BRC105570,Item 5570,48.95,330
BRC105571,Item 5571,81.39,373
BRC105572,Item 5572,22.85,168
BRC105573,Item 5573,71.32,326
BRC105574,Item 5574,97.09,154
BRC105575,Item 5575,19.87,420
BRC105576,Item 5576,12.55,435
BRC105577,Item 5577,75.37,227
BRC105578,Item 5578,42.64,464
BRC105579,Item 5579,82.41,91
BRC105580,Item 5580,57.86,118
BRC105581,Item 5581,81.75,182
BRC105582,Item 5582,1.52,101
BRC105583,Item 5583,95.66,412
BRC105584,Item 5584,24.78,132
BRC105585,Item 5585,38.39,426
BRC105586,Item 5586,75.72,27
BRC105587,Item 5587,28.24,61
BRC105588,Item 5588,31.45,124
BRC105589,Item 5589,30.82,129
BRC105590,Item 5590,75.37,406
BRC105591,Item 5591,8.79,26
BRC105592,Item 5592,1.88,374
BRC105593,Item 5593,98.44,118
BRC105594,Item 5594,61.81,219
BRC105595,Item 5595,71.5,438
BRC105596,Item 5596,16.62,497
BRC105597,Item 5597,51.32,341
BRC105598,Item 5598,81.47,263
BRC105599,Item 5599,57.83,269
BRC105600,Item 5600,13.02,416
BRC105601,Item 5601,96.21,14
BRC105602,Item 5602,70.48,418
BRC105603,Item 5603,56.87,101
BRC105604,Item 5604,71.83,489
BRC105605,Item 5605,75.47,297
BRC105606,Item 5606,77.57,461
BRC105607,Item 5607,62.31,268
BRC105608,Item 5608,34.18,119
BRC105609,Item 5609,82.25,346
BRC105610,Item 5610,94.99,458
BRC105611,Item 5611,53.61,346
BRC105612,Item 5612,88.97,267
BRC105613,Item 5613,4.44,393
BRC105614,Item 5614,39.55,273
BRC105615,Item 5615,83.26,195
BRC105616,Item 5616,86.07,417
BRC105617,Item 5617,33.57,465
BRC105618,Item 5618,89.9,208
BRC105619,Item 5619,67.24,110
BRC105620,Item 5620,81.83,167
BRC105621,Item 5621,92.82,213
BRC105622,Item 5622,2.76,265
BRC105623,Item 5623,37.05,183
BRC105624,Item 5624,66.59,1
BRC105625,Item 5625,48.58,267
BRC105626,Item 5626,51.56,93
BRC105627,Item 5627,95.94,117
BRC105628,Item 5628,65.36,491
BRC105629,Item 5629,49.83,327
BRC105630,Item 5630,51.42,440
BRC105631,Item 5631,32.0,26
BRC105632,Item 5632,41.3,47
BRC105633,Item 5633,58.23,340
BRC105634,Item 5634,54.57,454
BRC105635,Item 5635,98.01,245
BRC105636,Item 5636,24.92,319
BRC105637,Item 5637,98.38,402
BRC105638,Item 5638,81.38,217
BRC105639,Item 5639,33.0,231
BRC105640,Item 5640,68.26,256
BRC105641,Item 5641,14.56,459
BRC105642,Item 5642,73.61,389
BRC105643,Item 5643,76.43,332
BRC105644,Item 5644,91.97,123
BRC105645,Item 5645,46.75,281
BRC105646,Item 5646,48.15,128
BRC105647,Item 5647,80.55,486
BRC105648,Item 5648,91.23,248
BRC105649,Item 5649,34.3,361
BRC105650,Item 5650,29.59,196
BRC105651,Item 5651,46.28,311
BRC105652,Item 5652,38.65,388
BRC105653,Item 5653,60.58,294
BRC105654,Item 5654,35.74,46
BRC105655,Item 5655,2.59,273
BRC105656,Item 5656,79.91,116
BRC105657,Item 5657,65.99,224
BRC105658,Item 5658,74.11,108
BRC105659,Item 5659,51.48,248
BRC105660,Item 5660,63.08,288
BRC105661,Item 5661,72.11,215
BRC105662,Item 5662,76.58,234
BRC105663,Item 5663,8.17,167
BRC105664,Item 5664,46.91,256
BRC105665,Item 5665,63.4,187
BRC105666,Item 5666,35.25,255
BRC105667,Item 5667,1.75,318
BRC105668,Item 5668,78.19,296
BRC105669,Item 5669,77.61,475
BRC105670,Item 5670,4.79,198
BRC105671,Item 5671,70.19,266
BRC105672,Item 5672,78.68,416
BRC105673,Item 5673,4.72,244
BRC105674,Item 5674,71.6,108
BRC105675,Item 5675,48.88,124
BRC105676,Item 5676,9.65,281
BRC105677,Item 5677,4.46,53
BRC105678,Item 5678,91.93,134
BRC105679,Item 5679,13.81,77
BRC105680,Item 5680,41.52,472
BRC105681,Item 5681,6.78,226
BRC105682,Item 5682,28.88,11
BRC105683,Item 5683,43.93,495
BRC105684,Item 5684,86.72,27
BRC105685,Item 5685,12.06,102
BRC105686,Item 5686,40.84,351
BRC105687,Item 5687,26.19,474
BRC105688,Item 5688,86.01,266
BRC105689,Item 5689,60.59,253
BRC105690,Item 5690,41.38,304
BRC105691,Item 5691,67.81,402
BRC105692,Item 5692,65.0,351
BRC105693,Item 5693,79.35,230
BRC105694,Item 5694,56.18,353
BRC105695,Item 5695,9.58,360
BRC105696,Item 5696,47.59,153
BRC105697,Item 5697,95.63,437
BRC105698,Item 5698,96.22,412
BRC105699,Item 5699,38.71,144
BRC105700,Item 5700,28.56,113
BRC105701,Item 5701,10.29,304
BRC105702,Item 5702,66.54,246
BRC105703,Item 5703,85.77,122
BRC105704,Item 5704,5.44,273
BRC105705,Item 5705,52.61,347
BRC105706,Item 5706,60.37,263
BRC105707,Item 5707,93.31,383
BRC105708,Item 5708,97.68,74
BRC105709,Item 5709,61.7,342
BRC105710,Item 5710,37.42,245
BRC105711,Item 5711,11.12,12
BRC105712,Item 5712,5.38,225
BRC105713,Item 5713,13.18,156
BRC105714,Item 5714,4.34,304
BRC105715,Item 5715,25.66,223
BRC105716,Item 5716,31.73,176
BRC105717,Item 5717,87.01,229
BRC105718,Item 5718,72.87,136
BRC105719,Item 5719,63.47,291
BRC105720,Item 5720,48.75,142
BRC105721,Item 5721,70.44,197
BRC105722,Item 5722,32.78,306
BRC105723,Item 5723,29.87,258
BRC105724,Item 5724,79.75,364
BRC105725,Item 5725,3.56,260
BRC105726,Item 5726,93.98,363
BRC105727,Item 5727,65.59,275
BRC105728,Item 5728,70.13,112
BRC105729,Item 5729,24.85,444
BRC105730,Item 5730,66.55,475
BRC105731,Item 5731,25.33,90
BRC105732,Item 5732,92.46,201
BRC105733,Item 5733,27.66,367
BRC105734,Item 5734,85.23,94
BRC105735,Item 5735,47.46,460
BRC105736,Item 5736,60.23,429
BRC105737,Item 5737,60.26,274
BRC105738,Item 5738,46.91,418
BRC105739,Item 5739,68.15,386
BRC105740,Item 5740,94.67,88
BRC105741,Item 5741,28.64,294
BRC105742,Item 5742,25.46,80
BRC105743,Item 5743,44.16,170
BRC105744,Item 5744,54.56,122
BRC105745,Item 5745,94.35,31
BRC105746,Item 5746,58.23,353
BRC105747,Item 5747,43.67,135
BRC105748,Item 5748,54.77,385
BRC105749,Item 5749,64.33,58
BRC105750,Item 5750,2.17,450
BRC105751,Item 5751,47.37,332
BRC105752,Item 5752,75.26,75
BRC105753,Item 5753,7.14,152
BRC105754,Item 5754,72.31,438
BRC105755,Item 5755,33.45,153
BRC105756,Item 5756,30.4,140
BRC105757,Item 5757,14.19,200
BRC105758,Item 5758,79.86,41
BRC105759,Item 5759,84.0,470
BRC105760,Item 5760,25.43,376
BRC105761,Item 5761,70.95,164
BRC105762,Item 5762,94.83,66
BRC105763,Item 5763,82.9,416
BRC105764,Item 5764,71.55,385
BRC105765,Item 5765,77.34,150
BRC105766,Item 5766,35.32,186
BRC105767,Item 5767,35.61,132
BRC105768,Item 5768,92.32,437
BRC105769,Item 5769,7.11,228
BRC105770,Item 5770,8.87,28
BRC105771,Item 5771,20.69,320
BRC105772,Item 5772,21.84,304
BRC105773,Item 5773,75.8,425
BRC105774,Item 5774,93.1,471
BRC105775,Item 5775,50.53,141
BRC105776,Item 5776,76.9,4
BRC105777,Item 5777,33.5,365
BRC105778,Item 5778,10.47,444
BRC105779,Item 5779,51.85,304
BRC105780,Item 5780,23.27,255
BRC105781,Item 5781,99.86,120
BRC105782,Item 5782,15.32,407
BRC105783,Item 5783,40.61,12
BRC105784,Item 5784,34.85,30
BRC105785,Item 5785,65.04,126
BRC105786,Item 5786,63.97,373
BRC105787,Item 5787,58.68,110
BRC105788,Item 5788,28.66,355
BRC105789,Item 5789,62.99,269
BRC105790,Item 5790,36.95,226
BRC105791,Item 5791,74.94,21
BRC105792,Item 5792,40.32,48
BRC105793,Item 5793,88.24,361
BRC105794,Item 5794,55.49,273
BRC105795,Item 5795,31.46,138
BRC105796,Item 5796,37.2,111
BRC105797,Item 5797,5.74,372
BRC105798,Item 5798,71.91,267
BRC105799,Item 5799,5.75,466
BRC105800,Item 5800,57.36,261
BRC105801,Item 5801,84.76,344
BRC105802,Item 5802,75.04,338
BRC105803,Item 5803,32.25,297
BRC105804,Item 5804,36.58,101
BRC105805,Item 5805,48.51,455
BRC105806,Item 5806,21.83,75
BRC105807,Item 5807,28.34,136
BRC105808,Item 5808,70.94,70
BRC105809,Item 5809,93.08,87
BRC105810,Item 5810,9.61,435
BRC105811,Item 5811,44.62,215
BRC105812,Item 5812,85.6,182
BRC105813,Item 5813,17.24,342
BRC105814,Item 5814,53.04,13
BRC105815,Item 5815,29.95,24
BRC105816,Item 5816,23.45,456
BRC105817,Item 5817,66.05,67
BRC105818,Item 5818,10.94,362
BRC105819,Item 5819,80.64,323
BRC105820,Item 5820,45.95,385
BRC105821,Item 5821,75.79,325
BRC105822,Item 5822,79.43,229
BRC105823,Item 5823,62.85,28
BRC105824,Item 5824,17.76,111
BRC105825,Item 5825,35.72,70
BRC105826,Item 5826,7.94,202
BRC105827,Item 5827,71.74,204
BRC105828,Item 5828,9.66,79
BRC105829,Item 5829,8.6,389
BRC105830,Item 5830,57.89,493
BRC105831,Item 5831,72.1,155
BRC105832,Item 5832,22.88,302
BRC105833,Item 5833,23.91,472
BRC105834,Item 5834,49.28,498
BRC105835,Item 5835,10.52,307
BRC105836,Item 5836,50.35,187
BRC105837,Item 5837,39.14,156
BRC105838,Item 5838,38.93,157
BRC105839,Item 5839,87.21,235
BRC105840,Item 5840,89.1,47
BRC105841,Item 5841,25.71,201
BRC105842,Item 5842,2.07,464
BRC105843,Item 5843,88.6,452
BRC105844,Item 5844,58.33,210
BRC105845,Item 5845,51.24,32
BRC105846,Item 5846,27.21,374
BRC105847,Item 5847,2.96,233
BRC105848,Item 5848,56.71,217
BRC105849,Item 5849,5.76,136
BRC105850,Item 5850,98.84,22
BRC105851,Item 5851,93.99,250
BRC105852,Item 5852,8.41,328
BRC105853,Item 5853,90.21,45
BRC105854,Item 5854,68.91,482
BRC105855,Item 5855,50.6,417
BRC105856,Item 5856,74.26,337
BRC105857,Item 5857,72.47,202
BRC105858,Item 5858,39.43,500
BRC105859,Item 5859,39.53,390
BRC105860,Item 5860,16.9,437
BRC105861,Item 5861,8.17,42
BRC105862,Item 5862,77.28,76
BRC105863,Item 5863,81.72,388
BRC105864,Item 5864,7.1,281
BRC105865,Item 5865,28.72,337
BRC105866,Item 5866,59.34,243
BRC105867,Item 5867,72.96,303
BRC105868,Item 5868,21.36,62
BRC105869,Item 5869,35.52,471
BRC105870,Item 5870,77.99,146
BRC105871,Item 5871,23.23,151
BRC105872,Item 5872,72.63,167
BRC105873,Item 5873,70.78,268
BRC105874,Item 5874,43.1,75
BRC105875,Item 5875,35.58,266
BRC105876,Item 5876,51.34,370
BRC105877,Item 5877,5.32,101
BRC105878,Item 5878,53.58,414
BRC105879,Item 5879,9.79,75
BRC105880,Item 5880,66.11,152
BRC105881,Item 5881,57.48,301
BRC105882,Item 5882,21.96,234
BRC105883,Item 5883,28.18,83
BRC105884,Item 5884,85.15,221
BRC105885,Item 5885,77.55,20
BRC105886,Item 5886,22.25,137
BRC105887,Item 5887,57.14,334
BRC105888,Item 5888,16.33,232
BRC105889,Item 5889,76.17,277
BRC105890,Item 5890,6.15,489
BRC105891,Item 5891,31.03,451
BRC105892,Item 5892,30.49,238
BRC105893,Item 5893,70.12,388
BRC105894,Item 5894,17.42,393
BRC105895,Item 5895,14.94,69
BRC105896,Item 5896,11.23,175
BRC105897,Item 5897,34.64,31
BRC105898,Item 5898,68.62,420
BRC105899,Item 5899,94.21,198
BRC105900,Item 5900,11.24,445
BRC105901,Item 5901,37.77,488
BRC105902,Item 5902,48.04,451
BRC105903,Item 5903,86.52,492
BRC105904,Item 5904,80.92,115
BRC105905,Item 5905,94.64,219
BRC105906,Item 5906,68.62,177
BRC105907,Item 5907,58.45,481
BRC105908,Item 5908,41.06,97
BRC105909,Item 5909,48.6,454
BRC105910,Item 5910,58.54,372
BRC105911,Item 5911,11.81,91
BRC105912,Item 5912,64.9,268
BRC105913,Item 5913,61.52,371
BRC105914,Item 5914,28.99,363
BRC105915,Item 5915,42.52,15
BRC105916,Item 5916,12.64,347
BRC105917,Item 5917,18.22,469
BRC105918,Item 5918,41.06,106
BRC105919,Item 5919,50.9,130
BRC105920,Item 5920,51.25,484
BRC105921,Item 5921,92.54,468
BRC105922,Item 5922,76.93,261
BRC105923,Item 5923,68.57,20
BRC105924,Item 5924,16.91,207
BRC105925,Item 5925,96.36,409
BRC105926,Item 5926,54.15,287
BRC105927,Item 5927,19.88,124
BRC105928,Item 5928,72.11,461
BRC105929,Item 5929,6.74,23
BRC105930,Item 5930,4.65,360
BRC105931,Item 5931,77.41,165
BRC105932,Item 5932,94.04,24
BRC105933,Item 5933,11.64,357
BRC105934,Item 5934,17.01,171
BRC105935,Item 5935,59.04,248
BRC105936,Item 5936,61.62,119
BRC105937,Item 5937,76.94,107
BRC105938,Item 5938,55.13,247
BRC105939,Item 5939,78.25,175
BRC105940,Item 5940,35.89,384
BRC105941,Item 5941,62.79,216
BRC105942,Item 5942,54.89,144
BRC105943,Item 5943,22.97,427
BRC105944,Item 5944,85.76,326
BRC105945,Item 5945,12.0,314
BRC105946,Item 5946,19.58,84
BRC105947,Item 5947,64.7,454
BRC105948,Item 5948,40.08,58
BRC105949,Item 5949,23.94,201
BRC105950,Item 5950,9.43,342
BRC105951,Item 5951,70.61,104
BRC105952,Item 5952,93.91,471
BRC105953,Item 5953,68.98,422
BRC105954,Item 5954,86.29,367
BRC105955,Item 5955,18.45,196
BRC105956,Item 5956,76.54,239
BRC105957,Item 5957,18.73,295
BRC105958,Item 5958,49.82,349
BRC105959,Item 5959,37.64,401
BRC105960,Item 5960,42.75,251
BRC105961,Item 5961,24.94,67
BRC105962,Item 5962,30.8,384
BRC105963,Item 5963,72.0,307
BRC105964,Item 5964,33.0,49
BRC105965,Item 5965,46.99,402
BRC105966,Item 5966,64.14,239
BRC105967,Item 5967,92.75,427
BRC105968,Item 5968,45.18,371
BRC105969,Item 5969,66.92,322
BRC105970,Item 5970,43.07,450
BRC105971,Item 5971,17.98,199
BRC105972,Item 5972,99.22,113
BRC105973,Item 5973,53.58,447
BRC105974,Item 5974,41.61,469
BRC105975,Item 5975,85.78,419
BRC105976,Item 5976,24.15,332
BRC105977,Item 5977,73.48,322
BRC105978,Item 5978,97.94,355
BRC105979,Item 5979,93.51,161
BRC105980,Item 5980,5.72,182
BRC105981,Item 5981,36.33,17
BRC105982,Item 5982,57.23,8
BRC105983,Item 5983,44.01,183
BRC105984,Item 5984,65.97,62
BRC105985,Item 5985,90.01,33
BRC105986,Item 5986,3.79,139
BRC105987,Item 5987,51.93,462
BRC105988,Item 5988,17.89,77
BRC105989,Item 5989,13.27,55
BRC105990,Item 5990,63.75,421
BRC105991,Item 5991,54.48,86
BRC105992,Item 5992,41.14,20
BRC105993,Item 5993,58.98,181
BRC105994,Item 5994,21.0,435
BRC105995,Item 5995,47.47,225
BRC105996,Item 5996,23.82,252
BRC105997,Item 5997,62.57,50
BRC105998,Item 5998,48.52,134
BRC105999,Item 5999,37.83,114
BRC106000,Item 6000,15.45,221
BRC106001,Item 6001,20.44,133
BRC106002,Item 6002,16.06,243
BRC106003,Item 6003,11.0,150
BRC106004,Item 6004,61.82,86
BRC106005,Item 6005,40.73,320
BRC106006,Item 6006,28.13,240
BRC106007,Item 6007,79.77,434
BRC106008,Item 6008,79.69,89
BRC106009,Item 6009,7.09,306
BRC106010,Item 6010,63.2,292
BRC106011,Item 6011,73.08,183
BRC106012,Item 6012,80.93,128
BRC106013,Item 6013,17.11,349
BRC106014,Item 6014,9.83,408
BRC106015,Item 6015,67.8,174
BRC106016,Item 6016,31.41,495
BRC106017,Item 6017,21.09,499
BRC106018,Item 6018,70.87,199
BRC106019,Item 6019,40.2,328
BRC106020,Item 6020,37.44,147
BRC106021,Item 6021,12.5,467
BRC106022,Item 6022,28.47,201
BRC106023,Item 6023,36.9,123
BRC106024,Item 6024,15.42,4
BRC106025,Item 6025,53.51,286
BRC106026,Item 6026,13.61,359
BRC106027,Item 6027,39.12,30
BRC106028,Item 6028,73.45,65
BRC106029,Item 6029,22.0,277
BRC106030,Item 6030,24.06,105
BRC106031,Item 6031,88.31,311
BRC106032,Item 6032,27.49,192
BRC106033,Item 6033,51.92,85
BRC106034,Item 6034,90.07,287
BRC106035,Item 6035,15.98,265
BRC106036,Item 6036,76.99,77
BRC106037,Item 6037,7.96,458
BRC106038,Item 6038,90.43,436
BRC106039,Item 6039,15.99,144
BRC106040,Item 6040,52.44,365
BRC106041,Item 6041,91.92,28
BRC106042,Item 6042,83.28,62
BRC106043,Item 6043,3.08,30
BRC106044,Item 6044,80.31,424
BRC106045,Item 6045,3.33,30
BRC106046,Item 6046,63.76,487
BRC106047,Item 6047,39.19,416
BRC106048,Item 6048,48.9,99
BRC106049,Item 6049,92.27,245
BRC106050,Item 6050,28.51,408
BRC106051,Item 6051,5.45,392
BRC106052,Item 6052,63.6,29
BRC106053,Item 6053,35.74,460
BRC106054,Item 6054,89.39,298
BRC106055,Item 6055,19.26,449
BRC106056,Item 6056,35.42,232
BRC106057,Item 6057,41.0,166
BRC106058,Item 6058,74.55,2
BRC106059,Item 6059,46.36,1
BRC106060,Item 6060,62.35,321
BRC106061,Item 6061,36.93,85
BRC106062,Item 6062,45.32,268
BRC106063,Item 6063,41.99,434
BRC106064,Item 6064,57.51,58
BRC106065,Item 6065,15.23,273
BRC106066,Item 6066,80.3,67
BRC106067,Item 6067,25.82,185
BRC106068,Item 6068,32.28,465
BRC106069,Item 6069,74.79,138
BRC106070,Item 6070,38.91,271
BRC106071,Item 6071,70.73,182
BRC106072,Item 6072,60.09,248
BRC106073,Item 6073,14.49,223
BRC106074,Item 6074,7.53,153
BRC106075,Item 6075,16.3,220
BRC106076,Item 6076,63.87,281
BRC106077,Item 6077,63.65,284
BRC106078,Item 6078,79.77,116
BRC106079,Item 6079,46.7,371
BRC106080,Item 6080,59.45,101
BRC106081,Item 6081,86.65,239
BRC106082,Item 6082,4.97,324
BRC106083,Item 6083,32.33,267
BRC106084,Item 6084,60.84,151
BRC106085,Item 6085,62.22,48
BRC106086,Item 6086,34.02,214
BRC106087,Item 6087,52.95,321
BRC106088,Item 6088,63.7,143
BRC106089,Item 6089,61.2,449
BRC106090,Item 6090,67.55,12
BRC106091,Item 6091,33.99,51
BRC106092,Item 6092,79.06,39
BRC106093,Item 6093,99.6,362
BRC106094,Item 6094,84.63,273
BRC106095,Item 6095,17.29,239
BRC106096,Item 6096,97.35,172
BRC106097,Item 6097,37.47,108
BRC106098,Item 6098,61.47,341
BRC106099,Item 6099,76.1,56
BRC106100,Item 6100,92.68,80
BRC106101,Item 6101,91.31,170
BRC106102,Item 6102,15.44,425
BRC106103,Item 6103,26.5,83
BRC106104,Item 6104,69.72,202
BRC106105,Item 6105,73.32,206
BRC106106,Item 6106,55.75,188
BRC106107,Item 6107,45.09,369
BRC106108,Item 6108,86.69,239
BRC106109,Item 6109,30.79,102
BRC106110,Item 6110,50.98,139
BRC106111,Item 6111,72.71,331
BRC106112,Item 6112,30.64,88
BRC106113,Item 6113,66.81,494
BRC106114,Item 6114,43.57,205
BRC106115,Item 6115,73.0,80
BRC106116,Item 6116,23.65,435
BRC106117,Item 6117,92.67,36
BRC106118,Item 6118,10.21,242
BRC106119,Item 6119,44.17,439
BRC106120,Item 6120,84.08,150
BRC106121,Item 6121,28.2,133
BRC106122,Item 6122,62.31,2
BRC106123,Item 6123,2.07,29
BRC106124,Item 6124,1.41,453
BRC106125,Item 6125,29.97,434
BRC106126,Item 6126,9.55,297
BRC106127,Item 6127,74.46,86
BRC106128,Item 6128,85.05,185
BRC106129,Item 6129,69.16,413
BRC106130,Item 6130,19.32,453
BRC106131,Item 6131,28.33,191
BRC106132,Item 6132,50.26,325
BRC106133,Item 6133,67.67,150
BRC106134,Item 6134,62.14,100
BRC106135,Item 6135,9.73,56
BRC106136,Item 6136,44.79,188
BRC106137,Item 6137,36.39,283
BRC106138,Item 6138,4.92,417
BRC106139,Item 6139,10.14,79
BRC106140,Item 6140,87.9,115
BRC106141,Item 6141,98.96,417
BRC106142,Item 6142,70.25,65
BRC106143,Item 6143,97.84,281
BRC106144,Item 6144,15.42,303
BRC106145,Item 6145,23.38,29
BRC106146,Item 6146,36.41,42
BRC106147,Item 6147,65.87,77
BRC106148,Item 6148,47.9,256
BRC106149,Item 6149,5.51,203
BRC106150,Item 6150,68.94,82
BRC106151,Item 6151,79.37,383
BRC106152,Item 6152,73.16,292
BRC106153,Item 6153,93.63,463
BRC106154,Item 6154,85.85,73
BRC106155,Item 6155,89.52,262
BRC106156,Item 6156,65.33,440
BRC106157,Item 6157,22.69,5
BRC106158,Item 6158,68.6,153
BRC106159,Item 6159,31.36,459
BRC106160,Item 6160,31.21,454
BRC106161,Item 6161,20.96,7
BRC106162,Item 6162,52.99,187
BRC106163,Item 6163,13.07,277
BRC106164,Item 6164,75.21,493
BRC106165,Item 6165,93.49,382
BRC106166,Item 6166,28.55,143
BRC106167,Item 6167,63.12,112
BRC106168,Item 6168,8.23,281
BRC106169,Item 6169,44.82,1
BRC106170,Item 6170,93.0,310
BRC106171,Item 6171,78.15,336
BRC106172,Item 6172,34.15,311
BRC106173,Item 6173,69.07,174
BRC106174,Item 6174,24.52,351
BRC106175,Item 6175,18.4,119
BRC106176,Item 6176,83.99,381
BRC106177,Item 6177,17.08,342
BRC106178,Item 6178,79.19,52
BRC106179,Item 6179,71.31,305
BRC106180,Item 6180,23.71,244
BRC106181,Item 6181,62.65,309
BRC106182,Item 6182,1.94,292
BRC106183,Item 6183,5.69,175
BRC106184,Item 6184,36.0,77
BRC106185,Item 6185,96.28,345
BRC106186,Item 6186,16.5,433
BRC106187,Item 6187,41.65,37
BRC106188,Item 6188,36.41,316
BRC106189,Item 6189,16.4,148
BRC106190,Item 6190,25.83,438
BRC106191,Item 6191,86.39,227
BRC106192,Item 6192,10.22,486
BRC106193,Item 6193,51.84,380
BRC106194,Item 6194,47.14,187
BRC106195,Item 6195,1.59,97
BRC106196,Item 6196,67.44,235
BRC106197,Item 6197,41.14,281
BRC106198,Item 6198,68.46,205
BRC106199,Item 6199,67.65,140
BRC106200,Item 6200,64.02,230
BRC106201,Item 6201,5.04,475
BRC106202,Item 6202,38.71,34
BRC106203,Item 6203,23.75,384
BRC106204,Item 6204,35.04,271
BRC106205,Item 6205,56.3,88
BRC106206,Item 6206,4.55,155
BRC106207,Item 6207,54.71,440
BRC106208,Item 6208,80.58,315
BRC106209,Item 6209,56.58,162
BRC106210,Item 6210,53.76,401
BRC106211,Item 6211,39.67,155
BRC106212,Item 6212,46.8,255
BRC106213,Item 6213,4.6,87
BRC106214,Item 6214,3.49,33
BRC106215,Item 6215,5.75,362
BRC106216,Item 6216,19.78,473
BRC106217,Item 6217,1.74,297
BRC106218,Item 6218,1.41,157
BRC106219,Item 6219,86.53,50
BRC106220,Item 6220,38.45,115
BRC106221,Item 6221,97.54,226
BRC106222,Item 6222,33.29,307
BRC106223,Item 6223,27.62,99
BRC106224,Item 6224,97.21,326
BRC106225,Item 6225,59.75,13
BRC106226,Item 6226,26.92,232
BRC106227,Item 6227,90.0,440
BRC106228,Item 6228,74.12,147
BRC106229,Item 6229,23.86,50
BRC106230,Item 6230,78.68,442
BRC106231,Item 6231,49.93,414
BRC106232,Item 6232,97.45,390
BRC106233,Item 6233,8.54,156
BRC106234,Item 6234,24.37,488
BRC106235,Item 6235,47.65,103
BRC106236,Item 6236,71.88,283
BRC106237,Item 6237,46.35,453
BRC106238,Item 6238,58.7,50
BRC106239,Item 6239,99.61,445
BRC106240,Item 6240,18.84,320
BRC106241,Item 6241,62.53,163
BRC106242,Item 6242,31.45,178
BRC106243,Item 6243,82.1,91
BRC106244,Item 6244,79.6,198
BRC106245,Item 6245,9.9,250
BRC106246,Item 6246,41.66,223
BRC106247,Item 6247,22.22,353
BRC106248,Item 6248,38.7,270
BRC106249,Item 6249,44.1,461
BRC106250,Item 6250,94.23,346
BRC106251,Item 6251,31.37,245
BRC106252,Item 6252,32.93,497
BRC106253,Item 6253,65.51,94
BRC106254,Item 6254,6.22,357
BRC106255,Item 6255,27.25,59
BRC106256,Item 6256,94.7,194
BRC106257,Item 6257,64.32,188
BRC106258,Item 6258,87.1,341
BRC106259,Item 6259,22.36,462
BRC106260,Item 6260,2.19,360
BRC106261,Item 6261,30.8,55
BRC106262,Item 6262,64.64,370
BRC106263,Item 6263,72.6,411
BRC106264,Item 6264,96.57,454
BRC106265,Item 6265,65.22,371
BRC106266,Item 6266,69.35,458
BRC106267,Item 6267,26.46,26
BRC106268,Item 6268,96.5,325
BRC106269,Item 6269,86.24,477
BRC106270,Item 6270,3.2,248
BRC106271,Item 6271,84.6,121
BRC106272,Item 6272,94.07,435
BRC106273,Item 6273,50.91,239
BRC106274,Item 6274,26.65,146
BRC106275,Item 6275,98.27,465
BRC106276,Item 6276,23.29,495
BRC106277,Item 6277,1.25,436
BRC106278,Item 6278,46.38,367
BRC106279,Item 6279,14.8,336
BRC106280,Item 6280,82.92,284
BRC106281,Item 6281,6.71,119
BRC106282,Item 6282,18.0,389
BRC106283,Item 6283,59.51,392
BRC106284,Item 6284,23.22,123
BRC106285,Item 6285,98.76,39
BRC106286,Item 6286,70.34,75
BRC106287,Item 6287,33.68,233
BRC106288,Item 6288,35.56,107
BRC106289,Item 6289,85.65,106
BRC106290,Item 6290,34.51,347
BRC106291,Item 6291,64.63,325
BRC106292,Item 6292,77.87,175
BRC106293,Item 6293,89.69,256
BRC106294,Item 6294,58.28,122
BRC106295,Item 6295,89.19,167
BRC106296,Item 6296,6.5,277
BRC106297,Item 6297,52.14,6
BRC106298,Item 6298,54.21,250
BRC106299,Item 6299,42.01,480
BRC106300,Item 6300,41.41,44
BRC106301,Item 6301,98.52,385
BRC106302,Item 6302,87.03,57
BRC106303,Item 6303,36.57,90
BRC106304,Item 6304,83.25,190
BRC106305,Item 6305,64.71,367
BRC106306,Item 6306,67.24,379
BRC106307,Item 6307,20.2,179
BRC106308,Item 6308,20.98,416
BRC106309,Item 6309,44.51,477
BRC106310,Item 6310,62.57,248
BRC106311,Item 6311,20.54,329
BRC106312,Item 6312,74.67,89
BRC106313,Item 6313,5.84,447
BRC106314,Item 6314,86.3,497
BRC106315,Item 6315,29.05,338
BRC106316,Item 6316,96.07,55
BRC106317,Item 6317,84.7,402
BRC106318,Item 6318,27.94,172
BRC106319,Item 6319,31.8,48
BRC106320,Item 6320,24.27,453
BRC106321,Item 6321,47.88,254
BRC106322,Item 6322,29.47,426
BRC106323,Item 6323,59.57,308
BRC106324,Item 6324,91.84,441
BRC106325,Item 6325,74.77,213
BRC106326,Item 6326,18.6,441
BRC106327,Item 6327,36.85,198
BRC106328,Item 6328,36.19,300
BRC106329,Item 6329,70.39,137
BRC106330,Item 6330,79.36,164
BRC106331,Item 6331,89.23,156
BRC106332,Item 6332,23.45,183
BRC106333,Item 6333,3.18,258
BRC106334,Item 6334,1.5,167
BRC106335,Item 6335,20.6,76
BRC106336,Item 6336,7.81,118
BRC106337,Item 6337,88.23,238
BRC106338,Item 6338,14.4,75
BRC106339,Item 6339,38.7,304
BRC106340,Item 6340,52.91,47
BRC106341,Item 6341,28.85,79
BRC106342,Item 6342,42.16,63
BRC106343,Item 6343,59.73,448
BRC106344,Item 6344,75.88,97
BRC106345,Item 6345,40.05,146
BRC106346,Item 6346,98.79,405
BRC106347,Item 6347,54.18,225
BRC106348,Item 6348,72.84,220
BRC106349,Item 6349,79.89,291
BRC106350,Item 6350,58.28,127
BRC106351,Item 6351,53.54,400
BRC106352,Item 6352,82.89,495
BRC106353,Item 6353,31.36,26
BRC106354,Item 6354,11.8,385
BRC106355,Item 6355,86.48,446
BRC106356,Item 6356,2.73,326
BRC106357,Item 6357,34.15,323
BRC106358,Item 6358,66.22,140
BRC106359,Item 6359,71.34,188
BRC106360,Item 6360,25.37,124
BRC106361,Item 6361,98.18,300
BRC106362,Item 6362,63.62,23
BRC106363,Item 6363,13.36,11
BRC106364,Item 6364,95.96,62
BRC106365,Item 6365,98.16,200
BRC106366,Item 6366,32.61,78
BRC106367,Item 6367,68.87,159
BRC106368,Item 6368,9.23,230
BRC106369,Item 6369,58.61,137
BRC106370,Item 6370,50.56,387
BRC106371,Item 6371,1.06,170
BRC106372,Item 6372,41.53,73
BRC106373,Item 6373,6.88,348
BRC106374,Item 6374,25.15,157
BRC106375,Item 6375,91.42,293
BRC106376,Item 6376,32.22,34
BRC106377,Item 6377,12.64,241
BRC106378,Item 6378,25.92,332
BRC106379,Item 6379,76.43,34
BRC106380,Item 6380,51.23,9
BRC106381,Item 6381,11.55,309
BRC106382,Item 6382,39.21,227
BRC106383,Item 6383,88.79,180
BRC106384,Item 6384,61.57,469
BRC106385,Item 6385,20.53,358
BRC106386,Item 6386,79.04,426
BRC106387,Item 6387,71.96,233
BRC106388,Item 6388,5.65,373
BRC106389,Item 6389,66.9,22
BRC106390,Item 6390,73.83,217
BRC106391,Item 6391,40.12,389
BRC106392,Item 6392,16.47,262
BRC106393,Item 6393,20.57,359
BRC106394,Item 6394,76.88,201
BRC106395,Item 6395,33.2,448
BRC106396,Item 6396,71.34,252
BRC106397,Item 6397,14.4,205
BRC106398,Item 6398,91.48,397
BRC106399,Item 6399,87.35,436
BRC106400,Item 6400,81.74,344
BRC106401,Item 6401,81.15,499
BRC106402,Item 6402,46.78,22
BRC106403,Item 6403,25.1,79
BRC106404,Item 6404,43.32,203
BRC106405,Item 6405,54.61,82
BRC106406,Item 6406,85.38,262
BRC106407,Item 6407,32.63,264
BRC106408,Item 6408,7.91,205
BRC106409,Item 6409,25.35,276
BRC106410,Item 6410,71.89,7
BRC106411,Item 6411,49.26,200
BRC106412,Item 6412,57.48,378
BRC106413,Item 6413,72.28,487
BRC106414,Item 6414,7.15,321
BRC106415,Item 6415,7.57,158
BRC106416,Item 6416,13.16,446
BRC106417,Item 6417,7.47,86
BRC106418,Item 6418,2.03,184
BRC106419,Item 6419,80.39,181
BRC106420,Item 6420,33.34,109
BRC106421,Item 6421,55.37,15
BRC106422,Item 6422,15.75,157
BRC106423,Item 6423,20.57,443
BRC106424,Item 6424,62.58,483
BRC106425,Item 6425,16.63,121
BRC106426,Item 6426,7.39,440
BRC106427,Item 6427,95.26,449
BRC106428,Item 6428,88.67,143
BRC106429,Item 6429,94.42,287
BRC106430,Item 6430,62.52,67
BRC106431,Item 6431,65.6,5
BRC106432,Item 6432,6.16,4
BRC106433,Item 6433,81.11,388
BRC106434,Item 6434,3.38,212
BRC106435,Item 6435,44.43,227
BRC106436,Item 6436,84.93,372
BRC106437,Item 6437,34.55,217
BRC106438,Item 6438,41.23,480
BRC106439,Item 6439,21.05,223
BRC106440,Item 6440,83.34,161
BRC106441,Item 6441,9.2,482
BRC106442,Item 6442,52.56,85
BRC106443,Item 6443,98.58,213
BRC106444,Item 6444,65.84,66
BRC106445,Item 6445,97.61,164
BRC106446,Item 6446,66.94,497
BRC106447,Item 6447,8.36,215
BRC106448,Item 6448,86.92,173
BRC106449,Item 6449,92.85,377
BRC106450,Item 6450,95.23,113
BRC106451,Item 6451,61.01,15
BRC106452,Item 6452,96.48,440
BRC106453,Item 6453,17.66,237
BRC106454,Item 6454,30.8,362
BRC106455,Item 6455,6.19,496
BRC106456,Item 6456,73.88,433
BRC106457,Item 6457,10.54,34
BRC106458,Item 6458,15.0,418
BRC106459,Item 6459,50.71,241
BRC106460,Item 6460,89.52,215
BRC106461,Item 6461,95.53,176
BRC106462,Item 6462,51.7,388
BRC106463,Item 6463,93.14,479
BRC106464,Item 6464,28.83,223
BRC106465,Item 6465,9.55,385
BRC106466,Item 6466,16.92,20
BRC106467,Item 6467,23.0,332
BRC106468,Item 6468,74.42,489
BRC106469,Item 6469,48.97,493
BRC106470,Item 6470,28.58,20
BRC106471,Item 6471,86.6,139
BRC106472,Item 6472,57.13,415
BRC106473,Item 6473,55.81,169
BRC106474,Item 6474,17.32,78
BRC106475,Item 6475,78.28,144
BRC106476,Item 6476,49.06,426
BRC106477,Item 6477,60.92,485
BRC106478,Item 6478,88.1,332
BRC106479,Item 6479,9.42,92
BRC106480,Item 6480,58.3,359
BRC106481,Item 6481,46.57,473
BRC106482,Item 6482,29.33,149
BRC106483,Item 6483,30.26,435
BRC106484,Item 6484,97.31,382
BRC106485,Item 6485,39.38,335
BRC106486,Item 6486,87.54,380
BRC106487,Item 6487,70.84,462
BRC106488,Item 6488,54.04,128
BRC106489,Item 6489,69.91,208
BRC106490,Item 6490,96.57,155
BRC106491,Item 6491,34.05,341
BRC106492,Item 6492,38.2,103
BRC106493,Item 6493,43.16,285
BRC106494,Item 6494,53.56,436
BRC106495,Item 6495,77.35,16
BRC106496,Item 6496,5.98,270
BRC106497,Item 6497,65.69,241
BRC106498,Item 6498,12.17,101
BRC106499,Item 6499,67.8,310
BRC106500,Item 6500,55.66,377
BRC106501,Item 6501,71.51,259
BRC106502,Item 6502,90.47,459
BRC106503,Item 6503,41.74,114
BRC106504,Item 6504,20.09,307
BRC106505,Item 6505,45.14,389
BRC106506,Item 6506,92.22,289
BRC106507,Item 6507,36.79,376
BRC106508,Item 6508,66.84,206
BRC106509,Item 6509,41.43,96
BRC106510,Item 6510,73.12,52
BRC106511,Item 6511,68.79,362
BRC106512,Item 6512,77.36,286
BRC106513,Item 6513,57.67,385
BRC106514,Item 6514,3.53,432
BRC106515,Item 6515,6.85,392
BRC106516,Item 6516,88.93,40
BRC106517,Item 6517,41.27,61
BRC106518,Item 6518,32.66,114
BRC106519,Item 6519,18.62,378
BRC106520,Item 6520,20.51,283
BRC106521,Item 6521,90.2,270
BRC106522,Item 6522,56.3,289
BRC106523,Item 6523,38.28,484
BRC106524,Item 6524,37.74,321
BRC106525,Item 6525,7.76,3
BRC106526,Item 6526,82.74,284
BRC106527,Item 6527,67.02,49
BRC106528,Item 6528,24.72,381
BRC106529,Item 6529,52.28,88
BRC106530,Item 6530,15.08,115
BRC106531,Item 6531,38.69,387
BRC106532,Item 6532,94.46,7
BRC106533,Item 6533,43.69,356
BRC106534,Item 6534,60.65,384
BRC106535,Item 6535,58.47,44
BRC106536,Item 6536,99.37,458
BRC106537,Item 6537,57.51,148
BRC106538,Item 6538,15.5,472
BRC106539,Item 6539,59.39,175
BRC106540,Item 6540,5.25,155
BRC106541,Item 6541,2.59,240
BRC106542,Item 6542,64.22,60
BRC106543,Item 6543,66.61,67
BRC106544,Item 6544,33.08,113
BRC106545,Item 6545,49.86,167
BRC106546,Item 6546,54.94,387
BRC106547,Item 6547,43.47,211
BRC106548,Item 6548,63.98,309
BRC106549,Item 6549,31.83,383
BRC106550,Item 6550,74.66,64
BRC106551,Item 6551,57.85,169
BRC106552,Item 6552,81.11,386
BRC106553,Item 6553,6.19,318
BRC106554,Item 6554,24.29,375
BRC106555,Item 6555,4.77,294
BRC106556,Item 6556,10.86,75
BRC106557,Item 6557,51.36,488
BRC106558,Item 6558,89.23,305
BRC106559,Item 6559,4.92,145
BRC106560,Item 6560,72.96,399
BRC106561,Item 6561,71.0,426
BRC106562,Item 6562,19.01,423
BRC106563,Item 6563,38.25,75
BRC106564,Item 6564,23.38,180
BRC106565,Item 6565,83.77,300
BRC106566,Item 6566,41.98,158
BRC106567,Item 6567,43.75,233
BRC106568,Item 6568,28.79,25
BRC106569,Item 6569,18.55,118
BRC106570,Item 6570,6.61,468
BRC106571,Item 6571,55.69,231
BRC106572,Item 6572,98.0,176
BRC106573,Item 6573,64.42,16
BRC106574,Item 6574,76.34,358
BRC106575,Item 6575,92.87,94
BRC106576,Item 6576,95.3,134
BRC106577,Item 6577,30.2,266
BRC106578,Item 6578,38.07,500
BRC106579,Item 6579,30.18,446
BRC106580,Item 6580,66.31,234
BRC106581,Item 6581,13.88,462
BRC106582,Item 6582,86.82,490
BRC106583,Item 6583,55.86,199
BRC106584,Item 6584,11.09,391
BRC106585,Item 6585,68.05,151
BRC106586,Item 6586,67.59,187
BRC106587,Item 6587,91.83,341
BRC106588,Item 6588,58.83,96
BRC106589,Item 6589,13.04,287
BRC106590,Item 6590,39.71,31
BRC106591,Item 6591,6.75,13
BRC106592,Item 6592,25.43,419
BRC106593,Item 6593,71.25,100
BRC106594,Item 6594,80.93,193
BRC106595,Item 6595,63.44,156
BRC106596,Item 6596,61.72,430
BRC106597,Item 6597,50.97,372
BRC106598,Item 6598,50.38,323
BRC106599,Item 6599,38.7,343
BRC106600,Item 6600,83.22,171
BRC106601,Item 6601,73.47,57
BRC106602,Item 6602,46.69,234
BRC106603,Item 6603,80.0,399
BRC106604,Item 6604,81.99,468
BRC106605,Item 6605,34.39,144
BRC106606,Item 6606,5.41,445
BRC106607,Item 6607,52.7,324
BRC106608,Item 6608,59.95,327
BRC106609,Item 6609,18.86,1
BRC106610,Item 6610,17.51,276
BRC106611,Item 6611,91.78,169
BRC106612,Item 6612,26.41,473
BRC106613,Item 6613,34.67,129
BRC106614,Item 6614,89.93,72
BRC106615,Item 6615,34.86,167
BRC106616,Item 6616,6.67,239
BRC106617,Item 6617,41.28,359
BRC106618,Item 6618,79.71,457
BRC106619,Item 6619,12.83,176
BRC106620,Item 6620,58.31,460
BRC106621,Item 6621,79.79,129
BRC106622,Item 6622,37.16,265
BRC106623,Item 6623,89.89,168
BRC106624,Item 6624,94.68,480
BRC106625,Item 6625,2.72,86
BRC106626,Item 6626,46.67,163
BRC106627,Item 6627,53.17,108
BRC106628,Item 6628,88.74,135
BRC106629,Item 6629,73.24,65
BRC106630,Item 6630,96.98,143
BRC106631,Item 6631,98.81,301
BRC106632,Item 6632,34.09,330
BRC106633,Item 6633,93.65,244
BRC106634,Item 6634,66.7,146
BRC106635,Item 6635,21.61,258
BRC106636,Item 6636,48.49,87
BRC106637,Item 6637,57.72,56
BRC106638,Item 6638,51.93,81
BRC106639,Item 6639,34.61,76
BRC106640,Item 6640,42.39,102
BRC106641,Item 6641,41.36,247
BRC106642,Item 6642,44.66,70
BRC106643,Item 6643,85.82,311
BRC106644,Item 6644,61.74,317
BRC106645,Item 6645,28.66,27
BRC106646,Item 6646,56.22,247
BRC106647,Item 6647,94.22,356
BRC106648,Item 6648,78.38,252
BRC106649,Item 6649,21.52,413
BRC106650,Item 6650,8.99,460
BRC106651,Item 6651,27.08,265
BRC106652,Item 6652,34.81,304
BRC106653,Item 6653,99.0,109
BRC106654,Item 6654,45.96,459
BRC106655,Item 6655,33.91,254
BRC106656,Item 6656,65.97,247
BRC106657,Item 6657,12.46,8
BRC106658,Item 6658,70.88,359
BRC106659,Item 6659,99.55,259
BRC106660,Item 6660,77.79,344
BRC106661,Item 6661,56.07,41
BRC106662,Item 6662,15.51,250
BRC106663,Item 6663,85.86,70
BRC106664,Item 6664,92.04,102
BRC106665,Item 6665,80.38,346
BRC106666,Item 6666,52.67,152
BRC106667,Item 6667,32.09,399
BRC106668,Item 6668,85.36,475
BRC106669,Item 6669,32.24,442
BRC106670,Item 6670,99.67,378
BRC106671,Item 6671,5.71,440
BRC106672,Item 6672,78.51,217
BRC106673,Item 6673,11.89,254
BRC106674,Item 6674,81.55,195
BRC106675,Item 6675,9.46,377
BRC106676,Item 6676,97.51,33
BRC106677,Item 6677,46.19,447
BRC106678,Item 6678,39.48,228
BRC106679,Item 6679,64.34,45
BRC106680,Item 6680,4.03,380
BRC106681,Item 6681,21.31,341
BRC106682,Item 6682,84.72,387
BRC106683,Item 6683,4.19,123
BRC106684,Item 6684,61.54,473
BRC106685,Item 6685,32.29,194
BRC106686,Item 6686,11.41,152
BRC106687,Item 6687,25.96,198
BRC106688,Item 6688,74.3,340
BRC106689,Item 6689,52.62,494
BRC106690,Item 6690,14.19,373
BRC106691,Item 6691,91.01,465
BRC106692,Item 6692,77.57,361
BRC106693,Item 6693,15.71,416
BRC106694,Item 6694,26.68,446
BRC106695,Item 6695,84.68,326
BRC106696,Item 6696,8.88,260
BRC106697,Item 6697,91.17,426
BRC106698,Item 6698,37.84,50
BRC106699,Item 6699,73.41,173
BRC106700,Item 6700,63.2,394
BRC106701,Item 6701,57.48,315
BRC106702,Item 6702,12.65,172
BRC106703,Item 6703,58.66,417
BRC106704,Item 6704,90.14,230
BRC106705,Item 6705,40.09,159
BRC106706,Item 6706,10.7,52
BRC106707,Item 6707,99.01,344
BRC106708,Item 6708,23.3,155
BRC106709,Item 6709,35.94,495
BRC106710,Item 6710,94.32,18
BRC106711,Item 6711,66.88,251
BRC106712,Item 6712,34.4,249
BRC106713,Item 6713,41.78,438
BRC106714,Item 6714,12.19,482
BRC106715,Item 6715,44.28,304
BRC106716,Item 6716,12.4,80
BRC106717,Item 6717,32.06,396
BRC106718,Item 6718,4.14,231
BRC106719,Item 6719,74.57,369
BRC106720,Item 6720,34.67,221
BRC106721,Item 6721,65.01,209
BRC106722,Item 6722,68.32,73
BRC106723,Item 6723,63.49,426
BRC106724,Item 6724,39.13,330
BRC106725,Item 6725,27.42,232
BRC106726,Item 6726,6.54,365
BRC106727,Item 6727,21.78,134
BRC106728,Item 6728,39.25,278
BRC106729,Item 6729,80.2,221
BRC106730,Item 6730,38.49,428
BRC106731,Item 6731,37.29,238
BRC106732,Item 6732,94.07,161
BRC106733,Item 6733,58.88,228
BRC106734,Item 6734,41.74,180
BRC106735,Item 6735,86.04,296
BRC106736,Item 6736,90.34,60
BRC106737,Item 6737,5.37,279
BRC106738,Item 6738,80.42,24
BRC106739,Item 6739,43.44,381
BRC106740,Item 6740,31.47,378
BRC106741,Item 6741,91.48,295
BRC106742,Item 6742,32.88,351
BRC106743,Item 6743,55.91,367
BRC106744,Item 6744,8.81,393
BRC106745,Item 6745,53.1,199
BRC106746,Item 6746,45.29,422
BRC106747,Item 6747,40.09,184
BRC106748,Item 6748,15.95,272
BRC106749,Item 6749,24.03,114
BRC106750,Item 6750,35.24,254
BRC106751,Item 6751,3.02,398
BRC106752,Item 6752,41.84,27
BRC106753,Item 6753,89.08,500
BRC106754,Item 6754,3.73,181
BRC106755,Item 6755,45.8,109
BRC106756,Item 6756,35.64,285
BRC106757,Item 6757,32.09,362
BRC106758,Item 6758,75.07,150
BRC106759,Item 6759,50.78,133
BRC106760,Item 6760,43.99,287
BRC106761,Item 6761,85.64,227
BRC106762,Item 6762,69.29,427
BRC106763,Item 6763,14.09,411
BRC106764,Item 6764,69.34,91
BRC106765,Item 6765,12.01,303
BRC106766,Item 6766,50.09,232
BRC106767,Item 6767,19.32,93
BRC106768,Item 6768,25.65,447
BRC106769,Item 6769,46.03,282
BRC106770,Item 6770,37.78,465
BRC106771,Item 6771,66.64,355
BRC106772,Item 6772,93.11,395
BRC106773,Item 6773,20.57,146
BRC106774,Item 6774,24.73,272
BRC106775,Item 6775,74.89,34
BRC106776,Item 6776,46.24,377
BRC106777,Item 6777,83.71,483
BRC106778,Item 6778,31.8,156
BRC106779,Item 6779,76.04,455
BRC106780,Item 6780,87.57,100
BRC106781,Item 6781,17.64,117
BRC106782,Item 6782,75.18,498
BRC106783,Item 6783,65.98,253
BRC106784,Item 6784,61.55,385
BRC106785,Item 6785,10.66,387
BRC106786,Item 6786,93.53,8
BRC106787,Item 6787,3.55,177
BRC106788,Item 6788,87.96,389
BRC106789,Item 6789,47.26,263
BRC106790,Item 6790,68.32,223
BRC106791,Item 6791,71.23,497
BRC106792,Item 6792,69.53,244
BRC106793,Item 6793,61.24,367
BRC106794,Item 6794,84.34,308
BRC106795,Item 6795,24.17,297
BRC106796,Item 6796,91.3,194
BRC106797,Item 6797,43.45,483
BRC106798,Item 6798,4.47,431
BRC106799,Item 6799,22.03,121
BRC106800,Item 6800,23.55,291
BRC106801,Item 6801,45.39,405
BRC106802,Item 6802,16.82,128
BRC106803,Item 6803,90.21,78
BRC106804,Item 6804,1.29,150
BRC106805,Item 6805,49.87,45
BRC106806,Item 6806,46.79,457
BRC106807,Item 6807,25.13,35
BRC106808,Item 6808,89.44,325
BRC106809,Item 6809,12.99,83
BRC106810,Item 6810,95.26,354
BRC106811,Item 6811,49.05,103
BRC106812,Item 6812,47.93,104
BRC106813,Item 6813,97.83,335
BRC106814,Item 6814,24.55,435
BRC106815,Item 6815,90.95,20
BRC106816,Item 6816,22.05,199
BRC106817,Item 6817,74.42,471
BRC106818,Item 6818,30.71,50
BRC106819,Item 6819,29.07,86
BRC106820,Item 6820,82.15,270
BRC106821,Item 6821,35.91,495
BRC106822,Item 6822,87.82,444
BRC106823,Item 6823,36.26,446
BRC106824,Item 6824,96.41,236
BRC106825,Item 6825,80.09,466
BRC106826,Item 6826,87.18,194
BRC106827,Item 6827,95.54,228
BRC106828,Item 6828,81.52,375
BRC106829,Item 6829,39.53,473
BRC106830,Item 6830,62.49,487
BRC106831,Item 6831,13.72,86
BRC106832,Item 6832,15.92,253
BRC106833,Item 6833,31.56,164
BRC106834,Item 6834,33.25,107
BRC106835,Item 6835,88.81,35
BRC106836,Item 6836,25.05,125
BRC106837,Item 6837,50.57,216
BRC106838,Item 6838,62.14,294
BRC106839,Item 6839,2.6,53
BRC106840,Item 6840,10.72,494
BRC106841,Item 6841,18.7,219
BRC106842,Item 6842,82.32,315
BRC106843,Item 6843,34.66,230
BRC106844,Item 6844,17.03,146
BRC106845,Item 6845,89.06,73
BRC106846,Item 6846,89.76,91
BRC106847,Item 6847,62.89,100
BRC106848,Item 6848,84.95,264
BRC106849,Item 6849,54.06,52
BRC106850,Item 6850,75.73,307
BRC106851,Item 6851,50.11,341
BRC106852,Item 6852,13.38,362
BRC106853,Item 6853,27.95,181
BRC106854,Item 6854,25.61,488
BRC106855,Item 6855,54.86,299
BRC106856,Item 6856,38.1,75
BRC106857,Item 6857,39.37,326
BRC106858,Item 6858,23.85,463
BRC106859,Item 6859,85.38,239
BRC106860,Item 6860,78.74,34
BRC106861,Item 6861,78.8,202
BRC106862,Item 6862,40.25,135
BRC106863,Item 6863,31.44,127
BRC106864,Item 6864,30.42,175
BRC106865,Item 6865,90.15,205
BRC106866,Item 6866,94.07,22
BRC106867,Item 6867,18.71,11
BRC106868,Item 6868,53.46,198
BRC106869,Item 6869,85.22,434
BRC106870,Item 6870,95.01,183
BRC106871,Item 6871,67.79,217
BRC106872,Item 6872,32.42,467
BRC106873,Item 6873,28.47,99
BRC106874,Item 6874,25.92,494
BRC106875,Item 6875,2.51,432
BRC106876,Item 6876,76.76,419
BRC106877,Item 6877,74.52,312
BRC106878,Item 6878,61.39,136
BRC106879,Item 6879,68.93,226
BRC106880,Item 6880,46.84,6
BRC106881,Item 6881,1.59,398
BRC106882,Item 6882,49.48,418
BRC106883,Item 6883,23.39,333
BRC106884,Item 6884,83.12,62
BRC106885,Item 6885,94.5,377
BRC106886,Item 6886,66.85,140
BRC106887,Item 6887,56.48,140
BRC106888,Item 6888,92.54,193
BRC106889,Item 6889,86.67,414
BRC106890,Item 6890,47.7,404
BRC106891,Item 6891,88.4,464
BRC106892,Item 6892,69.14,70
BRC106893,Item 6893,30.8,57
BRC106894,Item 6894,62.62,187
BRC106895,Item 6895,26.93,172
BRC106896,Item 6896,74.42,432
BRC106897,Item 6897,51.25,111
BRC106898,Item 6898,80.46,172
BRC106899,Item 6899,99.41,228
BRC106900,Item 6900,28.87,374
BRC106901,Item 6901,80.33,36
BRC106902,Item 6902,45.03,354
BRC106903,Item 6903,52.32,237
BRC106904,Item 6904,10.45,429
BRC106905,Item 6905,9.07,45
BRC106906,Item 6906,87.56,56
BRC106907,Item 6907,90.81,52
BRC106908,Item 6908,57.92,154
BRC106909,Item 6909,1.66,196
BRC106910,Item 6910,58.09,3
BRC106911,Item 6911,82.93,204
BRC106912,Item 6912,48.85,361
BRC106913,Item 6913,37.55,366
BRC106914,Item 6914,39.41,91
BRC106915,Item 6915,6.47,188
BRC106916,Item 6916,43.96,392
BRC106917,Item 6917,60.67,75
BRC106918,Item 6918,29.21,300
BRC106919,Item 6919,2.52,344
BRC106920,Item 6920,63.99,280
BRC106921,Item 6921,59.21,54
BRC106922,Item 6922,90.16,13
BRC106923,Item 6923,93.67,227
BRC106924,Item 6924,23.55,30
BRC106925,Item 6925,60.09,95
BRC106926,Item 6926,54.39,202
BRC106927,Item 6927,22.66,373
BRC106928,Item 6928,36.31,114
BRC106929,Item 6929,98.6,381
BRC106930,Item 6930,24.39,149
BRC106931,Item 6931,28.79,73
BRC106932,Item 6932,70.08,410
BRC106933,Item 6933,29.95,34
BRC106934,Item 6934,16.83,383
BRC106935,Item 6935,20.93,12
BRC106936,Item 6936,78.17,229
BRC106937,Item 6937,47.86,242
BRC106938,Item 6938,22.1,494
BRC106939,Item 6939,10.69,417
BRC106940,Item 6940,20.45,98
BRC106941,Item 6941,25.93,448
BRC106942,Item 6942,16.42,12
BRC106943,Item 6943,87.2,300
BRC106944,Item 6944,32.46,478
BRC106945,Item 6945,27.5,111
BRC106946,Item 6946,26.86,1
BRC106947,Item 6947,21.9,465
BRC106948,Item 6948,13.55,40
BRC106949,Item 6949,56.86,169
BRC106950,Item 6950,54.09,79
BRC106951,Item 6951,40.1,120
BRC106952,Item 6952,74.82,2
BRC106953,Item 6953,87.31,253
BRC106954,Item 6954,62.92,303
BRC106955,Item 6955,72.8,236
BRC106956,Item 6956,71.36,35
BRC106957,Item 6957,79.9,366
BRC106958,Item 6958,61.53,207
BRC106959,Item 6959,3.86,217
BRC106960,Item 6960,8.78,353
BRC106961,Item 6961,34.1,499
BRC106962,Item 6962,27.66,169
BRC106963,Item 6963,94.21,355
BRC106964,Item 6964,23.58,470
BRC106965,Item 6965,16.18,444
BRC106966,Item 6966,11.76,54
BRC106967,Item 6967,35.76,352
BRC106968,Item 6968,36.16,297
BRC106969,Item 6969,42.09,456
BRC106970,Item 6970,97.76,1
BRC106971,Item 6971,92.02,224
BRC106972,Item 6972,68.69,350
BRC106973,Item 6973,2.64,48
BRC106974,Item 6974,1.43,43
BRC106975,Item 6975,88.71,399
BRC106976,Item 6976,32.8,16
BRC106977,Item 6977,21.24,493
BRC106978,Item 6978,70.3,164
BRC106979,Item 6979,81.5,443
BRC106980,Item 6980,69.37,256
BRC106981,Item 6981,91.4,296
BRC106982,Item 6982,80.37,1
BRC106983,Item 6983,67.62,277
BRC106984,Item 6984,98.04,413
BRC106985,Item 6985,42.32,78
BRC106986,Item 6986,16.41,349
BRC106987,Item 6987,9.76,350
BRC106988,Item 6988,1.08,59
BRC106989,Item 6989,46.57,61
BRC106990,Item 6990,44.07,475
BRC106991,Item 6991,90.82,234
BRC106992,Item 6992,35.26,162
BRC106993,Item 6993,97.23,297
BRC106994,Item 6994,20.8,76
BRC106995,Item 6995,23.21,21
BRC106996,Item 6996,40.19,56
BRC106997,Item 6997,55.2,382
BRC106998,Item 6998,62.65,154
BRC106999,Item 6999,34.61,7
BRC107000,Item 7000,59.52,326
BRC107001,Item 7001,39.21,134
BRC107002,Item 7002,27.89,288
BRC107003,Item 7003,7.36,500
BRC107004,Item 7004,34.81,417
BRC107005,Item 7005,82.37,105
BRC107006,Item 7006,98.94,334
BRC107007,Item 7007,15.85,235
BRC107008,Item 7008,94.84,37
BRC107009,Item 7009,27.07,356
BRC107010,Item 7010,90.94,344
BRC107011,Item 7011,3.49,348
BRC107012,Item 7012,48.34,70
BRC107013,Item 7013,37.98,325
BRC107014,Item 7014,39.45,24
BRC107015,Item 7015,21.27,399
BRC107016,Item 7016,40.49,425
BRC107017,Item 7017,39.58,390
BRC107018,Item 7018,39.37,386
BRC107019,Item 7019,39.45,20
BRC107020,Item 7020,6.26,202
BRC107021,Item 7021,61.55,72
BRC107022,Item 7022,60.08,190
BRC107023,Item 7023,76.09,77
BRC107024,Item 7024,83.83,193
BRC107025,Item 7025,19.71,25
BRC107026,Item 7026,63.78,483
BRC107027,Item 7027,61.4,100
BRC107028,Item 7028,93.13,53
BRC107029,Item 7029,53.33,406
BRC107030,Item 7030,96.57,184
BRC107031,Item 7031,3.98,500
BRC107032,Item 7032,75.77,2
BRC107033,Item 7033,16.21,445
BRC107034,Item 7034,9.38,181
BRC107035,Item 7035,15.88,345
BRC107036,Item 7036,16.27,423
BRC107037,Item 7037,3.99,259
BRC107038,Item 7038,54.31,262
BRC107039,Item 7039,1.1,366
BRC107040,Item 7040,67.29,194
BRC107041,Item 7041,63.93,174
BRC107042,Item 7042,97.73,486
BRC107043,Item 7043,68.15,67
BRC107044,Item 7044,51.43,383
BRC107045,Item 7045,33.7,263
BRC107046,Item 7046,79.72,335
BRC107047,Item 7047,25.32,36
BRC107048,Item 7048,61.08,255
BRC107049,Item 7049,65.63,378
BRC107050,Item 7050,86.04,133
BRC107051,Item 7051,79.63,384
BRC107052,Item 7052,44.48,112
BRC107053,Item 7053,35.54,288
BRC107054,Item 7054,17.05,372
BRC107055,Item 7055,27.76,249
BRC107056,Item 7056,54.26,116
BRC107057,Item 7057,2.87,153
BRC107058,Item 7058,5.02,150
BRC107059,Item 7059,44.23,433
BRC107060,Item 7060,65.87,43
BRC107061,Item 7061,23.16,165
BRC107062,Item 7062,56.24,500
BRC107063,Item 7063,39.06,370
BRC107064,Item 7064,69.07,363
BRC107065,Item 7065,50.45,85
BRC107066,Item 7066,96.55,308
BRC107067,Item 7067,74.3,163
BRC107068,Item 7068,94.71,361
BRC107069,Item 7069,9.49,164
BRC107070,Item 7070,12.69,21
BRC107071,Item 7071,75.76,366
BRC107072,Item 7072,64.87,62
BRC107073,Item 7073,23.29,349
BRC107074,Item 7074,39.54,445
BRC107075,Item 7075,57.3,294
BRC107076,Item 7076,50.08,186
BRC107077,Item 7077,63.95,389
BRC107078,Item 7078,26.81,91
BRC107079,Item 7079,29.54,317
BRC107080,Item 7080,95.34,204
BRC107081,Item 7081,80.22,492
BRC107082,Item 7082,83.55,285
BRC107083,Item 7083,94.51,179
BRC107084,Item 7084,8.78,220
BRC107085,Item 7085,25.95,59
BRC107086,Item 7086,55.2,2
BRC107087,Item 7087,31.75,320
BRC107088,Item 7088,6.33,83
BRC107089,Item 7089,57.61,215
BRC107090,Item 7090,42.35,152
BRC107091,Item 7091,43.41,484
BRC107092,Item 7092,52.95,415
BRC107093,Item 7093,65.1,476
BRC107094,Item 7094,39.13,8
BRC107095,Item 7095,98.06,490
BRC107096,Item 7096,12.24,257
BRC107097,Item 7097,26.55,50
BRC107098,Item 7098,89.1,236
BRC107099,Item 7099,21.6,373
BRC107100,Item 7100,8.37,61
BRC107101,Item 7101,79.55,223
BRC107102,Item 7102,92.07,233
BRC107103,Item 7103,56.62,33
BRC107104,Item 7104,36.87,366
BRC107105,Item 7105,58.27,96
BRC107106,Item 7106,24.89,388
BRC107107,Item 7107,53.14,147
BRC107108,Item 7108,31.77,438
BRC107109,Item 7109,93.6,441
BRC107110,Item 7110,97.9,64
BRC107111,Item 7111,12.81,73
BRC107112,Item 7112,66.7,97
BRC107113,Item 7113,32.28,473
BRC107114,Item 7114,98.87,408
BRC107115,Item 7115,18.02,375
BRC107116,Item 7116,71.0,479
BRC107117,Item 7117,45.56,428
BRC107118,Item 7118,45.09,338
BRC107119,Item 7119,71.86,394
BRC107120,Item 7120,45.0,293
BRC107121,Item 7121,67.55,401
BRC107122,Item 7122,48.57,492
BRC107123,Item 7123,25.39,138
BRC107124,Item 7124,34.62,159
BRC107125,Item 7125,50.08,93
BRC107126,Item 7126,11.1,401
BRC107127,Item 7127,84.45,153
BRC107128,Item 7128,80.74,247
BRC107129,Item 7129,50.05,433
BRC107130,Item 7130,55.96,275
BRC107131,Item 7131,31.4,376
BRC107132,Item 7132,68.03,271
BRC107133,Item 7133,64.25,102
BRC107134,Item 7134,64.84,350
BRC107135,Item 7135,61.2,310
BRC107136,Item 7136,2.96,93
BRC107137,Item 7137,31.0,87
BRC107138,Item 7138,4.87,426
BRC107139,Item 7139,90.89,100
BRC107140,Item 7140,90.76,410
BRC107141,Item 7141,70.44,188
BRC107142,Item 7142,82.84,122
BRC107143,Item 7143,37.22,22
BRC107144,Item 7144,34.16,26
BRC107145,Item 7145,74.28,179
BRC107146,Item 7146,84.99,488
BRC107147,Item 7147,50.39,21
BRC107148,Item 7148,36.57,209
BRC107149,Item 7149,37.07,214
BRC107150,Item 7150,23.22,41
BRC107151,Item 7151,66.57,288
BRC107152,Item 7152,86.13,106
BRC107153,Item 7153,83.77,389
BRC107154,Item 7154,97.04,306
BRC107155,Item 7155,11.86,445
BRC107156,Item 7156,23.19,271
BRC107157,Item 7157,37.18,189
BRC107158,Item 7158,78.13,6
BRC107159,Item 7159,63.5,70
BRC107160,Item 7160,81.22,283
BRC107161,Item 7161,17.9,430
BRC107162,Item 7162,86.93,180
BRC107163,Item 7163,31.2,119
BRC107164,Item 7164,70.06,356
BRC107165,Item 7165,8.34,336
BRC107166,Item 7166,36.78,317
BRC107167,Item 7167,89.18,109
BRC107168,Item 7168,60.93,122
BRC107169,Item 7169,78.0,338
BRC107170,Item 7170,48.98,62
BRC107171,Item 7171,70.13,378
BRC107172,Item 7172,71.35,69
BRC107173,Item 7173,96.98,245
BRC107174,Item 7174,21.4,272
BRC107175,Item 7175,52.43,288
BRC107176,Item 7176,13.99,76
BRC107177,Item 7177,69.55,140
BRC107178,Item 7178,52.38,443
BRC107179,Item 7179,33.58,278
BRC107180,Item 7180,77.21,146
BRC107181,Item 7181,9.35,51
BRC107182,Item 7182,59.62,261
BRC107183,Item 7183,28.14,428
BRC107184,Item 7184,42.65,219
BRC107185,Item 7185,96.62,99
BRC107186,Item 7186,83.07,329
BRC107187,Item 7187,79.3,274
BRC107188,Item 7188,8.28,300
BRC107189,Item 7189,27.72,24
BRC107190,Item 7190,39.95,189
BRC107191,Item 7191,28.15,141
BRC107192,Item 7192,43.15,221
BRC107193,Item 7193,84.21,139
BRC107194,Item 7194,84.47,10
BRC107195,Item 7195,79.65,375
BRC107196,Item 7196,78.69,244
BRC107197,Item 7197,37.25,390
BRC107198,Item 7198,45.89,303
BRC107199,Item 7199,32.28,307
BRC107200,Item 7200,42.08,163
BRC107201,Item 7201,53.38,379
BRC107202,Item 7202,9.91,103
BRC107203,Item 7203,80.84,474
BRC107204,Item 7204,6.78,282
BRC107205,Item 7205,74.05,424
BRC107206,Item 7206,10.32,236
BRC107207,Item 7207,27.99,278
BRC107208,Item 7208,66.88,131
BRC107209,Item 7209,99.58,365
BRC107210,Item 7210,46.5,79
BRC107211,Item 7211,48.44,127
BRC107212,Item 7212,40.35,135
BRC107213,Item 7213,23.04,318
BRC107214,Item 7214,59.75,473
BRC107215,Item 7215,71.74,70
BRC107216,Item 7216,8.22,407
BRC107217,Item 7217,24.38,226
BRC107218,Item 7218,43.18,135
BRC107219,Item 7219,17.72,175
BRC107220,Item 7220,5.24,312
BRC107221,Item 7221,76.23,134
BRC107222,Item 7222,69.12,174
BRC107223,Item 7223,16.92,259
BRC107224,Item 7224,61.17,161
BRC107225,Item 7225,50.25,452
BRC107226,Item 7226,31.87,185
BRC107227,Item 7227,56.65,488
BRC107228,Item 7228,94.45,65
BRC107229,Item 7229,33.36,203
BRC107230,Item 7230,42.73,245
BRC107231,Item 7231,99.12,58
BRC107232,Item 7232,88.69,351
BRC107233,Item 7233,83.68,402
BRC107234,Item 7234,93.84,152
BRC107235,Item 7235,9.65,331
BRC107236,Item 7236,42.03,402
BRC107237,Item 7237,13.57,127
BRC107238,Item 7238,19.57,49
BRC107239,Item 7239,88.77,38
BRC107240,Item 7240,91.79,40
BRC107241,Item 7241,22.14,202
BRC107242,Item 7242,99.5,264
BRC107243,Item 7243,56.74,88
BRC107244,Item 7244,33.84,137
BRC107245,Item 7245,99.81,349
BRC107246,Item 7246,47.95,375
BRC107247,Item 7247,32.13,228
BRC107248,Item 7248,55.96,470
BRC107249,Item 7249,67.45,385
BRC107250,Item 7250,6.97,241
BRC107251,Item 7251,54.08,369
BRC107252,Item 7252,10.89,188
BRC107253,Item 7253,80.27,497
BRC107254,Item 7254,79.63,404
BRC107255,Item 7255,52.26,454
BRC107256,Item 7256,8.35,148
BRC107257,Item 7257,64.9,168
BRC107258,Item 7258,24.19,159
BRC107259,Item 7259,96.52,65
BRC107260,Item 7260,47.34,498
BRC107261,Item 7261,70.47,53
BRC107262,Item 7262,66.89,428
BRC107263,Item 7263,75.3,398
BRC107264,Item 7264,95.57,180
BRC107265,Item 7265,2.59,237
BRC107266,Item 7266,21.36,73
BRC107267,Item 7267,95.39,142
BRC107268,Item 7268,38.99,295
BRC107269,Item 7269,58.55,200
BRC107270,Item 7270,76.91,486
BRC107271,Item 7271,53.42,395
BRC107272,Item 7272,75.0,421
BRC107273,Item 7273,18.89,178
BRC107274,Item 7274,8.62,171
BRC107275,Item 7275,34.66,305
BRC107276,Item 7276,82.35,15
BRC107277,Item 7277,49.22,175
BRC107278,Item 7278,34.28,12
BRC107279,Item 7279,71.08,120
BRC107280,Item 7280,32.92,316
BRC107281,Item 7281,19.95,194
BRC107282,Item 7282,36.8,44
BRC107283,Item 7283,71.11,418
BRC107284,Item 7284,54.77,224
BRC107285,Item 7285,22.04,446
BRC107286,Item 7286,16.76,328
BRC107287,Item 7287,17.51,26
BRC107288,Item 7288,82.83,470
BRC107289,Item 7289,25.6,364
BRC107290,Item 7290,69.55,409
BRC107291,Item 7291,11.38,261
BRC107292,Item 7292,98.49,469
BRC107293,Item 7293,46.03,41
BRC107294,Item 7294,87.59,455
BRC107295,Item 7295,96.25,272
BRC107296,Item 7296,94.58,450
BRC107297,Item 7297,13.82,457
BRC107298,Item 7298,92.45,336
BRC107299,Item 7299,31.57,174
BRC107300,Item 7300,92.12,45
BRC107301,Item 7301,90.45,202
BRC107302,Item 7302,54.22,284
BRC107303,Item 7303,31.32,61
BRC107304,Item 7304,80.34,199
BRC107305,Item 7305,19.22,310
BRC107306,Item 7306,87.81,257
BRC107307,Item 7307,73.19,56
BRC107308,Item 7308,78.67,79
BRC107309,Item 7309,21.83,235
BRC107310,Item 7310,86.0,223
BRC107311,Item 7311,61.97,400
BRC107312,Item 7312,18.48,238
BRC107313,Item 7313,9.24,269
BRC107314,Item 7314,4.57,41
BRC107315,Item 7315,74.16,288
BRC107316,Item 7316,77.65,341
BRC107317,Item 7317,62.97,249
BRC107318,Item 7318,64.02,7
BRC107319,Item 7319,79.57,426
BRC107320,Item 7320,60.22,239
BRC107321,Item 7321,28.58,475
BRC107322,Item 7322,35.1,328
BRC107323,Item 7323,40.16,219
BRC107324,Item 7324,79.88,58
BRC107325,Item 7325,12.01,337
BRC107326,Item 7326,33.25,6
BRC107327,Item 7327,37.75,311
BRC107328,Item 7328,28.93,254
BRC107329,Item 7329,40.03,59
BRC107330,Item 7330,74.5,248
BRC107331,Item 7331,25.59,47
BRC107332,Item 7332,73.47,161
BRC107333,Item 7333,6.39,138
BRC107334,Item 7334,74.04,197
BRC107335,Item 7335,37.35,400
BRC107336,Item 7336,40.25,195
BRC107337,Item 7337,29.85,59
BRC107338,Item 7338,27.07,285
BRC107339,Item 7339,94.03,149
BRC107340,Item 7340,1.84,99
BRC107341,Item 7341,70.86,459
BRC107342,Item 7342,48.93,215
BRC107343,Item 7343,11.19,417
BRC107344,Item 7344,69.46,400
BRC107345,Item 7345,40.15,326
BRC107346,Item 7346,33.15,40
BRC107347,Item 7347,86.62,454
BRC107348,Item 7348,70.48,393
BRC107349,Item 7349,56.87,234
BRC107350,Item 7350,51.98,15
BRC107351,Item 7351,82.83,70
BRC107352,Item 7352,36.24,155
BRC107353,Item 7353,98.87,167
BRC107354,Item 7354,8.89,228
BRC107355,Item 7355,2.11,406
BRC107356,Item 7356,75.23,338
BRC107357,Item 7357,10.19,339
BRC107358,Item 7358,66.38,492
BRC107359,Item 7359,18.02,429
BRC107360,Item 7360,33.76,90
BRC107361,Item 7361,55.35,258
BRC107362,Item 7362,88.56,265
BRC107363,Item 7363,57.5,239
BRC107364,Item 7364,36.29,372
BRC107365,Item 7365,41.12,131
BRC107366,Item 7366,54.37,135
BRC107367,Item 7367,58.59,76
BRC107368,Item 7368,95.83,113
BRC107369,Item 7369,72.6,383
BRC107370,Item 7370,57.95,2
BRC107371,Item 7371,72.89,198
BRC107372,Item 7372,84.82,68
BRC107373,Item 7373,49.35,77
BRC107374,Item 7374,65.3,434
BRC107375,Item 7375,55.55,495
BRC107376,Item 7376,86.89,409
BRC107377,Item 7377,54.6,98
BRC107378,Item 7378,69.27,460
BRC107379,Item 7379,31.9,254
BRC107380,Item 7380,69.42,311
BRC107381,Item 7381,10.87,413
BRC107382,Item 7382,97.47,329
BRC107383,Item 7383,82.05,101
BRC107384,Item 7384,6.01,327
BRC107385,Item 7385,13.93,339
BRC107386,Item 7386,98.43,283
BRC107387,Item 7387,90.51,5
BRC107388,Item 7388,51.24,196
BRC107389,Item 7389,57.35,231
BRC107390,Item 7390,75.85,75
BRC107391,Item 7391,77.91,347
BRC107392,Item 7392,26.59,282
BRC107393,Item 7393,48.34,155
BRC107394,Item 7394,1.18,111
BRC107395,Item 7395,13.55,10
BRC107396,Item 7396,63.08,209
BRC107397,Item 7397,30.88,432
BRC107398,Item 7398,27.43,127
BRC107399,Item 7399,42.57,165
BRC107400,Item 7400,83.22,380
BRC107401,Item 7401,79.02,108
BRC107402,Item 7402,75.92,344
BRC107403,Item 7403,36.94,428
BRC107404,Item 7404,85.41,78
BRC107405,Item 7405,38.37,210
BRC107406,Item 7406,28.09,173
BRC107407,Item 7407,64.0,297
BRC107408,Item 7408,22.91,480
BRC107409,Item 7409,53.17,462
BRC107410,Item 7410,25.64,494
BRC107411,Item 7411,64.55,96
BRC107412,Item 7412,52.29,183
BRC107413,Item 7413,51.44,65
BRC107414,Item 7414,64.99,255
BRC107415,Item 7415,49.72,140
BRC107416,Item 7416,90.89,96
BRC107417,Item 7417,47.48,324
BRC107418,Item 7418,44.56,143
BRC107419,Item 7419,13.19,291
BRC107420,Item 7420,91.95,396
BRC107421,Item 7421,80.18,480
BRC107422,Item 7422,77.27,35
BRC107423,Item 7423,39.15,239
BRC107424,Item 7424,53.53,221
BRC107425,Item 7425,83.97,335
BRC107426,Item 7426,27.33,157
BRC107427,Item 7427,44.21,155
BRC107428,Item 7428,25.22,361
BRC107429,Item 7429,49.94,281
BRC107430,Item 7430,45.52,454
BRC107431,Item 7431,25.62,4
BRC107432,Item 7432,6.37,22
BRC107433,Item 7433,98.52,377
BRC107434,Item 7434,40.28,430
BRC107435,Item 7435,97.84,450
BRC107436,Item 7436,27.89,139
BRC107437,Item 7437,88.0,97
BRC107438,Item 7438,1.1,163
BRC107439,Item 7439,71.27,100
BRC107440,Item 7440,31.57,496
BRC107441,Item 7441,67.12,421
BRC107442,Item 7442,10.52,265
BRC107443,Item 7443,97.47,79
BRC107444,Item 7444,10.74,485
BRC107445,Item 7445,11.89,173
BRC107446,Item 7446,43.24,421
BRC107447,Item 7447,9.78,55
BRC107448,Item 7448,90.85,82
BRC107449,Item 7449,94.55,192
BRC107450,Item 7450,69.89,491
BRC107451,Item 7451,57.77,482
BRC107452,Item 7452,16.02,449
BRC107453,Item 7453,6.69,80
BRC107454,Item 7454,14.39,188
BRC107455,Item 7455,41.43,475
BRC107456,Item 7456,24.77,11
BRC107457,Item 7457,88.25,419
BRC107458,Item 7458,55.79,219
BRC107459,Item 7459,7.12,470
BRC107460,Item 7460,4.87,183
BRC107461,Item 7461,26.13,421
BRC107462,Item 7462,37.39,354
BRC107463,Item 7463,3.29,207
BRC107464,Item 7464,92.1,89
BRC107465,Item 7465,34.56,26
BRC107466,Item 7466,85.79,426
BRC107467,Item 7467,73.31,282
BRC107468,Item 7468,36.41,20
BRC107469,Item 7469,41.16,263
BRC107470,Item 7470,97.91,231
BRC107471,Item 7471,30.71,82
BRC107472,Item 7472,79.47,62
BRC107473,Item 7473,4.55,250
BRC107474,Item 7474,65.54,499
BRC107475,Item 7475,30.73,392
BRC107476,Item 7476,10.1,92
BRC107477,Item 7477,84.54,5
BRC107478,Item 7478,96.39,82
BRC107479,Item 7479,32.92,105
BRC107480,Item 7480,11.78,239
BRC107481,Item 7481,25.05,415
BRC107482,Item 7482,97.08,295
BRC107483,Item 7483,10.76,201
BRC107484,Item 7484,46.57,306
BRC107485,Item 7485,22.15,202
BRC107486,Item 7486,23.65,470
BRC107487,Item 7487,35.14,243
BRC107488,Item 7488,82.72,476
BRC107489,Item 7489,6.88,89
BRC107490,Item 7490,59.19,365
BRC107491,Item 7491,17.37,479
BRC107492,Item 7492,41.28,362
BRC107493,Item 7493,92.19,415
BRC107494,Item 7494,16.85,493
BRC107495,Item 7495,34.23,140
BRC107496,Item 7496,8.83,121
BRC107497,Item 7497,81.93,47
BRC107498,Item 7498,69.37,464
BRC107499,Item 7499,73.59,171
BRC107500,Item 7500,51.29,491
BRC107501,Item 7501,14.48,206
BRC107502,Item 7502,39.28,437
BRC107503,Item 7503,28.24,405
BRC107504,Item 7504,45.44,338
BRC107505,Item 7505,3.12,35
BRC107506,Item 7506,88.5,400
BRC107507,Item 7507,98.73,278
BRC107508,Item 7508,56.7,170
BRC107509,Item 7509,48.68,137
BRC107510,Item 7510,99.42,326
BRC107511,Item 7511,75.0,481
BRC107512,Item 7512,63.77,302
BRC107513,Item 7513,13.58,377
BRC107514,Item 7514,24.85,357
BRC107515,Item 7515,54.93,11
BRC107516,Item 7516,87.23,494
BRC107517,Item 7517,45.25,402
BRC107518,Item 7518,51.28,279
BRC107519,Item 7519,62.68,190
BRC107520,Item 7520,79.89,376
BRC107521,Item 7521,14.53,337
BRC107522,Item 7522,65.27,351
BRC107523,Item 7523,72.4,115
BRC107524,Item 7524,84.81,348
BRC107525,Item 7525,19.49,21
BRC107526,Item 7526,35.01,164
BRC107527,Item 7527,34.07,261
BRC107528,Item 7528,17.31,269
BRC107529,Item 7529,24.06,28
BRC107530,Item 7530,58.86,10
BRC107531,Item 7531,87.81,48
BRC107532,Item 7532,75.3,210
BRC107533,Item 7533,59.06,12
BRC107534,Item 7534,40.64,223
BRC107535,Item 7535,84.99,88
BRC107536,Item 7536,13.7,10
BRC107537,Item 7537,12.49,470
BRC107538,Item 7538,13.09,66
BRC107539,Item 7539,47.01,130
BRC107540,Item 7540,21.37,403
BRC107541,Item 7541,8.11,418
BRC107542,Item 7542,4.54,448
BRC107543,Item 7543,65.83,28
BRC107544,Item 7544,98.96,188
BRC107545,Item 7545,43.23,173
BRC107546,Item 7546,53.67,361
BRC107547,Item 7547,49.24,112
BRC107548,Item 7548,48.35,360
BRC107549,Item 7549,23.48,491
BRC107550,Item 7550,84.78,414
BRC107551,Item 7551,37.3,11
BRC107552,Item 7552,90.22,269
BRC107553,Item 7553,97.79,498
BRC107554,Item 7554,20.03,354
BRC107555,Item 7555,71.28,235
BRC107556,Item 7556,97.24,301
BRC107557,Item 7557,49.52,211
BRC107558,Item 7558,70.75,383
BRC107559,Item 7559,4.64,376
BRC107560,Item 7560,8.08,465
BRC107561,Item 7561,91.26,249
BRC107562,Item 7562,5.37,73
BRC107563,Item 7563,62.08,144
BRC107564,Item 7564,63.04,26
BRC107565,Item 7565,10.73,175
BRC107566,Item 7566,38.73,194
BRC107567,Item 7567,53.23,428
BRC107568,Item 7568,59.25,374
BRC107569,Item 7569,78.86,350
BRC107570,Item 7570,2.09,475
BRC107571,Item 7571,22.27,65
BRC107572,Item 7572,30.46,399
BRC107573,Item 7573,29.22,378
BRC107574,Item 7574,62.93,386
BRC107575,Item 7575,13.99,98
BRC107576,Item 7576,48.58,494
BRC107577,Item 7577,53.83,320
BRC107578,Item 7578,61.03,368
BRC107579,Item 7579,21.37,111
BRC107580,Item 7580,61.27,392
BRC107581,Item 7581,28.38,352
BRC107582,Item 7582,22.8,229
BRC107583,Item 7583,51.1,213
BRC107584,Item 7584,15.71,127
BRC107585,Item 7585,80.41,166
BRC107586,Item 7586,38.43,220
BRC107587,Item 7587,96.28,224
BRC107588,Item 7588,33.35,330
BRC107589,Item 7589,8.66,51
BRC107590,Item 7590,67.23,498
BRC107591,Item 7591,74.0,236
BRC107592,Item 7592,61.66,62
BRC107593,Item 7593,3.13,393
BRC107594,Item 7594,57.92,339
BRC107595,Item 7595,45.15,290
BRC107596,Item 7596,46.28,492
BRC107597,Item 7597,75.46,287
BRC107598,Item 7598,42.96,426
BRC107599,Item 7599,5.08,116
BRC107600,Item 7600,77.88,270
BRC107601,Item 7601,24.03,89
BRC107602,Item 7602,47.5,353
BRC107603,Item 7603,60.81,114
BRC107604,Item 7604,87.3,47
BRC107605,Item 7605,24.64,410
BRC107606,Item 7606,99.4,56
BRC107607,Item 7607,51.94,3
BRC107608,Item 7608,79.2,6
BRC107609,Item 7609,22.36,99
BRC107610,Item 7610,99.54,60
BRC107611,Item 7611,24.77,444
BRC107612,Item 7612,28.94,282
BRC107613,Item 7613,18.57,173
BRC107614,Item 7614,43.81,358
BRC107615,Item 7615,57.72,312
BRC107616,Item 7616,62.89,57
BRC107617,Item 7617,48.89,427
BRC107618,Item 7618,58.27,318
BRC107619,Item 7619,66.75,49
BRC107620,Item 7620,47.43,430
BRC107621,Item 7621,75.29,422
BRC107622,Item 7622,53.79,149
BRC107623,Item 7623,94.75,448
BRC107624,Item 7624,40.45,461
BRC107625,Item 7625,69.48,265
BRC107626,Item 7626,37.55,391
BRC107627,Item 7627,62.59,69
BRC107628,Item 7628,82.8,169
BRC107629,Item 7629,52.16,491
BRC107630,Item 7630,9.37,142
BRC107631,Item 7631,71.87,47
BRC107632,Item 7632,19.51,429
BRC107633,Item 7633,46.87,284
BRC107634,Item 7634,28.42,52
BRC107635,Item 7635,51.08,3
BRC107636,Item 7636,3.77,265
BRC107637,Item 7637,90.55,135
BRC107638,Item 7638,8.06,2
BRC107639,Item 7639,11.29,476
BRC107640,Item 7640,48.73,37
BRC107641,Item 7641,76.0,468
BRC107642,Item 7642,92.39,332
BRC107643,Item 7643,69.48,380
BRC107644,Item 7644,24.36,418
BRC107645,Item 7645,94.11,113
BRC107646,Item 7646,44.36,81
BRC107647,Item 7647,78.04,154
BRC107648,Item 7648,4.06,479
BRC107649,Item 7649,29.65,380
BRC107650,Item 7650,17.0,497
BRC107651,Item 7651,91.66,204
BRC107652,Item 7652,97.99,313
BRC107653,Item 7653,9.07,461
BRC107654,Item 7654,77.96,97
BRC107655,Item 7655,84.5,216
BRC107656,Item 7656,56.71,92
BRC107657,Item 7657,23.43,430
BRC107658,Item 7658,48.45,392
BRC107659,Item 7659,67.85,155
BRC107660,Item 7660,23.68,234
BRC107661,Item 7661,72.46,29
BRC107662,Item 7662,33.09,332
BRC107663,Item 7663,40.0,126
BRC107664,Item 7664,88.85,201
BRC107665,Item 7665,5.56,242
BRC107666,Item 7666,14.27,5
BRC107667,Item 7667,33.17,467
BRC107668,Item 7668,27.98,143
BRC107669,Item 7669,41.98,428
BRC107670,Item 7670,61.34,45
BRC107671,Item 7671,43.86,4
BRC107672,Item 7672,97.24,207
BRC107673,Item 7673,68.36,136
BRC107674,Item 7674,72.9,275
BRC107675,Item 7675,69.69,396
BRC107676,Item 7676,48.08,64
BRC107677,Item 7677,99.38,410
BRC107678,Item 7678,46.54,180
BRC107679,Item 7679,50.31,196
BRC107680,Item 7680,33.5,107
BRC107681,Item 7681,71.82,383
BRC107682,Item 7682,17.67,393
BRC107683,Item 7683,6.95,442
BRC107684,Item 7684,67.44,146
BRC107685,Item 7685,98.51,490
BRC107686,Item 7686,37.84,137
BRC107687,Item 7687,17.39,497
BRC107688,Item 7688,9.53,121
BRC107689,Item 7689,5.06,266
BRC107690,Item 7690,8.39,343
BRC107691,Item 7691,22.51,216
BRC107692,Item 7692,77.59,156
BRC107693,Item 7693,56.22,399
BRC107694,Item 7694,31.14,107
BRC107695,Item 7695,81.75,83
BRC107696,Item 7696,96.33,259
BRC107697,Item 7697,78.97,113
BRC107698,Item 7698,90.15,172
BRC107699,Item 7699,74.47,83
BRC107700,Item 7700,56.94,181
BRC107701,Item 7701,94.07,451
BRC107702,Item 7702,45.98,294
BRC107703,Item 7703,55.05,420
BRC107704,Item 7704,55.97,451
BRC107705,Item 7705,50.89,83
BRC107706,Item 7706,37.59,20
BRC107707,Item 7707,58.37,438
BRC107708,Item 7708,56.45,186
BRC107709,Item 7709,46.88,228
BRC107710,Item 7710,53.26,39
BRC107711,Item 7711,40.59,87
BRC107712,Item 7712,42.83,453
BRC107713,Item 7713,66.32,72
BRC107714,Item 7714,47.26,406
BRC107715,Item 7715,10.78,265
BRC107716,Item 7716,99.47,442
BRC107717,Item 7717,82.38,188
BRC107718,Item 7718,98.4,207
BRC107719,Item 7719,93.25,169
BRC107720,Item 7720,10.91,43
BRC107721,Item 7721,77.32,210
BRC107722,Item 7722,81.6,78
BRC107723,Item 7723,36.87,141
BRC107724,Item 7724,13.13,378
BRC107725,Item 7725,4.72,116
BRC107726,Item 7726,74.27,315
BRC107727,Item 7727,82.47,411
BRC107728,Item 7728,46.71,242
BRC107729,Item 7729,17.42,266
BRC107730,Item 7730,39.15,65
BRC107731,Item 7731,80.51,125
BRC107732,Item 7732,71.64,343
BRC107733,Item 7733,46.52,276
BRC107734,Item 7734,55.03,153
BRC107735,Item 7735,5.51,33
BRC107736,Item 7736,10.77,221
BRC107737,Item 7737,99.57,367
BRC107738,Item 7738,94.66,340
BRC107739,Item 7739,28.59,196
BRC107740,Item 7740,45.6,340
BRC107741,Item 7741,10.2,291
BRC107742,Item 7742,5.26,39
BRC107743,Item 7743,46.04,59
BRC107744,Item 7744,25.04,105
BRC107745,Item 7745,19.6,2
BRC107746,Item 7746,39.45,341
BRC107747,Item 7747,93.32,417
BRC107748,Item 7748,24.04,254
BRC107749,Item 7749,17.06,452
BRC107750,Item 7750,98.36,485
BRC107751,Item 7751,69.26,310
BRC107752,Item 7752,70.38,344
BRC107753,Item 7753,22.35,499
BRC107754,Item 7754,1.35,330
BRC107755,Item 7755,8.51,477
BRC107756,Item 7756,73.71,255
BRC107757,Item 7757,70.55,181
BRC107758,Item 7758,49.11,39
BRC107759,Item 7759,23.65,126
BRC107760,Item 7760,98.13,336
BRC107761,Item 7761,47.57,123
BRC107762,Item 7762,65.34,145
BRC107763,Item 7763,65.16,257
BRC107764,Item 7764,62.59,30
BRC107765,Item 7765,21.3,106
BRC107766,Item 7766,1.87,97
BRC107767,Item 7767,37.49,390
BRC107768,Item 7768,79.0,353
BRC107769,Item 7769,32.61,102
BRC107770,Item 7770,69.87,190
BRC107771,Item 7771,65.77,311
BRC107772,Item 7772,11.03,408
BRC107773,Item 7773,42.05,157
BRC107774,Item 7774,96.51,396
BRC107775,Item 7775,57.41,417
BRC107776,Item 7776,5.61,35
BRC107777,Item 7777,51.39,190
BRC107778,Item 7778,5.74,109
BRC107779,Item 7779,89.29,371
BRC107780,Item 7780,58.75,261
BRC107781,Item 7781,7.66,411
BRC107782,Item 7782,82.08,117
BRC107783,Item 7783,78.22,224
BRC107784,Item 7784,88.54,59
BRC107785,Item 7785,92.02,71
BRC107786,Item 7786,97.88,107
BRC107787,Item 7787,98.48,130
BRC107788,Item 7788,2.93,313
BRC107789,Item 7789,37.51,53
BRC107790,Item 7790,28.5,284
BRC107791,Item 7791,87.13,220
BRC107792,Item 7792,49.16,161
BRC107793,Item 7793,27.79,36
BRC107794,Item 7794,94.52,20
BRC107795,Item 7795,75.86,182
BRC107796,Item 7796,47.94,259
BRC107797,Item 7797,8.5,9
BRC107798,Item 7798,55.73,319
BRC107799,Item 7799,12.55,300
BRC107800,Item 7800,36.01,71
BRC107801,Item 7801,2.75,169
BRC107802,Item 7802,8.87,247
BRC107803,Item 7803,63.68,14
BRC107804,Item 7804,62.97,315
BRC107805,Item 7805,17.04,193
BRC107806,Item 7806,26.58,464
BRC107807,Item 7807,29.57,426
BRC107808,Item 7808,49.7,237
BRC107809,Item 7809,97.16,36
BRC107810,Item 7810,3.66,41
BRC107811,Item 7811,64.15,60
BRC107812,Item 7812,27.89,192
BRC107813,Item 7813,51.69,303
BRC107814,Item 7814,24.04,194
BRC107815,Item 7815,70.66,188
BRC107816,Item 7816,30.29,422
BRC107817,Item 7817,60.22,302
BRC107818,Item 7818,30.93,372
BRC107819,Item 7819,52.49,75
BRC107820,Item 7820,74.28,78
BRC107821,Item 7821,20.79,480
BRC107822,Item 7822,97.67,95
BRC107823,Item 7823,84.72,9
BRC107824,Item 7824,72.58,395
BRC107825,Item 7825,84.07,283
BRC107826,Item 7826,36.82,65
BRC107827,Item 7827,21.56,361
BRC107828,Item 7828,45.83,334
BRC107829,Item 7829,85.46,144
BRC107830,Item 7830,6.9,217
BRC107831,Item 7831,1.3,270
BRC107832,Item 7832,83.32,36
BRC107833,Item 7833,27.37,342
BRC107834,Item 7834,61.6,207
BRC107835,Item 7835,20.9,76
BRC107836,Item 7836,5.0,291
BRC107837,Item 7837,12.46,295
BRC107838,Item 7838,23.45,99
BRC107839,Item 7839,7.36,46
BRC107840,Item 7840,86.74,272
BRC107841,Item 7841,10.62,174
BRC107842,Item 7842,14.19,180
BRC107843,Item 7843,31.3,269
BRC107844,Item 7844,96.14,478
BRC107845,Item 7845,6.79,25
BRC107846,Item 7846,80.86,302
BRC107847,Item 7847,37.76,267
BRC107848,Item 7848,20.16,62
BRC107849,Item 7849,87.77,85
BRC107850,Item 7850,2.13,8
BRC107851,Item 7851,60.66,33
BRC107852,Item 7852,44.83,278
BRC107853,Item 7853,70.42,169
BRC107854,Item 7854,85.44,181
BRC107855,Item 7855,43.55,32
BRC107856,Item 7856,18.82,70
BRC107857,Item 7857,48.28,471
BRC107858,Item 7858,28.67,163
BRC107859,Item 7859,50.63,107
BRC107860,Item 7860,41.98,453
BRC107861,Item 7861,7.23,136
BRC107862,Item 7862,54.52,135
BRC107863,Item 7863,69.92,277
BRC107864,Item 7864,15.07,331
BRC107865,Item 7865,9.3,370
BRC107866,Item 7866,11.82,489
BRC107867,Item 7867,48.86,323
BRC107868,Item 7868,89.58,294
BRC107869,Item 7869,14.49,157
BRC107870,Item 7870,78.33,383
BRC107871,Item 7871,71.33,238
BRC107872,Item 7872,12.32,160
BRC107873,Item 7873,8.87,441
BRC107874,Item 7874,59.59,500
BRC107875,Item 7875,48.16,416
BRC107876,Item 7876,25.92,371
BRC107877,Item 7877,90.09,318
BRC107878,Item 7878,28.61,445
BRC107879,Item 7879,26.53,137
BRC107880,Item 7880,34.73,63
BRC107881,Item 7881,4.26,135
BRC107882,Item 7882,38.94,388
BRC107883,Item 7883,36.15,427
BRC107884,Item 7884,78.61,41
BRC107885,Item 7885,23.84,239
BRC107886,Item 7886,21.7,88
BRC107887,Item 7887,2.65,216
BRC107888,Item 7888,84.52,195
BRC107889,Item 7889,30.47,342
BRC107890,Item 7890,71.44,112
BRC107891,Item 7891,99.2,350
BRC107892,Item 7892,35.47,211
BRC107893,Item 7893,2.89,119
BRC107894,Item 7894,78.05,203
BRC107895,Item 7895,91.6,62
BRC107896,Item 7896,59.68,495
BRC107897,Item 7897,39.14,243
BRC107898,Item 7898,57.56,139
BRC107899,Item 7899,83.47,10
BRC107900,Item 7900,21.53,203
BRC107901,Item 7901,92.72,69
BRC107902,Item 7902,35.79,471
BRC107903,Item 7903,25.59,441
BRC107904,Item 7904,64.49,9
BRC107905,Item 7905,46.59,254
BRC107906,Item 7906,75.8,229
BRC107907,Item 7907,75.1,113
BRC107908,Item 7908,77.6,464
BRC107909,Item 7909,31.09,77
BRC107910,Item 7910,2.08,375
BRC107911,Item 7911,50.06,249
BRC107912,Item 7912,65.34,493
BRC107913,Item 7913,67.85,113
BRC107914,Item 7914,78.09,415
BRC107915,Item 7915,12.57,22
BRC107916,Item 7916,72.92,330
BRC107917,Item 7917,83.7,390
BRC107918,Item 7918,48.11,234
BRC107919,Item 7919,32.5,460
BRC107920,Item 7920,40.94,441
BRC107921,Item 7921,56.93,436
BRC107922,Item 7922,77.34,435
BRC107923,Item 7923,43.08,289
BRC107924,Item 7924,82.99,69
BRC107925,Item 7925,26.93,479
BRC107926,Item 7926,5.83,444
BRC107927,Item 7927,6.25,250
BRC107928,Item 7928,80.53,111
BRC107929,Item 7929,27.6,243
BRC107930,Item 7930,50.56,116
BRC107931,Item 7931,64.12,406
BRC107932,Item 7932,89.27,252
BRC107933,Item 7933,23.83,156
BRC107934,Item 7934,80.86,222
BRC107935,Item 7935,14.61,227
BRC107936,Item 7936,36.05,237
BRC107937,Item 7937,21.26,322
BRC107938,Item 7938,96.39,434
BRC107939,Item 7939,87.75,120
BRC107940,Item 7940,26.79,289
BRC107941,Item 7941,36.65,410
BRC107942,Item 7942,52.52,263
BRC107943,Item 7943,38.74,349
BRC107944,Item 7944,95.38,498
BRC107945,Item 7945,2.0,472
BRC107946,Item 7946,94.55,498
BRC107947,Item 7947,85.66,118
BRC107948,Item 7948,1.27,329
BRC107949,Item 7949,45.57,84
BRC107950,Item 7950,87.04,59
BRC107951,Item 7951,44.42,131
BRC107952,Item 7952,5.4,363
BRC107953,Item 7953,3.78,101
BRC107954,Item 7954,82.2,250
BRC107955,Item 7955,70.68,20
BRC107956,Item 7956,39.73,95
BRC107957,Item 7957,32.08,38
BRC107958,Item 7958,28.76,142
BRC107959,Item 7959,8.48,53
BRC107960,Item 7960,33.38,135
BRC107961,Item 7961,70.28,238
BRC107962,Item 7962,10.25,257
BRC107963,Item 7963,98.23,138
BRC107964,Item 7964,57.13,26
BRC107965,Item 7965,28.32,384
BRC107966,Item 7966,8.52,431
BRC107967,Item 7967,83.39,63
BRC107968,Item 7968,40.43,319
BRC107969,Item 7969,62.3,463
BRC107970,Item 7970,33.13,495
BRC107971,Item 7971,60.98,152
BRC107972,Item 7972,63.83,248
BRC107973,Item 7973,40.6,1
BRC107974,Item 7974,99.06,318
BRC107975,Item 7975,1.5,4
BRC107976,Item 7976,70.81,274
BRC107977,Item 7977,27.53,441
BRC107978,Item 7978,7.92,242
BRC107979,Item 7979,75.78,289
BRC107980,Item 7980,91.5,170
BRC107981,Item 7981,17.17,19
BRC107982,Item 7982,87.16,391
BRC107983,Item 7983,82.4,345
BRC107984,Item 7984,2.83,102
BRC107985,Item 7985,78.92,322
BRC107986,Item 7986,86.79,488
BRC107987,Item 7987,62.97,270
BRC107988,Item 7988,73.64,161
BRC107989,Item 7989,6.26,220
BRC107990,Item 7990,44.19,217
BRC107991,Item 7991,58.25,179
BRC107992,Item 7992,50.71,182
BRC107993,Item 7993,48.33,333
BRC107994,Item 7994,85.61,114
BRC107995,Item 7995,11.94,114
BRC107996,Item 7996,93.18,382
BRC107997,Item 7997,8.46,170
BRC107998,Item 7998,10.78,285
BRC107999,Item 7999,6.64,14
BRC108000,Item 8000,28.45,185
BRC108001,Item 8001,36.9,317
BRC108002,Item 8002,46.57,446
BRC108003,Item 8003,75.14,45
BRC108004,Item 8004,31.11,281
BRC108005,Item 8005,22.92,366
BRC108006,Item 8006,2.95,160
BRC108007,Item 8007,72.71,358
BRC108008,Item 8008,37.34,365
BRC108009,Item 8009,2.92,169
BRC108010,Item 8010,11.59,338
BRC108011,Item 8011,24.84,85
BRC108012,Item 8012,24.7,375
BRC108013,Item 8013,66.02,207
BRC108014,Item 8014,27.75,63
BRC108015,Item 8015,63.05,59
BRC108016,Item 8016,27.51,403
BRC108017,Item 8017,27.52,299
BRC108018,Item 8018,55.11,472
BRC108019,Item 8019,17.08,199
BRC108020,Item 8020,58.73,92
BRC108021,Item 8021,79.46,484
BRC108022,Item 8022,91.48,92
BRC108023,Item 8023,49.59,412
BRC108024,Item 8024,58.44,56
BRC108025,Item 8025,6.08,125
BRC108026,Item 8026,25.21,164
BRC108027,Item 8027,8.14,294
BRC108028,Item 8028,50.36,134
BRC108029,Item 8029,80.18,290
BRC108030,Item 8030,15.5,378
BRC108031,Item 8031,71.04,252
BRC108032,Item 8032,68.23,26
BRC108033,Item 8033,40.04,172
BRC108034,Item 8034,42.8,17
BRC108035,Item 8035,98.07,30
BRC108036,Item 8036,30.84,293
BRC108037,Item 8037,49.16,388
BRC108038,Item 8038,76.19,110
BRC108039,Item 8039,19.34,67
BRC108040,Item 8040,83.57,184
BRC108041,Item 8041,7.72,169
BRC108042,Item 8042,77.4,395
BRC108043,Item 8043,26.55,179
BRC108044,Item 8044,16.82,353
BRC108045,Item 8045,76.88,193
BRC108046,Item 8046,74.0,87
BRC108047,Item 8047,41.7,167
BRC108048,Item 8048,64.97,441
BRC108049,Item 8049,75.13,498
BRC108050,Item 8050,22.6,4
BRC108051,Item 8051,89.56,127
BRC108052,Item 8052,28.5,312
BRC108053,Item 8053,3.2,357
BRC108054,Item 8054,63.59,283
BRC108055,Item 8055,33.49,113
BRC108056,Item 8056,23.71,226
BRC108057,Item 8057,15.79,49
BRC108058,Item 8058,77.55,405
BRC108059,Item 8059,15.19,310
BRC108060,Item 8060,81.22,13
BRC108061,Item 8061,61.31,392
BRC108062,Item 8062,46.73,108
BRC108063,Item 8063,95.18,30
BRC108064,Item 8064,13.64,247
BRC108065,Item 8065,85.61,179
BRC108066,Item 8066,83.57,312
BRC108067,Item 8067,69.0,201
BRC108068,Item 8068,29.92,300
BRC108069,Item 8069,87.62,96
BRC108070,Item 8070,49.24,460
BRC108071,Item 8071,54.29,291
BRC108072,Item 8072,71.24,92
BRC108073,Item 8073,53.39,133
BRC108074,Item 8074,70.73,68
BRC108075,Item 8075,98.23,131
BRC108076,Item 8076,46.18,339
BRC108077,Item 8077,15.74,495
BRC108078,Item 8078,3.48,436
BRC108079,Item 8079,19.67,55
BRC108080,Item 8080,17.4,263
BRC108081,Item 8081,98.11,398
BRC108082,Item 8082,53.53,323
BRC108083,Item 8083,84.1,428
BRC108084,Item 8084,51.21,206
BRC108085,Item 8085,28.87,112
BRC108086,Item 8086,72.42,11
BRC108087,Item 8087,4.29,33
BRC108088,Item 8088,39.7,204
BRC108089,Item 8089,27.13,495
BRC108090,Item 8090,53.97,64
BRC108091,Item 8091,21.21,185
BRC108092,Item 8092,20.5,439
BRC108093,Item 8093,56.42,103
BRC108094,Item 8094,32.51,308
BRC108095,Item 8095,20.08,236
BRC108096,Item 8096,34.99,326
BRC108097,Item 8097,56.44,251
BRC108098,Item 8098,74.33,490
BRC108099,Item 8099,83.5,365
BRC108100,Item 8100,8.73,353
BRC108101,Item 8101,28.81,66
BRC108102,Item 8102,14.69,369
BRC108103,Item 8103,65.84,382
BRC108104,Item 8104,69.69,302
BRC108105,Item 8105,67.68,44
BRC108106,Item 8106,31.19,175
BRC108107,Item 8107,91.71,68
BRC108108,Item 8108,57.43,178
BRC108109,Item 8109,94.39,335
BRC108110,Item 8110,84.69,9
BRC108111,Item 8111,86.8,241
BRC108112,Item 8112,2.62,387
BRC108113,Item 8113,51.66,337
BRC108114,Item 8114,25.14,167
BRC108115,Item 8115,42.08,234
BRC108116,Item 8116,97.5,179
BRC108117,Item 8117,79.72,276
BRC108118,Item 8118,69.02,197
BRC108119,Item 8119,14.75,428
BRC108120,Item 8120,31.93,301
BRC108121,Item 8121,24.44,494
BRC108122,Item 8122,73.54,324
BRC108123,Item 8123,86.73,432
BRC108124,Item 8124,84.07,264
BRC108125,Item 8125,10.59,264
BRC108126,Item 8126,60.48,239
BRC108127,Item 8127,94.8,152
BRC108128,Item 8128,37.84,84
BRC108129,Item 8129,22.25,293
BRC108130,Item 8130,87.5,300
BRC108131,Item 8131,35.75,373
BRC108132,Item 8132,56.45,355
BRC108133,Item 8133,91.21,12
BRC108134,Item 8134,8.78,24
BRC108135,Item 8135,26.25,155
BRC108136,Item 8136,93.47,282
BRC108137,Item 8137,3.64,458
BRC108138,Item 8138,82.96,140
BRC108139,Item 8139,75.05,325
BRC108140,Item 8140,11.49,200
BRC108141,Item 8141,75.37,89
BRC108142,Item 8142,34.52,103
BRC108143,Item 8143,95.22,117
BRC108144,Item 8144,33.0,176
BRC108145,Item 8145,57.35,60
BRC108146,Item 8146,20.35,233
BRC108147,Item 8147,3.63,364
BRC108148,Item 8148,10.45,124
BRC108149,Item 8149,43.52,350
BRC108150,Item 8150,34.78,35
BRC108151,Item 8151,6.13,276
BRC108152,Item 8152,25.24,81
BRC108153,Item 8153,33.41,346
BRC108154,Item 8154,61.96,42
BRC108155,Item 8155,21.09,408
BRC108156,Item 8156,27.88,256
BRC108157,Item 8157,80.82,2
BRC108158,Item 8158,32.99,2
BRC108159,Item 8159,86.27,437
BRC108160,Item 8160,77.71,221
BRC108161,Item 8161,72.51,469
BRC108162,Item 8162,16.26,94
BRC108163,Item 8163,62.84,165
BRC108164,Item 8164,16.35,121
BRC108165,Item 8165,82.79,464
BRC108166,Item 8166,5.91,135
BRC108167,Item 8167,59.85,360
BRC108168,Item 8168,29.27,183
BRC108169,Item 8169,96.6,432
BRC108170,Item 8170,57.62,445
BRC108171,Item 8171,95.45,269
BRC108172,Item 8172,52.07,124
BRC108173,Item 8173,70.61,242
BRC108174,Item 8174,28.74,182
BRC108175,Item 8175,51.77,304
BRC108176,Item 8176,20.22,118
BRC108177,Item 8177,84.32,482
BRC108178,Item 8178,21.63,225
BRC108179,Item 8179,55.21,231
BRC108180,Item 8180,68.48,435
BRC108181,Item 8181,77.54,281
BRC108182,Item 8182,31.39,201
BRC108183,Item 8183,97.17,255
BRC108184,Item 8184,61.12,242
BRC108185,Item 8185,84.75,126
BRC108186,Item 8186,56.28,74
BRC108187,Item 8187,61.99,446
BRC108188,Item 8188,60.88,44
BRC108189,Item 8189,30.83,89
BRC108190,Item 8190,36.59,413
BRC108191,Item 8191,82.19,286
BRC108192,Item 8192,88.41,298
BRC108193,Item 8193,49.01,480
BRC108194,Item 8194,36.01,253
BRC108195,Item 8195,24.21,469
BRC108196,Item 8196,86.57,353
BRC108197,Item 8197,7.78,384
BRC108198,Item 8198,26.55,348
BRC108199,Item 8199,47.23,443
BRC108200,Item 8200,47.96,396
BRC108201,Item 8201,9.47,213
BRC108202,Item 8202,12.08,494
BRC108203,Item 8203,99.4,360
BRC108204,Item 8204,60.7,325
BRC108205,Item 8205,44.03,68
BRC108206,Item 8206,38.41,216
BRC108207,Item 8207,39.6,404
BRC108208,Item 8208,14.57,367
BRC108209,Item 8209,59.46,304
BRC108210,Item 8210,50.01,375
BRC108211,Item 8211,41.91,333
BRC108212,Item 8212,65.59,168
BRC108213,Item 8213,22.9,251
BRC108214,Item 8214,19.81,452
BRC108215,Item 8215,62.77,288
BRC108216,Item 8216,11.56,440
BRC108217,Item 8217,5.2,337
BRC108218,Item 8218,99.82,481
BRC108219,Item 8219,84.59,197
BRC108220,Item 8220,44.59,231
BRC108221,Item 8221,29.16,299
BRC108222,Item 8222,46.72,446
BRC108223,Item 8223,27.84,299
BRC108224,Item 8224,78.78,20
BRC108225,Item 8225,96.76,36
BRC108226,Item 8226,59.7,229
BRC108227,Item 8227,49.82,248
BRC108228,Item 8228,50.32,415
BRC108229,Item 8229,74.51,445
BRC108230,Item 8230,68.18,319
BRC108231,Item 8231,29.21,418
BRC108232,Item 8232,51.48,478
BRC108233,Item 8233,93.35,57
BRC108234,Item 8234,25.1,257
BRC108235,Item 8235,38.15,415
BRC108236,Item 8236,29.89,312
BRC108237,Item 8237,79.43,95
BRC108238,Item 8238,55.88,344
BRC108239,Item 8239,8.61,400
BRC108240,Item 8240,64.35,85
BRC108241,Item 8241,70.63,136
BRC108242,Item 8242,3.78,364
BRC108243,Item 8243,44.08,318
BRC108244,Item 8244,22.01,1
BRC108245,Item 8245,99.19,401
BRC108246,Item 8246,95.69,294
BRC108247,Item 8247,49.31,2
BRC108248,Item 8248,4.33,405
BRC108249,Item 8249,11.29,99
BRC108250,Item 8250,80.09,209
BRC108251,Item 8251,55.57,435
BRC108252,Item 8252,31.86,146
BRC108253,Item 8253,8.06,195
BRC108254,Item 8254,60.74,445
BRC108255,Item 8255,46.44,392
BRC108256,Item 8256,33.31,48
BRC108257,Item 8257,69.84,80
BRC108258,Item 8258,49.11,348
BRC108259,Item 8259,24.0,360
BRC108260,Item 8260,22.37,489
BRC108261,Item 8261,32.33,19
BRC108262,Item 8262,14.86,470
BRC108263,Item 8263,84.1,26
BRC108264,Item 8264,37.85,81
BRC108265,Item 8265,42.32,494
BRC108266,Item 8266,80.76,218
BRC108267,Item 8267,24.06,78
BRC108268,Item 8268,23.07,157
BRC108269,Item 8269,67.74,472
BRC108270,Item 8270,85.45,459
BRC108271,Item 8271,28.77,251
BRC108272,Item 8272,58.6,29
BRC108273,Item 8273,91.63,225
BRC108274,Item 8274,13.34,51
BRC108275,Item 8275,84.63,485
BRC108276,Item 8276,77.09,230
BRC108277,Item 8277,23.02,281
BRC108278,Item 8278,32.27,53
BRC108279,Item 8279,30.44,215
BRC108280,Item 8280,85.3,264
BRC108281,Item 8281,71.3,52
BRC108282,Item 8282,84.12,315
BRC108283,Item 8283,27.92,214
BRC108284,Item 8284,19.53,483
BRC108285,Item 8285,53.6,231
BRC108286,Item 8286,57.03,187
BRC108287,Item 8287,95.74,70
BRC108288,Item 8288,13.27,274
BRC108289,Item 8289,63.92,272
BRC108290,Item 8290,17.81,198
BRC108291,Item 8291,47.78,329
BRC108292,Item 8292,86.75,314
BRC108293,Item 8293,18.29,103
BRC108294,Item 8294,84.89,472
BRC108295,Item 8295,13.12,280
BRC108296,Item 8296,31.9,221
BRC108297,Item 8297,59.29,220
BRC108298,Item 8298,41.78,191
BRC108299,Item 8299,90.04,241
BRC108300,Item 8300,53.17,499
BRC108301,Item 8301,12.73,338
BRC108302,Item 8302,75.59,332
BRC108303,Item 8303,18.8,153
BRC108304,Item 8304,70.13,318
BRC108305,Item 8305,4.21,357
BRC108306,Item 8306,36.61,278
BRC108307,Item 8307,33.1,188
BRC108308,Item 8308,59.67,170
BRC108309,Item 8309,78.5,57
BRC108310,Item 8310,40.14,282
BRC108311,Item 8311,78.98,286
BRC108312,Item 8312,16.65,28
BRC108313,Item 8313,60.43,422
BRC108314,Item 8314,97.27,282
BRC108315,Item 8315,61.44,249
BRC108316,Item 8316,13.74,301
BRC108317,Item 8317,31.82,13
BRC108318,Item 8318,38.76,115
BRC108319,Item 8319,33.14,352
BRC108320,Item 8320,19.33,250
BRC108321,Item 8321,90.99,34
BRC108322,Item 8322,4.02,445
BRC108323,Item 8323,27.65,170
BRC108324,Item 8324,59.68,360
BRC108325,Item 8325,63.21,252
BRC108326,Item 8326,27.58,25
BRC108327,Item 8327,19.29,142
BRC108328,Item 8328,66.77,462
BRC108329,Item 8329,61.12,265
BRC108330,Item 8330,70.72,140
BRC108331,Item 8331,78.99,173
BRC108332,Item 8332,80.95,208
BRC108333,Item 8333,58.24,14
BRC108334,Item 8334,44.13,26
BRC108335,Item 8335,39.17,320
BRC108336,Item 8336,90.12,98
BRC108337,Item 8337,20.49,463
BRC108338,Item 8338,48.31,341
BRC108339,Item 8339,84.39,451
BRC108340,Item 8340,82.85,167
BRC108341,Item 8341,60.87,148
BRC108342,Item 8342,31.91,148
BRC108343,Item 8343,84.22,17
BRC108344,Item 8344,22.11,376
BRC108345,Item 8345,12.43,438
BRC108346,Item 8346,75.56,378
BRC108347,Item 8347,69.84,448
BRC108348,Item 8348,14.25,224
BRC108349,Item 8349,18.23,415
BRC108350,Item 8350,28.35,166
BRC108351,Item 8351,52.12,420
BRC108352,Item 8352,28.56,367
BRC108353,Item 8353,38.25,391
BRC108354,Item 8354,84.9,251
BRC108355,Item 8355,12.05,34
BRC108356,Item 8356,33.35,300
BRC108357,Item 8357,86.14,96
BRC108358,Item 8358,84.58,181
BRC108359,Item 8359,15.19,321
BRC108360,Item 8360,6.84,238
BRC108361,Item 8361,27.61,55
BRC108362,Item 8362,19.67,384
BRC108363,Item 8363,39.41,436
BRC108364,Item 8364,66.37,369
BRC108365,Item 8365,17.33,3
BRC108366,Item 8366,45.51,243
BRC108367,Item 8367,63.17,411
BRC108368,Item 8368,39.01,358
BRC108369,Item 8369,13.96,48
BRC108370,Item 8370,88.82,455
BRC108371,Item 8371,24.02,393
BRC108372,Item 8372,34.75,118
BRC108373,Item 8373,95.87,207
BRC108374,Item 8374,36.59,417
BRC108375,Item 8375,18.95,16
BRC108376,Item 8376,81.67,298
BRC108377,Item 8377,61.14,210
BRC108378,Item 8378,4.64,107
BRC108379,Item 8379,34.22,59
BRC108380,Item 8380,1.82,362
BRC108381,Item 8381,99.45,424
BRC108382,Item 8382,22.92,365
BRC108383,Item 8383,67.91,3
BRC108384,Item 8384,86.92,320
BRC108385,Item 8385,52.49,433
BRC108386,Item 8386,89.64,416
BRC108387,Item 8387,98.91,360
BRC108388,Item 8388,48.08,391
BRC108389,Item 8389,64.4,375
BRC108390,Item 8390,40.58,346
BRC108391,Item 8391,83.18,352
BRC108392,Item 8392,88.32,252
BRC108393,Item 8393,17.79,80
BRC108394,Item 8394,28.08,24
BRC108395,Item 8395,82.27,405
BRC108396,Item 8396,56.2,11
BRC108397,Item 8397,76.8,41
BRC108398,Item 8398,53.71,43
BRC108399,Item 8399,80.06,147
BRC108400,Item 8400,1.69,62
BRC108401,Item 8401,70.32,112
BRC108402,Item 8402,28.1,298
BRC108403,Item 8403,81.72,303
BRC108404,Item 8404,45.99,61
BRC108405,Item 8405,33.38,23
BRC108406,Item 8406,98.28,149
BRC108407,Item 8407,32.45,188
BRC108408,Item 8408,89.79,216
BRC108409,Item 8409,89.64,243
BRC108410,Item 8410,78.84,268
BRC108411,Item 8411,67.84,129
BRC108412,Item 8412,51.14,255
BRC108413,Item 8413,55.21,131
BRC108414,Item 8414,37.24,264
BRC108415,Item 8415,37.89,157
BRC108416,Item 8416,43.66,25
BRC108417,Item 8417,89.0,142
BRC108418,Item 8418,67.51,494
BRC108419,Item 8419,84.68,44
BRC108420,Item 8420,78.45,352
BRC108421,Item 8421,87.99,210
BRC108422,Item 8422,90.88,387
BRC108423,Item 8423,41.81,308
BRC108424,Item 8424,98.68,376
BRC108425,Item 8425,39.85,425
BRC108426,Item 8426,83.65,221
BRC108427,Item 8427,62.84,143
BRC108428,Item 8428,27.67,443
BRC108429,Item 8429,37.93,207
BRC108430,Item 8430,62.39,403
BRC108431,Item 8431,71.29,139
BRC108432,Item 8432,72.25,311
BRC108433,Item 8433,22.68,410
BRC108434,Item 8434,8.82,55
BRC108435,Item 8435,25.08,12
BRC108436,Item 8436,25.65,293
BRC108437,Item 8437,63.21,93
BRC108438,Item 8438,55.22,441
BRC108439,Item 8439,5.79,134
BRC108440,Item 8440,79.76,15
BRC108441,Item 8441,39.05,297
BRC108442,Item 8442,83.39,357
BRC108443,Item 8443,77.95,124
BRC108444,Item 8444,49.31,150
BRC108445,Item 8445,84.96,268
BRC108446,Item 8446,74.4,226
BRC108447,Item 8447,24.97,229
BRC108448,Item 8448,68.8,228
BRC108449,Item 8449,55.98,294
BRC108450,Item 8450,65.81,246
BRC108451,Item 8451,24.34,344
BRC108452,Item 8452,45.04,319
BRC108453,Item 8453,49.57,220
BRC108454,Item 8454,68.24,482
BRC108455,Item 8455,23.15,347
BRC108456,Item 8456,18.4,347
BRC108457,Item 8457,94.22,81
BRC108458,Item 8458,71.85,121
BRC108459,Item 8459,87.04,368
BRC108460,Item 8460,1.09,187
BRC108461,Item 8461,17.07,115
BRC108462,Item 8462,4.42,108
BRC108463,Item 8463,37.68,211
BRC108464,Item 8464,19.56,56
BRC108465,Item 8465,82.65,389
BRC108466,Item 8466,50.49,455
BRC108467,Item 8467,33.19,265
BRC108468,Item 8468,97.23,436
BRC108469,Item 8469,47.74,108
BRC108470,Item 8470,45.26,440
BRC108471,Item 8471,33.05,370
BRC108472,Item 8472,29.45,20
BRC108473,Item 8473,53.6,123
BRC108474,Item 8474,92.95,282
BRC108475,Item 8475,21.91,444
BRC108476,Item 8476,83.51,479
BRC108477,Item 8477,98.5,45
BRC108478,Item 8478,78.36,164
BRC108479,Item 8479,46.69,262
BRC108480,Item 8480,20.37,55
BRC108481,Item 8481,36.14,432
BRC108482,Item 8482,2.75,471
BRC108483,Item 8483,32.51,278
BRC108484,Item 8484,50.11,186
BRC108485,Item 8485,51.64,39
BRC108486,Item 8486,64.85,421
BRC108487,Item 8487,12.23,451
BRC108488,Item 8488,37.49,397
BRC108489,Item 8489,16.58,312
BRC108490,Item 8490,59.99,447
BRC108491,Item 8491,79.24,77
BRC108492,Item 8492,91.41,299
BRC108493,Item 8493,50.85,345
BRC108494,Item 8494,39.49,279
BRC108495,Item 8495,29.22,335
BRC108496,Item 8496,18.77,294
BRC108497,Item 8497,68.26,101
BRC108498,Item 8498,87.82,144
BRC108499,Item 8499,81.22,427
BRC108500,Item 8500,85.65,425
BRC108501,Item 8501,62.42,59
BRC108502,Item 8502,8.09,444
BRC108503,Item 8503,73.12,127
BRC108504,Item 8504,32.69,228
BRC108505,Item 8505,16.84,258
BRC108506,Item 8506,64.23,488
BRC108507,Item 8507,4.87,421
BRC108508,Item 8508,65.91,176
BRC108509,Item 8509,42.76,122
BRC108510,Item 8510,80.49,146
BRC108511,Item 8511,94.73,149
BRC108512,Item 8512,65.62,112
BRC108513,Item 8513,48.18,450
BRC108514,Item 8514,76.03,225
BRC108515,Item 8515,13.37,305
BRC108516,Item 8516,96.74,287
BRC108517,Item 8517,99.06,424
BRC108518,Item 8518,64.37,434
BRC108519,Item 8519,91.86,189
BRC108520,Item 8520,59.93,85
BRC108521,Item 8521,87.58,444
BRC108522,Item 8522,58.87,359
BRC108523,Item 8523,12.11,49
BRC108524,Item 8524,38.07,317
BRC108525,Item 8525,49.04,67
BRC108526,Item 8526,6.76,112
BRC108527,Item 8527,4.6,446
BRC108528,Item 8528,14.46,111
BRC108529,Item 8529,14.83,170
BRC108530,Item 8530,2.99,201
BRC108531,Item 8531,18.98,468
BRC108532,Item 8532,17.11,275
BRC108533,Item 8533,59.91,19
BRC108534,Item 8534,21.68,135
BRC108535,Item 8535,55.28,9
BRC108536,Item 8536,43.96,260
BRC108537,Item 8537,51.46,289
BRC108538,Item 8538,43.54,379
BRC108539,Item 8539,45.99,136
BRC108540,Item 8540,77.89,52
BRC108541,Item 8541,49.75,195
BRC108542,Item 8542,3.88,85
BRC108543,Item 8543,43.47,352
BRC108544,Item 8544,80.94,267
BRC108545,Item 8545,53.06,334
BRC108546,Item 8546,89.51,355
BRC108547,Item 8547,18.45,44
BRC108548,Item 8548,81.24,142
BRC108549,Item 8549,61.41,82
BRC108550,Item 8550,69.59,89
BRC108551,Item 8551,35.19,397
BRC108552,Item 8552,99.65,267
BRC108553,Item 8553,93.72,384
BRC108554,Item 8554,9.77,234
BRC108555,Item 8555,81.66,150
BRC108556,Item 8556,73.39,11
BRC108557,Item 8557,6.5,269
BRC108558,Item 8558,79.05,304
BRC108559,Item 8559,59.26,47
BRC108560,Item 8560,93.89,375
BRC108561,Item 8561,20.68,434
BRC108562,Item 8562,45.11,211
BRC108563,Item 8563,26.07,178
BRC108564,Item 8564,92.82,224
BRC108565,Item 8565,19.55,154
BRC108566,Item 8566,7.61,293
BRC108567,Item 8567,95.73,309
BRC108568,Item 8568,87.03,125
BRC108569,Item 8569,29.32,36
BRC108570,Item 8570,85.46,21
BRC108571,Item 8571,50.59,424
BRC108572,Item 8572,17.76,377
BRC108573,Item 8573,4.98,228
BRC108574,Item 8574,10.63,476
BRC108575,Item 8575,17.27,69
BRC108576,Item 8576,87.95,97
BRC108577,Item 8577,96.27,256
BRC108578,Item 8578,26.06,194
BRC108579,Item 8579,59.9,73
BRC108580,Item 8580,32.51,377
BRC108581,Item 8581,82.62,498
BRC108582,Item 8582,49.91,104
BRC108583,Item 8583,66.39,237
BRC108584,Item 8584,30.92,379
BRC108585,Item 8585,8.74,456
BRC108586,Item 8586,33.73,114
BRC108587,Item 8587,34.13,414
BRC108588,Item 8588,16.66,490
BRC108589,Item 8589,34.23,175
BRC108590,Item 8590,7.56,22
BRC108591,Item 8591,94.6,253
BRC108592,Item 8592,41.44,462
BRC108593,Item 8593,52.28,37
BRC108594,Item 8594,2.31,167
BRC108595,Item 8595,40.62,138
BRC108596,Item 8596,98.77,222
BRC108597,Item 8597,19.73,290
BRC108598,Item 8598,8.04,162
BRC108599,Item 8599,17.65,149
BRC108600,Item 8600,91.03,234
BRC108601,Item 8601,38.16,311
BRC108602,Item 8602,59.84,239
BRC108603,Item 8603,56.54,275
BRC108604,Item 8604,46.69,185
BRC108605,Item 8605,88.58,358
BRC108606,Item 8606,58.88,42
BRC108607,Item 8607,95.87,486
BRC108608,Item 8608,9.32,402
BRC108609,Item 8609,7.67,112
BRC108610,Item 8610,82.95,217
BRC108611,Item 8611,9.48,201
BRC108612,Item 8612,63.5,5
BRC108613,Item 8613,48.31,482
BRC108614,Item 8614,72.59,280
BRC108615,Item 8615,79.53,2
BRC108616,Item 8616,10.67,59
BRC108617,Item 8617,4.74,353
BRC108618,Item 8618,17.81,240
BRC108619,Item 8619,71.28,342
BRC108620,Item 8620,75.62,301
BRC108621,Item 8621,46.27,45
BRC108622,Item 8622,90.34,166
BRC108623,Item 8623,25.45,354
BRC108624,Item 8624,31.61,22
BRC108625,Item 8625,75.27,209
BRC108626,Item 8626,94.66,141
BRC108627,Item 8627,15.57,138
BRC108628,Item 8628,54.88,4
BRC108629,Item 8629,87.58,427
BRC108630,Item 8630,93.35,85
BRC108631,Item 8631,67.28,431
BRC108632,Item 8632,90.31,483
BRC108633,Item 8633,14.47,5
BRC108634,Item 8634,87.41,195
BRC108635,Item 8635,76.42,202
BRC108636,Item 8636,48.42,207
BRC108637,Item 8637,99.57,185
BRC108638,Item 8638,59.52,443
BRC108639,Item 8639,22.57,79
BRC108640,Item 8640,11.12,163
BRC108641,Item 8641,45.59,382
BRC108642,Item 8642,75.66,51
BRC108643,Item 8643,8.0,186
BRC108644,Item 8644,60.41,459
BRC108645,Item 8645,50.98,403
BRC108646,Item 8646,55.19,322
BRC108647,Item 8647,20.71,117
BRC108648,Item 8648,75.97,493
BRC108649,Item 8649,30.72,450
BRC108650,Item 8650,35.23,231
BRC108651,Item 8651,34.98,419
BRC108652,Item 8652,9.55,26
BRC108653,Item 8653,29.57,455
BRC108654,Item 8654,99.21,164
BRC108655,Item 8655,62.39,261
BRC108656,Item 8656,57.27,350
BRC108657,Item 8657,66.76,410
BRC108658,Item 8658,41.91,448
BRC108659,Item 8659,7.98,168
BRC108660,Item 8660,80.18,74
BRC108661,Item 8661,12.47,97
BRC108662,Item 8662,96.34,491
BRC108663,Item 8663,26.2,54
BRC108664,Item 8664,15.34,138
BRC108665,Item 8665,46.88,383
BRC108666,Item 8666,51.77,481
BRC108667,Item 8667,72.13,410
BRC108668,Item 8668,18.01,88
BRC108669,Item 8669,49.99,493
BRC108670,Item 8670,74.71,401
BRC108671,Item 8671,26.38,326
BRC108672,Item 8672,10.53,92
BRC108673,Item 8673,31.58,460
BRC108674,Item 8674,56.71,108
BRC108675,Item 8675,42.94,342
BRC108676,Item 8676,25.71,374
BRC108677,Item 8677,10.04,327
BRC108678,Item 8678,73.7,316
BRC108679,Item 8679,23.15,279
BRC108680,Item 8680,22.35,401
BRC108681,Item 8681,39.91,35
BRC108682,Item 8682,88.46,197
BRC108683,Item 8683,15.99,24
BRC108684,Item 8684,80.74,87
BRC108685,Item 8685,95.19,10
BRC108686,Item 8686,91.79,424
BRC108687,Item 8687,31.35,137
BRC108688,Item 8688,26.31,405
BRC108689,Item 8689,8.27,347
BRC108690,Item 8690,87.3,230
BRC108691,Item 8691,52.88,466
BRC108692,Item 8692,75.46,401
BRC108693,Item 8693,53.8,441
BRC108694,Item 8694,6.77,283
BRC108695,Item 8695,91.36,188
BRC108696,Item 8696,56.8,484
BRC108697,Item 8697,49.52,40
BRC108698,Item 8698,22.37,22
BRC108699,Item 8699,70.88,269
BRC108700,Item 8700,91.92,41
BRC108701,Item 8701,83.7,7
BRC108702,Item 8702,60.45,237
BRC108703,Item 8703,42.95,214
BRC108704,Item 8704,72.11,212
BRC108705,Item 8705,95.05,309
BRC108706,Item 8706,67.95,498
BRC108707,Item 8707,6.92,105
BRC108708,Item 8708,69.38,15
BRC108709,Item 8709,32.5,164
BRC108710,Item 8710,88.67,251
BRC108711,Item 8711,95.1,360
BRC108712,Item 8712,4.88,410
BRC108713,Item 8713,2.68,229
BRC108714,Item 8714,99.46,480
BRC108715,Item 8715,93.5,75
BRC108716,Item 8716,4.88,441
BRC108717,Item 8717,78.69,311
BRC108718,Item 8718,85.84,386
BRC108719,Item 8719,48.86,303
BRC108720,Item 8720,75.26,252
BRC108721,Item 8721,81.06,287
BRC108722,Item 8722,74.76,86
BRC108723,Item 8723,65.16,276
BRC108724,Item 8724,97.2,152
BRC108725,Item 8725,10.58,472
BRC108726,Item 8726,4.28,99
BRC108727,Item 8727,48.06,97
BRC108728,Item 8728,20.34,167
BRC108729,Item 8729,8.28,398
BRC108730,Item 8730,30.9,351
BRC108731,Item 8731,26.94,127
BRC108732,Item 8732,67.37,407
BRC108733,Item 8733,1.29,172
BRC108734,Item 8734,33.77,105
BRC108735,Item 8735,78.98,287
BRC108736,Item 8736,21.26,80
BRC108737,Item 8737,10.81,405
BRC108738,Item 8738,54.7,257
BRC108739,Item 8739,69.94,24
BRC108740,Item 8740,66.14,489
BRC108741,Item 8741,21.59,351
BRC108742,Item 8742,38.03,105
BRC108743,Item 8743,58.14,143
BRC108744,Item 8744,43.4,375
BRC108745,Item 8745,59.85,7
BRC108746,Item 8746,46.08,40
BRC108747,Item 8747,98.7,389
BRC108748,Item 8748,60.53,176
BRC108749,Item 8749,74.22,180
BRC108750,Item 8750,41.0,213
BRC108751,Item 8751,61.55,97
BRC108752,Item 8752,26.32,38
BRC108753,Item 8753,80.93,184
BRC108754,Item 8754,60.38,205
BRC108755,Item 8755,6.67,121
BRC108756,Item 8756,85.02,123
BRC108757,Item 8757,89.44,359
BRC108758,Item 8758,19.72,317
BRC108759,Item 8759,3.19,254
BRC108760,Item 8760,56.62,103
BRC108761,Item 8761,54.71,76
BRC108762,Item 8762,88.59,4
BRC108763,Item 8763,22.94,435
BRC108764,Item 8764,56.71,244
BRC108765,Item 8765,3.83,401
BRC108766,Item 8766,8.03,362
BRC108767,Item 8767,12.04,79
BRC108768,Item 8768,87.35,358
BRC108769,Item 8769,42.89,425
BRC108770,Item 8770,5.86,211
BRC108771,Item 8771,20.75,185
BRC108772,Item 8772,48.33,495
BRC108773,Item 8773,13.81,196
BRC108774,Item 8774,78.36,153
BRC108775,Item 8775,50.43,484
BRC108776,Item 8776,31.64,247
BRC108777,Item 8777,41.64,27
BRC108778,Item 8778,70.81,27
BRC108779,Item 8779,83.33,405
BRC108780,Item 8780,42.53,77
BRC108781,Item 8781,51.77,351
BRC108782,Item 8782,59.94,390
BRC108783,Item 8783,13.93,483
BRC108784,Item 8784,21.14,132
BRC108785,Item 8785,6.33,90
BRC108786,Item 8786,76.72,397
BRC108787,Item 8787,33.4,314
BRC108788,Item 8788,81.49,18
BRC108789,Item 8789,47.38,173
BRC108790,Item 8790,85.26,88
BRC108791,Item 8791,68.66,22
BRC108792,Item 8792,76.77,248
BRC108793,Item 8793,98.8,209
BRC108794,Item 8794,86.59,255
BRC108795,Item 8795,27.25,404
BRC108796,Item 8796,29.34,15
BRC108797,Item 8797,95.21,150
BRC108798,Item 8798,63.45,280
BRC108799,Item 8799,62.35,479
BRC108800,Item 8800,24.79,42
BRC108801,Item 8801,19.63,279
BRC108802,Item 8802,25.24,454
BRC108803,Item 8803,26.45,154
BRC108804,Item 8804,10.07,408
BRC108805,Item 8805,6.45,302
BRC108806,Item 8806,59.65,291
BRC108807,Item 8807,96.91,127
BRC108808,Item 8808,85.86,146
BRC108809,Item 8809,24.73,216
BRC108810,Item 8810,76.58,384
BRC108811,Item 8811,27.41,76
BRC108812,Item 8812,91.33,58
BRC108813,Item 8813,45.25,498
BRC108814,Item 8814,19.27,218
BRC108815,Item 8815,61.77,3
BRC108816,Item 8816,49.16,383
BRC108817,Item 8817,31.14,321
BRC108818,Item 8818,40.62,455
BRC108819,Item 8819,16.9,68
BRC108820,Item 8820,45.42,189
BRC108821,Item 8821,61.95,264
BRC108822,Item 8822,37.33,56
BRC108823,Item 8823,76.85,399
BRC108824,Item 8824,67.74,212
BRC108825,Item 8825,49.94,107
BRC108826,Item 8826,97.29,352
BRC108827,Item 8827,5.74,391
BRC108828,Item 8828,14.94,276
BRC108829,Item 8829,46.7,89
BRC108830,Item 8830,59.08,55
BRC108831,Item 8831,67.77,244
BRC108832,Item 8832,42.87,65
BRC108833,Item 8833,78.83,472
BRC108834,Item 8834,2.31,462
BRC108835,Item 8835,14.91,21
BRC108836,Item 8836,78.35,240
BRC108837,Item 8837,47.91,392
BRC108838,Item 8838,61.67,87
BRC108839,Item 8839,5.05,426
BRC108840,Item 8840,77.72,159
BRC108841,Item 8841,91.43,287
BRC108842,Item 8842,8.79,28
BRC108843,Item 8843,9.15,400
BRC108844,Item 8844,15.24,303
BRC108845,Item 8845,99.73,321
BRC108846,Item 8846,70.93,226
BRC108847,Item 8847,50.21,308
BRC108848,Item 8848,77.08,500
BRC108849,Item 8849,32.29,158
BRC108850,Item 8850,38.2,35
BRC108851,Item 8851,50.85,156
BRC108852,Item 8852,26.86,299
BRC108853,Item 8853,43.39,348
BRC108854,Item 8854,59.49,318
BRC108855,Item 8855,66.87,277
BRC108856,Item 8856,51.09,378
BRC108857,Item 8857,38.26,216
BRC108858,Item 8858,7.04,319
BRC108859,Item 8859,13.14,34
BRC108860,Item 8860,62.07,309
BRC108861,Item 8861,98.26,61
BRC108862,Item 8862,67.59,199
BRC108863,Item 8863,59.44,211
BRC108864,Item 8864,31.84,56
BRC108865,Item 8865,16.47,413
BRC108866,Item 8866,47.95,373
BRC108867,Item 8867,20.35,409
BRC108868,Item 8868,47.8,192
BRC108869,Item 8869,30.75,257
BRC108870,Item 8870,32.19,361
BRC108871,Item 8871,65.07,188
BRC108872,Item 8872,76.54,321
BRC108873,Item 8873,25.6,496
BRC108874,Item 8874,17.02,424
BRC108875,Item 8875,69.16,492
BRC108876,Item 8876,10.06,87
BRC108877,Item 8877,81.16,281
BRC108878,Item 8878,25.55,238
BRC108879,Item 8879,43.35,20
BRC108880,Item 8880,30.21,85
BRC108881,Item 8881,9.4,308
BRC108882,Item 8882,32.98,346
BRC108883,Item 8883,84.64,367
BRC108884,Item 8884,40.53,36
BRC108885,Item 8885,91.67,378
BRC108886,Item 8886,60.78,480
BRC108887,Item 8887,92.15,336
BRC108888,Item 8888,21.84,123
BRC108889,Item 8889,11.01,425
BRC108890,Item 8890,93.16,325
BRC108891,Item 8891,20.78,423
BRC108892,Item 8892,62.51,155
BRC108893,Item 8893,76.42,26
BRC108894,Item 8894,44.43,188
BRC108895,Item 8895,56.33,90
BRC108896,Item 8896,85.53,297
BRC108897,Item 8897,48.46,221
BRC108898,Item 8898,47.84,202
BRC108899,Item 8899,69.96,263
BRC108900,Item 8900,7.38,140
BRC108901,Item 8901,58.18,38
BRC108902,Item 8902,91.34,106
BRC108903,Item 8903,87.31,124
BRC108904,Item 8904,91.35,106
BRC108905,Item 8905,90.8,144
BRC108906,Item 8906,60.99,236
BRC108907,Item 8907,41.0,343
BRC108908,Item 8908,78.97,284
BRC108909,Item 8909,95.91,99
BRC108910,Item 8910,94.1,93
BRC108911,Item 8911,83.39,314
BRC108912,Item 8912,53.66,188
BRC108913,Item 8913,91.1,20
BRC108914,Item 8914,51.2,269
BRC108915,Item 8915,93.29,441
BRC108916,Item 8916,47.05,486
BRC108917,Item 8917,60.23,194
BRC108918,Item 8918,39.2,314
BRC108919,Item 8919,82.18,144
BRC108920,Item 8920,85.37,381
BRC108921,Item 8921,67.12,93
BRC108922,Item 8922,93.69,113
BRC108923,Item 8923,97.05,465
BRC108924,Item 8924,89.77,61
BRC108925,Item 8925,80.81,412
BRC108926,Item 8926,86.21,431
BRC108927,Item 8927,53.35,163
BRC108928,Item 8928,3.99,11
BRC108929,Item 8929,53.41,371
BRC108930,Item 8930,76.76,46
BRC108931,Item 8931,85.78,101
BRC108932,Item 8932,9.6,266
BRC108933,Item 8933,77.98,177
BRC108934,Item 8934,48.54,337
BRC108935,Item 8935,85.52,406
BRC108936,Item 8936,33.19,253
BRC108937,Item 8937,70.47,381
BRC108938,Item 8938,97.84,397
BRC108939,Item 8939,64.3,369
BRC108940,Item 8940,56.96,486
BRC108941,Item 8941,67.97,285
BRC108942,Item 8942,75.91,266
BRC108943,Item 8943,23.02,346
BRC108944,Item 8944,15.37,449
BRC108945,Item 8945,44.93,13
BRC108946,Item 8946,83.65,148
BRC108947,Item 8947,50.85,477
BRC108948,Item 8948,97.72,309
BRC108949,Item 8949,1.05,210
BRC108950,Item 8950,73.14,444
BRC108951,Item 8951,61.36,426
BRC108952,Item 8952,55.36,286
BRC108953,Item 8953,6.56,326
BRC108954,Item 8954,40.95,4
BRC108955,Item 8955,20.74,301
BRC108956,Item 8956,18.33,345
BRC108957,Item 8957,28.61,214
BRC108958,Item 8958,7.88,160
BRC108959,Item 8959,88.55,269
BRC108960,Item 8960,77.53,320
BRC108961,Item 8961,54.2,321
BRC108962,Item 8962,40.68,13
BRC108963,Item 8963,43.04,160
BRC108964,Item 8964,73.02,2
BRC108965,Item 8965,81.69,88
BRC108966,Item 8966,82.71,215
BRC108967,Item 8967,20.21,148
BRC108968,Item 8968,51.36,357
BRC108969,Item 8969,70.12,475
BRC108970,Item 8970,47.53,488
BRC108971,Item 8971,64.76,28
BRC108972,Item 8972,2.19,35
BRC108973,Item 8973,62.14,295
BRC108974,Item 8974,98.46,88
BRC108975,Item 8975,77.02,229
BRC108976,Item 8976,95.01,297
BRC108977,Item 8977,34.11,393
BRC108978,Item 8978,56.67,365
BRC108979,Item 8979,25.12,449
BRC108980,Item 8980,38.65,70
BRC108981,Item 8981,53.43,296
BRC108982,Item 8982,5.59,214
BRC108983,Item 8983,68.0,63
BRC108984,Item 8984,79.25,311
BRC108985,Item 8985,84.42,479
BRC108986,Item 8986,32.46,259
BRC108987,Item 8987,20.57,53
BRC108988,Item 8988,91.1,475
BRC108989,Item 8989,97.19,233
BRC108990,Item 8990,93.58,283
BRC108991,Item 8991,29.32,264
BRC108992,Item 8992,89.56,170
BRC108993,Item 8993,89.21,374
BRC108994,Item 8994,90.16,25
BRC108995,Item 8995,63.38,420
BRC108996,Item 8996,77.28,39
BRC108997,Item 8997,77.15,397
BRC108998,Item 8998,19.94,405
BRC108999,Item 8999,39.62,486
BRC109000,Item 9000,90.11,186
BRC109001,Item 9001,81.77,60
BRC109002,Item 9002,19.95,45
BRC109003,Item 9003,64.48,399
BRC109004,Item 9004,35.48,118
BRC109005,Item 9005,35.66,276
BRC109006,Item 9006,36.64,264
BRC109007,Item 9007,78.5,143
BRC109008,Item 9008,89.27,187
BRC109009,Item 9009,66.34,116
BRC109010,Item 9010,53.87,215
BRC109011,Item 9011,82.37,142
BRC109012,Item 9012,45.25,228
BRC109013,Item 9013,55.97,81
BRC109014,Item 9014,10.79,221
BRC109015,Item 9015,85.8,498
BRC109016,Item 9016,93.15,97
BRC109017,Item 9017,14.47,198
BRC109018,Item 9018,96.95,28
BRC109019,Item 9019,72.65,117
BRC109020,Item 9020,51.03,218
BRC109021,Item 9021,55.46,314
BRC109022,Item 9022,14.12,241
BRC109023,Item 9023,37.45,394
BRC109024,Item 9024,17.42,195
BRC109025,Item 9025,15.97,362
BRC109026,Item 9026,27.04,418
BRC109027,Item 9027,64.24,64
BRC109028,Item 9028,19.55,1
BRC109029,Item 9029,27.08,452
BRC109030,Item 9030,4.52,247
BRC109031,Item 9031,29.08,252
BRC109032,Item 9032,30.32,365
BRC109033,Item 9033,41.45,255
BRC109034,Item 9034,31.29,387
BRC109035,Item 9035,13.44,239
BRC109036,Item 9036,37.2,86
BRC109037,Item 9037,23.23,310
BRC109038,Item 9038,21.66,366
BRC109039,Item 9039,91.66,443
BRC109040,Item 9040,95.77,245
BRC109041,Item 9041,37.51,2
BRC109042,Item 9042,61.52,477
BRC109043,Item 9043,93.1,491
BRC109044,Item 9044,66.53,354
BRC109045,Item 9045,10.51,259
BRC109046,Item 9046,17.63,133
BRC109047,Item 9047,24.72,476
BRC109048,Item 9048,87.39,333
BRC109049,Item 9049,95.91,102
BRC109050,Item 9050,24.34,416
BRC109051,Item 9051,38.07,25
BRC109052,Item 9052,63.92,231
BRC109053,Item 9053,89.85,34
BRC109054,Item 9054,30.51,153
BRC109055,Item 9055,49.49,70
BRC109056,Item 9056,29.14,332
BRC109057,Item 9057,46.67,226
BRC109058,Item 9058,54.61,184
BRC109059,Item 9059,6.78,349
BRC109060,Item 9060,83.86,76
BRC109061,Item 9061,42.42,376
BRC109062,Item 9062,47.39,185
BRC109063,Item 9063,57.21,120
BRC109064,Item 9064,49.96,278
BRC109065,Item 9065,56.45,130
BRC109066,Item 9066,78.25,409
BRC109067,Item 9067,80.33,257
BRC109068,Item 9068,32.58,291
BRC109069,Item 9069,62.07,392
BRC109070,Item 9070,54.6,400
BRC109071,Item 9071,21.36,163
BRC109072,Item 9072,18.51,480
BRC109073,Item 9073,74.8,396
BRC109074,Item 9074,2.13,107
BRC109075,Item 9075,90.3,45
BRC109076,Item 9076,10.18,123
BRC109077,Item 9077,11.72,148
BRC109078,Item 9078,40.34,487
BRC109079,Item 9079,90.94,316
BRC109080,Item 9080,94.53,147
BRC109081,Item 9081,72.5,30
BRC109082,Item 9082,73.26,213
BRC109083,Item 9083,95.85,357
BRC109084,Item 9084,32.19,298
BRC109085,Item 9085,1.16,17
BRC109086,Item 9086,9.88,303
BRC109087,Item 9087,75.35,290
BRC109088,Item 9088,32.62,463
BRC109089,Item 9089,65.57,227
BRC109090,Item 9090,27.48,297
BRC109091,Item 9091,53.74,232
BRC109092,Item 9092,44.85,414
BRC109093,Item 9093,60.16,398
BRC109094,Item 9094,36.03,85
BRC109095,Item 9095,58.27,408
BRC109096,Item 9096,43.55,150
BRC109097,Item 9097,24.12,407
BRC109098,Item 9098,11.89,420
BRC109099,Item 9099,59.2,452
BRC109100,Item 9100,83.61,107
BRC109101,Item 9101,97.65,402
BRC109102,Item 9102,49.47,251
BRC109103,Item 9103,66.17,76
BRC109104,Item 9104,49.55,489
BRC109105,Item 9105,87.47,109
BRC109106,Item 9106,23.73,17
BRC109107,Item 9107,68.72,18
BRC109108,Item 9108,21.09,14
BRC109109,Item 9109,83.25,435
BRC109110,Item 9110,84.83,261
BRC109111,Item 9111,39.18,114
BRC109112,Item 9112,79.86,252
BRC109113,Item 9113,52.2,97
BRC109114,Item 9114,25.64,15
BRC109115,Item 9115,77.86,343
BRC109116,Item 9116,20.89,35
BRC109117,Item 9117,75.8,451
BRC109118,Item 9118,7.35,394
BRC109119,Item 9119,77.77,76
BRC109120,Item 9120,86.23,380
BRC109121,Item 9121,26.61,312
BRC109122,Item 9122,38.07,333
BRC109123,Item 9123,78.57,201
BRC109124,Item 9124,23.55,304
BRC109125,Item 9125,55.61,467
BRC109126,Item 9126,56.58,354
BRC109127,Item 9127,51.17,266
BRC109128,Item 9128,7.3,459
BRC109129,Item 9129,78.7,97
BRC109130,Item 9130,93.24,332
BRC109131,Item 9131,75.69,81
BRC109132,Item 9132,53.44,360
BRC109133,Item 9133,53.28,68
BRC109134,Item 9134,20.86,477
BRC109135,Item 9135,72.28,170
BRC109136,Item 9136,73.08,144
BRC109137,Item 9137,2.09,29
BRC109138,Item 9138,81.84,264
BRC109139,Item 9139,11.52,417
BRC109140,Item 9140,77.08,454
BRC109141,Item 9141,76.28,224
BRC109142,Item 9142,22.57,47
BRC109143,Item 9143,19.59,288
BRC109144,Item 9144,25.84,226
BRC109145,Item 9145,46.45,275
BRC109146,Item 9146,41.92,37
BRC109147,Item 9147,82.54,220
BRC109148,Item 9148,84.99,22
BRC109149,Item 9149,43.39,368
BRC109150,Item 9150,33.73,280
BRC109151,Item 9151,10.68,494
BRC109152,Item 9152,93.65,378
BRC109153,Item 9153,57.91,95
BRC109154,Item 9154,48.45,109
BRC109155,Item 9155,88.02,56
BRC109156,Item 9156,58.58,391
BRC109157,Item 9157,38.7,221
BRC109158,Item 9158,59.51,126
BRC109159,Item 9159,6.31,79
BRC109160,Item 9160,82.35,154
BRC109161,Item 9161,89.28,475
BRC109162,Item 9162,52.49,18
BRC109163,Item 9163,5.64,397
BRC109164,Item 9164,28.68,45
BRC109165,Item 9165,62.22,339
BRC109166,Item 9166,58.6,29
BRC109167,Item 9167,53.01,47
BRC109168,Item 9168,20.9,353
BRC109169,Item 9169,95.96,480
BRC109170,Item 9170,97.4,467
BRC109171,Item 9171,36.76,11
BRC109172,Item 9172,87.58,280
BRC109173,Item 9173,40.84,354
BRC109174,Item 9174,59.74,334
BRC109175,Item 9175,17.73,470
BRC109176,Item 9176,75.87,440
BRC109177,Item 9177,18.04,282
BRC109178,Item 9178,17.38,358
BRC109179,Item 9179,64.54,228
BRC109180,Item 9180,50.82,414
BRC109181,Item 9181,6.11,298
BRC109182,Item 9182,99.31,17
BRC109183,Item 9183,64.78,432
BRC109184,Item 9184,24.17,345
BRC109185,Item 9185,49.84,280
BRC109186,Item 9186,10.0,466
BRC109187,Item 9187,81.11,96
BRC109188,Item 9188,58.09,411
BRC109189,Item 9189,58.08,80
BRC109190,Item 9190,90.84,319
BRC109191,Item 9191,48.85,448
BRC109192,Item 9192,9.81,32
BRC109193,Item 9193,70.78,409
BRC109194,Item 9194,75.24,183
BRC109195,Item 9195,36.57,287
BRC109196,Item 9196,86.47,169
BRC109197,Item 9197,1.93,342
BRC109198,Item 9198,36.4,315
BRC109199,Item 9199,17.67,89
BRC109200,Item 9200,88.09,296
BRC109201,Item 9201,78.4,94
BRC109202,Item 9202,82.06,100
BRC109203,Item 9203,46.32,223
BRC109204,Item 9204,7.86,328
BRC109205,Item 9205,16.53,500
BRC109206,Item 9206,29.31,278
BRC109207,Item 9207,98.03,269
BRC109208,Item 9208,10.39,83
BRC109209,Item 9209,64.77,242
BRC109210,Item 9210,2.23,378
BRC109211,Item 9211,5.7,396
BRC109212,Item 9212,56.26,262
BRC109213,Item 9213,65.91,461
BRC109214,Item 9214,49.51,77
BRC109215,Item 9215,17.48,365
BRC109216,Item 9216,75.69,130
BRC109217,Item 9217,69.82,95
BRC109218,Item 9218,73.08,187
BRC109219,Item 9219,72.79,311
BRC109220,Item 9220,42.03,222
BRC109221,Item 9221,7.2,291
BRC109222,Item 9222,39.0,87
BRC109223,Item 9223,60.4,407
BRC109224,Item 9224,15.78,236
BRC109225,Item 9225,6.87,496
BRC109226,Item 9226,29.35,424
BRC109227,Item 9227,48.47,263
BRC109228,Item 9228,45.62,17
BRC109229,Item 9229,10.84,47
BRC109230,Item 9230,18.4,430
BRC109231,Item 9231,87.19,364
BRC109232,Item 9232,26.99,30
BRC109233,Item 9233,24.79,262
BRC109234,Item 9234,16.42,178
BRC109235,Item 9235,68.78,203
BRC109236,Item 9236,26.02,406
BRC109237,Item 9237,68.49,296
BRC109238,Item 9238,28.37,286
BRC109239,Item 9239,40.11,301
BRC109240,Item 9240,60.85,179
BRC109241,Item 9241,33.9,378
BRC109242,Item 9242,50.76,346
BRC109243,Item 9243,12.13,330
BRC109244,Item 9244,27.46,336
BRC109245,Item 9245,91.84,210
BRC109246,Item 9246,25.73,145
BRC109247,Item 9247,31.96,299
BRC109248,Item 9248,2.28,224
BRC109249,Item 9249,45.47,208
BRC109250,Item 9250,58.3,439
BRC109251,Item 9251,18.64,70
BRC109252,Item 9252,7.09,438
BRC109253,Item 9253,56.9,146
BRC109254,Item 9254,96.07,278
BRC109255,Item 9255,48.43,485
BRC109256,Item 9256,7.58,376
BRC109257,Item 9257,50.09,113
BRC109258,Item 9258,39.78,73
BRC109259,Item 9259,52.01,429
BRC109260,Item 9260,26.62,435
BRC109261,Item 9261,41.94,311
BRC109262,Item 9262,19.24,4
BRC109263,Item 9263,74.08,281
BRC109264,Item 9264,52.67,113
BRC109265,Item 9265,76.85,264
BRC109266,Item 9266,6.32,333
BRC109267,Item 9267,64.45,205
BRC109268,Item 9268,95.63,398
BRC109269,Item 9269,44.28,440
BRC109270,Item 9270,35.39,114
BRC109271,Item 9271,16.84,433
BRC109272,Item 9272,55.84,111
BRC109273,Item 9273,95.4,242
BRC109274,Item 9274,12.21,461
BRC109275,Item 9275,72.09,321
BRC109276,Item 9276,56.2,95
BRC109277,Item 9277,41.21,303
BRC109278,Item 9278,42.17,426
BRC109279,Item 9279,8.39,212
BRC109280,Item 9280,17.83,268
BRC109281,Item 9281,90.41,11
BRC109282,Item 9282,30.88,488
BRC109283,Item 9283,13.35,381
BRC109284,Item 9284,87.1,41
BRC109285,Item 9285,51.9,30
BRC109286,Item 9286,89.39,25
BRC109287,Item 9287,56.47,210
BRC109288,Item 9288,73.03,147
BRC109289,Item 9289,4.45,163
BRC109290,Item 9290,30.44,485
BRC109291,Item 9291,78.36,375
BRC109292,Item 9292,63.72,15
BRC109293,Item 9293,87.31,275
BRC109294,Item 9294,85.28,260
BRC109295,Item 9295,51.77,385
BRC109296,Item 9296,30.39,112
BRC109297,Item 9297,65.83,346
BRC109298,Item 9298,49.45,207
BRC109299,Item 9299,95.03,262
BRC109300,Item 9300,57.57,154
BRC109301,Item 9301,6.85,121
BRC109302,Item 9302,57.46,137
BRC109303,Item 9303,85.55,402
BRC109304,Item 9304,13.3,110
BRC109305,Item 9305,10.14,239
BRC109306,Item 9306,45.26,120
BRC109307,Item 9307,32.31,56
BRC109308,Item 9308,46.07,48
BRC109309,Item 9309,25.27,97
BRC109310,Item 9310,26.44,374
BRC109311,Item 9311,82.65,63
BRC109312,Item 9312,75.59,413
BRC109313,Item 9313,19.14,468
BRC109314,Item 9314,54.7,190
BRC109315,Item 9315,6.78,176
BRC109316,Item 9316,79.76,183
BRC109317,Item 9317,65.99,289
BRC109318,Item 9318,59.92,42
BRC109319,Item 9319,77.77,213
BRC109320,Item 9320,86.85,301
BRC109321,Item 9321,26.02,50
BRC109322,Item 9322,98.15,299
BRC109323,Item 9323,4.8,305
BRC109324,Item 9324,62.65,295
BRC109325,Item 9325,57.27,209
BRC109326,Item 9326,83.24,440
BRC109327,Item 9327,91.01,461
BRC109328,Item 9328,58.44,276
BRC109329,Item 9329,13.89,341
BRC109330,Item 9330,22.12,9
BRC109331,Item 9331,44.11,23
BRC109332,Item 9332,58.87,323
BRC109333,Item 9333,67.41,188
BRC109334,Item 9334,75.08,420
BRC109335,Item 9335,35.83,323
BRC109336,Item 9336,28.34,434
BRC109337,Item 9337,99.03,313
BRC109338,Item 9338,66.3,85
BRC109339,Item 9339,12.61,115
BRC109340,Item 9340,97.87,256
BRC109341,Item 9341,99.51,338
BRC109342,Item 9342,77.72,201
BRC109343,Item 9343,27.93,458
BRC109344,Item 9344,85.59,138
BRC109345,Item 9345,73.37,369
BRC109346,Item 9346,10.34,160
BRC109347,Item 9347,53.45,207
BRC109348,Item 9348,53.84,443
BRC109349,Item 9349,51.1,409
BRC109350,Item 9350,16.57,243
BRC109351,Item 9351,81.22,346
BRC109352,Item 9352,3.47,180
BRC109353,Item 9353,43.34,161
BRC109354,Item 9354,72.15,457
BRC109355,Item 9355,68.92,281
BRC109356,Item 9356,95.63,227
BRC109357,Item 9357,42.92,68
BRC109358,Item 9358,15.17,164
BRC109359,Item 9359,79.15,115
BRC109360,Item 9360,91.61,84
BRC109361,Item 9361,77.45,134
BRC109362,Item 9362,17.4,173
BRC109363,Item 9363,91.82,82
BRC109364,Item 9364,19.51,139
BRC109365,Item 9365,69.9,494
BRC109366,Item 9366,43.68,57
BRC109367,Item 9367,87.41,238
BRC109368,Item 9368,49.66,300
BRC109369,Item 9369,7.62,7
BRC109370,Item 9370,35.99,100
BRC109371,Item 9371,38.46,442
BRC109372,Item 9372,72.01,204
BRC109373,Item 9373,94.15,235
BRC109374,Item 9374,2.47,154
BRC109375,Item 9375,64.17,240
BRC109376,Item 9376,90.06,447
BRC109377,Item 9377,66.96,312
BRC109378,Item 9378,39.82,167
BRC109379,Item 9379,13.31,102
BRC109380,Item 9380,46.53,114
BRC109381,Item 9381,4.7,335
BRC109382,Item 9382,54.26,388
BRC109383,Item 9383,16.65,150
BRC109384,Item 9384,58.41,312
BRC109385,Item 9385,96.26,243
BRC109386,Item 9386,77.84,172
BRC109387,Item 9387,29.72,129
BRC109388,Item 9388,35.31,376
BRC109389,Item 9389,20.29,467
BRC109390,Item 9390,83.56,491
BRC109391,Item 9391,1.65,44
BRC109392,Item 9392,21.26,423
BRC109393,Item 9393,69.87,155
BRC109394,Item 9394,15.23,228
BRC109395,Item 9395,37.01,79
BRC109396,Item 9396,41.71,238
BRC109397,Item 9397,18.75,6
BRC109398,Item 9398,87.15,179
BRC109399,Item 9399,96.01,396
BRC109400,Item 9400,52.42,11
BRC109401,Item 9401,87.72,183
BRC109402,Item 9402,60.91,172
BRC109403,Item 9403,16.51,467
BRC109404,Item 9404,4.79,133
BRC109405,Item 9405,50.05,35
BRC109406,Item 9406,2.49,426
BRC109407,Item 9407,80.56,367
BRC109408,Item 9408,26.98,166
BRC109409,Item 9409,37.2,88
BRC109410,Item 9410,92.68,78
BRC109411,Item 9411,18.8,58
BRC109412,Item 9412,57.43,233
BRC109413,Item 9413,18.05,492
BRC109414,Item 9414,43.34,257
BRC109415,Item 9415,8.68,293
BRC109416,Item 9416,40.9,203
BRC109417,Item 9417,82.86,62
BRC109418,Item 9418,67.4,81
BRC109419,Item 9419,16.94,69
BRC109420,Item 9420,86.18,492
BRC109421,Item 9421,45.95,405
BRC109422,Item 9422,79.58,174
BRC109423,Item 9423,33.79,151
BRC109424,Item 9424,15.77,118
BRC109425,Item 9425,32.83,152
BRC109426,Item 9426,67.8,220
BRC109427,Item 9427,56.31,53
BRC109428,Item 9428,80.48,280
BRC109429,Item 9429,20.58,376
BRC109430,Item 9430,90.95,477
BRC109431,Item 9431,38.51,6
BRC109432,Item 9432,3.53,45
BRC109433,Item 9433,24.68,244
BRC109434,Item 9434,37.55,322
BRC109435,Item 9435,17.48,329
BRC109436,Item 9436,8.62,129
BRC109437,Item 9437,55.99,87
BRC109438,Item 9438,35.92,265
BRC109439,Item 9439,59.12,410
BRC109440,Item 9440,14.1,496
BRC109441,Item 9441,81.75,316
BRC109442,Item 9442,47.92,440
BRC109443,Item 9443,51.95,347
BRC109444,Item 9444,94.33,383
BRC109445,Item 9445,7.57,310
BRC109446,Item 9446,24.06,163
BRC109447,Item 9447,86.47,317
BRC109448,Item 9448,66.85,154
BRC109449,Item 9449,88.54,322
BRC109450,Item 9450,34.02,211
BRC109451,Item 9451,1.58,478
BRC109452,Item 9452,41.3,313
BRC109453,Item 9453,82.69,180
BRC109454,Item 9454,48.89,122
BRC109455,Item 9455,73.71,387
BRC109456,Item 9456,34.64,32
BRC109457,Item 9457,98.13,344
BRC109458,Item 9458,43.81,239
BRC109459,Item 9459,35.23,151
BRC109460,Item 9460,12.02,21
BRC109461,Item 9461,91.51,344
BRC109462,Item 9462,68.4,353
BRC109463,Item 9463,91.88,443
BRC109464,Item 9464,6.16,80
BRC109465,Item 9465,24.62,284
BRC109466,Item 9466,77.92,261
BRC109467,Item 9467,11.19,29
BRC109468,Item 9468,23.77,404
BRC109469,Item 9469,1.86,74
BRC109470,Item 9470,22.27,165
BRC109471,Item 9471,9.7,332
BRC109472,Item 9472,91.94,290
BRC109473,Item 9473,76.11,223
BRC109474,Item 9474,77.12,79
BRC109475,Item 9475,94.89,430
BRC109476,Item 9476,37.1,476
BRC109477,Item 9477,98.63,2
BRC109478,Item 9478,16.48,237
BRC109479,Item 9479,92.71,61
BRC109480,Item 9480,82.93,436
BRC109481,Item 9481,88.72,343
BRC109482,Item 9482,41.8,202
BRC109483,Item 9483,35.45,200
BRC109484,Item 9484,18.51,243
BRC109485,Item 9485,20.14,304
BRC109486,Item 9486,13.11,355
BRC109487,Item 9487,25.09,312
BRC109488,Item 9488,11.21,441
BRC109489,Item 9489,64.2,294
BRC109490,Item 9490,95.41,466
BRC109491,Item 9491,23.28,421
BRC109492,Item 9492,59.7,350
BRC109493,Item 9493,66.6,317
BRC109494,Item 9494,98.97,37
BRC109495,Item 9495,58.86,330
BRC109496,Item 9496,9.22,178
BRC109497,Item 9497,27.77,53
BRC109498,Item 9498,97.03,82
BRC109499,Item 9499,9.56,5
BRC109500,Item 9500,5.6,50
BRC109501,Item 9501,54.09,24
BRC109502,Item 9502,19.62,101
BRC109503,Item 9503,6.65,315
BRC109504,Item 9504,93.84,3
BRC109505,Item 9505,10.98,104
BRC109506,Item 9506,64.12,190
BRC109507,Item 9507,56.9,321
BRC109508,Item 9508,29.74,64
BRC109509,Item 9509,84.98,32
BRC109510,Item 9510,56.38,367
BRC109511,Item 9511,12.83,480
BRC109512,Item 9512,93.53,160
BRC109513,Item 9513,89.36,18
BRC109514,Item 9514,58.96,356
BRC109515,Item 9515,36.55,16
BRC109516,Item 9516,44.58,466
BRC109517,Item 9517,11.31,131
BRC109518,Item 9518,40.62,308
BRC109519,Item 9519,88.79,459
BRC109520,Item 9520,80.45,417
BRC109521,Item 9521,31.24,63
BRC109522,Item 9522,74.29,294
BRC109523,Item 9523,54.24,73
BRC109524,Item 9524,51.18,350
BRC109525,Item 9525,87.57,106
BRC109526,Item 9526,43.62,264
BRC109527,Item 9527,39.56,86
BRC109528,Item 9528,45.64,70
BRC109529,Item 9529,91.64,456
BRC109530,Item 9530,54.95,105
BRC109531,Item 9531,1.14,73
BRC109532,Item 9532,23.25,494
BRC109533,Item 9533,63.7,115
BRC109534,Item 9534,44.58,314
BRC109535,Item 9535,10.95,51
BRC109536,Item 9536,24.76,341
BRC109537,Item 9537,50.96,42
BRC109538,Item 9538,2.93,249
BRC109539,Item 9539,32.22,65
BRC109540,Item 9540,66.36,337
BRC109541,Item 9541,90.19,491
BRC109542,Item 9542,97.42,408
BRC109543,Item 9543,16.73,97
BRC109544,Item 9544,87.97,50
BRC109545,Item 9545,58.17,478
BRC109546,Item 9546,30.49,482
BRC109547,Item 9547,51.03,363
BRC109548,Item 9548,66.42,15
BRC109549,Item 9549,91.39,110
BRC109550,Item 9550,98.35,424
BRC109551,Item 9551,95.83,189
BRC109552,Item 9552,36.78,191
BRC109553,Item 9553,75.84,204
BRC109554,Item 9554,20.15,132
BRC109555,Item 9555,98.21,214
BRC109556,Item 9556,46.0,196
BRC109557,Item 9557,79.26,47
BRC109558,Item 9558,33.44,497
BRC109559,Item 9559,57.42,409
BRC109560,Item 9560,92.47,297
BRC109561,Item 9561,91.82,492
BRC109562,Item 9562,91.98,216
BRC109563,Item 9563,8.55,371
BRC109564,Item 9564,24.2,480
BRC109565,Item 9565,50.43,261
BRC109566,Item 9566,85.24,290
BRC109567,Item 9567,84.33,51
BRC109568,Item 9568,68.65,28
BRC109569,Item 9569,40.36,457
BRC109570,Item 9570,14.44,85
BRC109571,Item 9571,88.2,317
BRC109572,Item 9572,50.53,407
BRC109573,Item 9573,75.56,57
BRC109574,Item 9574,52.87,340
BRC109575,Item 9575,84.64,145
BRC109576,Item 9576,34.51,250
BRC109577,Item 9577,82.6,166
BRC109578,Item 9578,20.58,49
BRC109579,Item 9579,34.96,386
BRC109580,Item 9580,26.49,391
BRC109581,Item 9581,58.95,262
BRC109582,Item 9582,72.38,263
BRC109583,Item 9583,2.3,106
BRC109584,Item 9584,46.19,89
BRC109585,Item 9585,17.07,125
BRC109586,Item 9586,42.54,194
BRC109587,Item 9587,28.92,475
BRC109588,Item 9588,82.59,174
BRC109589,Item 9589,13.06,429
BRC109590,Item 9590,81.72,498
BRC109591,Item 9591,76.12,285
BRC109592,Item 9592,58.42,190
BRC109593,Item 9593,5.47,181
BRC109594,Item 9594,49.64,309
BRC109595,Item 9595,59.07,267
BRC109596,Item 9596,81.57,348
BRC109597,Item 9597,38.78,261
BRC109598,Item 9598,72.74,126
BRC109599,Item 9599,58.0,80
BRC109600,Item 9600,33.28,142
BRC109601,Item 9601,30.01,89
BRC109602,Item 9602,48.36,55
BRC109603,Item 9603,95.4,301
BRC109604,Item 9604,6.69,160
BRC109605,Item 9605,3.64,156
BRC109606,Item 9606,99.1,436
BRC109607,Item 9607,70.51,9
BRC109608,Item 9608,55.97,112
BRC109609,Item 9609,57.51,414
BRC109610,Item 9610,12.42,340
BRC109611,Item 9611,4.81,72
BRC109612,Item 9612,66.16,326
BRC109613,Item 9613,54.55,440
BRC109614,Item 9614,7.76,161
BRC109615,Item 9615,87.55,232
BRC109616,Item 9616,62.4,75
BRC109617,Item 9617,88.8,4
BRC109618,Item 9618,98.4,168
BRC109619,Item 9619,4.0,356
BRC109620,Item 9620,72.46,219
BRC109621,Item 9621,71.22,481
BRC109622,Item 9622,2.4,494
BRC109623,Item 9623,81.55,157
BRC109624,Item 9624,76.0,188
BRC109625,Item 9625,76.57,81
BRC109626,Item 9626,71.87,147
BRC109627,Item 9627,84.22,214
BRC109628,Item 9628,59.23,413
BRC109629,Item 9629,25.94,317
BRC109630,Item 9630,5.29,375
BRC109631,Item 9631,99.89,405
BRC109632,Item 9632,50.36,100
BRC109633,Item 9633,90.87,87
BRC109634,Item 9634,75.0,468
BRC109635,Item 9635,69.93,499
BRC109636,Item 9636,2.26,353
BRC109637,Item 9637,30.38,76
BRC109638,Item 9638,77.61,471
BRC109639,Item 9639,9.74,372
BRC109640,Item 9640,75.37,247
BRC109641,Item 9641,22.6,490
BRC109642,Item 9642,63.41,304
BRC109643,Item 9643,36.56,480
BRC109644,Item 9644,72.51,308
BRC109645,Item 9645,94.59,322
BRC109646,Item 9646,44.66,28
BRC109647,Item 9647,36.66,337
BRC109648,Item 9648,13.03,162
BRC109649,Item 9649,66.1,356
BRC109650,Item 9650,41.82,274
BRC109651,Item 9651,71.82,498
BRC109652,Item 9652,36.13,220
BRC109653,Item 9653,45.88,193
BRC109654,Item 9654,5.16,184
BRC109655,Item 9655,80.88,24
BRC109656,Item 9656,36.76,476
BRC109657,Item 9657,30.44,261
BRC109658,Item 9658,65.46,299
BRC109659,Item 9659,17.71,396
BRC109660,Item 9660,85.75,252
BRC109661,Item 9661,59.69,167
BRC109662,Item 9662,61.44,499
BRC109663,Item 9663,15.57,464
BRC109664,Item 9664,48.06,15
BRC109665,Item 9665,46.91,158
BRC109666,Item 9666,99.04,150
BRC109667,Item 9667,76.41,391
BRC109668,Item 9668,43.07,39
BRC109669,Item 9669,82.11,47
BRC109670,Item 9670,47.79,45
BRC109671,Item 9671,8.86,277
BRC109672,Item 9672,35.45,421
BRC109673,Item 9673,77.3,249
BRC109674,Item 9674,10.59,47
BRC109675,Item 9675,82.46,193
BRC109676,Item 9676,42.17,258
BRC109677,Item 9677,15.23,259
BRC109678,Item 9678,37.08,440
BRC109679,Item 9679,15.23,131
BRC109680,Item 9680,15.03,313
BRC109681,Item 9681,41.98,327
BRC109682,Item 9682,84.73,74
BRC109683,Item 9683,27.42,170
BRC109684,Item 9684,79.06,402
BRC109685,Item 9685,88.1,253
BRC109686,Item 9686,57.68,148
BRC109687,Item 9687,29.97,485
BRC109688,Item 9688,87.11,261
BRC109689,Item 9689,82.59,187
BRC109690,Item 9690,84.27,139
BRC109691,Item 9691,66.5,363
BRC109692,Item 9692,66.64,258
BRC109693,Item 9693,33.21,413
BRC109694,Item 9694,68.63,168
BRC109695,Item 9695,28.78,279
BRC109696,Item 9696,30.19,280
BRC109697,Item 9697,15.84,122
BRC109698,Item 9698,25.66,135
BRC109699,Item 9699,67.49,20
BRC109700,Item 9700,97.16,52
BRC109701,Item 9701,29.74,397
BRC109702,Item 9702,51.32,286
BRC109703,Item 9703,43.08,75
BRC109704,Item 9704,55.05,247
BRC109705,Item 9705,67.46,211
BRC109706,Item 9706,49.47,77
BRC109707,Item 9707,20.6,176
BRC109708,Item 9708,49.41,324
BRC109709,Item 9709,56.31,472
BRC109710,Item 9710,87.79,58
BRC109711,Item 9711,43.98,348
BRC109712,Item 9712,53.93,250
BRC109713,Item 9713,77.09,233
BRC109714,Item 9714,94.15,179
BRC109715,Item 9715,2.03,217
BRC109716,Item 9716,5.62,192
BRC109717,Item 9717,37.66,300
BRC109718,Item 9718,27.45,52
BRC109719,Item 9719,4.89,41
BRC109720,Item 9720,81.27,125
BRC109721,Item 9721,70.43,344
BRC109722,Item 9722,96.92,111
BRC109723,Item 9723,85.43,57
BRC109724,Item 9724,93.11,476
BRC109725,Item 9725,71.92,147
BRC109726,Item 9726,94.48,11
BRC109727,Item 9727,51.61,299
BRC109728,Item 9728,92.47,296
BRC109729,Item 9729,83.21,108
BRC109730,Item 9730,16.15,100
BRC109731,Item 9731,93.26,289
BRC109732,Item 9732,74.95,440
BRC109733,Item 9733,33.13,337
BRC109734,Item 9734,33.81,433
BRC109735,Item 9735,77.68,8
BRC109736,Item 9736,2.23,170
BRC109737,Item 9737,72.65,488
BRC109738,Item 9738,80.17,320
BRC109739,Item 9739,78.49,260
BRC109740,Item 9740,37.45,285
BRC109741,Item 9741,40.12,244
BRC109742,Item 9742,74.09,294
BRC109743,Item 9743,77.66,462
BRC109744,Item 9744,92.87,412
BRC109745,Item 9745,98.42,474
BRC109746,Item 9746,72.57,71
BRC109747,Item 9747,61.72,91
BRC109748,Item 9748,31.55,341
BRC109749,Item 9749,84.17,104
BRC109750,Item 9750,19.43,374
BRC109751,Item 9751,57.37,438
BRC109752,Item 9752,3.86,313
BRC109753,Item 9753,97.89,333
BRC109754,Item 9754,71.9,216
BRC109755,Item 9755,71.68,12
BRC109756,Item 9756,29.1,430
BRC109757,Item 9757,29.42,329
BRC109758,Item 9758,98.97,101
BRC109759,Item 9759,32.1,93
BRC109760,Item 9760,29.46,279
BRC109761,Item 9761,18.37,183
BRC109762,Item 9762,90.45,109
BRC109763,Item 9763,76.48,334
BRC109764,Item 9764,95.7,199
BRC109765,Item 9765,71.43,294
BRC109766,Item 9766,79.68,457
BRC109767,Item 9767,15.93,426
BRC109768,Item 9768,46.5,399
BRC109769,Item 9769,96.69,452
BRC109770,Item 9770,25.84,327
BRC109771,Item 9771,17.82,459
BRC109772,Item 9772,98.53,66
BRC109773,Item 9773,17.69,38
BRC109774,Item 9774,17.82,434
BRC109775,Item 9775,14.26,369
BRC109776,Item 9776,67.42,285
BRC109777,Item 9777,54.52,476
BRC109778,Item 9778,23.57,80
BRC109779,Item 9779,83.79,181
BRC109780,Item 9780,68.0,477
BRC109781,Item 9781,80.99,223
BRC109782,Item 9782,46.69,297
BRC109783,Item 9783,40.19,27
BRC109784,Item 9784,58.84,1
BRC109785,Item 9785,11.47,464
BRC109786,Item 9786,30.14,31
BRC109787,Item 9787,18.22,55
BRC109788,Item 9788,25.35,297
BRC109789,Item 9789,10.79,253
BRC109790,Item 9790,29.51,452
BRC109791,Item 9791,36.77,405
BRC109792,Item 9792,54.72,330
BRC109793,Item 9793,56.12,487
BRC109794,Item 9794,32.75,204
BRC109795,Item 9795,25.79,32
BRC109796,Item 9796,32.12,454
BRC109797,Item 9797,4.01,483
BRC109798,Item 9798,22.28,72
BRC109799,Item 9799,45.74,388
BRC109800,Item 9800,88.73,12
BRC109801,Item 9801,18.75,110
BRC109802,Item 9802,8.32,1
BRC109803,Item 9803,17.68,457
BRC109804,Item 9804,44.2,224
BRC109805,Item 9805,23.24,95
BRC109806,Item 9806,49.27,233
BRC109807,Item 9807,97.01,102
BRC109808,Item 9808,77.67,326
BRC109809,Item 9809,32.64,235
BRC109810,Item 9810,26.86,315
BRC109811,Item 9811,14.48,500
BRC109812,Item 9812,29.34,274
BRC109813,Item 9813,95.46,458
BRC109814,Item 9814,22.1,262
BRC109815,Item 9815,41.24,79
BRC109816,Item 9816,38.05,397
BRC109817,Item 9817,73.21,95
BRC109818,Item 9818,7.44,338
BRC109819,Item 9819,33.23,130
BRC109820,Item 9820,63.05,324
BRC109821,Item 9821,82.87,169
BRC109822,Item 9822,72.42,465
BRC109823,Item 9823,97.38,5
BRC109824,Item 9824,83.93,31
BRC109825,Item 9825,32.64,323
BRC109826,Item 9826,59.04,366
BRC109827,Item 9827,45.95,61
BRC109828,Item 9828,98.59,199
BRC109829,Item 9829,27.85,335
BRC109830,Item 9830,15.79,370
BRC109831,Item 9831,84.97,125
BRC109832,Item 9832,69.55,357
BRC109833,Item 9833,98.33,281
BRC109834,Item 9834,66.96,467
BRC109835,Item 9835,43.5,414
BRC109836,Item 9836,44.28,229
BRC109837,Item 9837,45.0,424
BRC109838,Item 9838,76.49,382
BRC109839,Item 9839,78.16,339
BRC109840,Item 9840,51.98,223
BRC109841,Item 9841,70.77,185
BRC109842,Item 9842,11.77,368
BRC109843,Item 9843,17.86,290
BRC109844,Item 9844,20.35,213
BRC109845,Item 9845,92.12,214
BRC109846,Item 9846,80.22,500
BRC109847,Item 9847,83.25,163
BRC109848,Item 9848,87.26,306
BRC109849,Item 9849,32.03,457
BRC109850,Item 9850,2.06,451
BRC109851,Item 9851,61.23,231
BRC109852,Item 9852,48.7,311
BRC109853,Item 9853,52.82,258
BRC109854,Item 9854,59.76,125
BRC109855,Item 9855,90.16,364
BRC109856,Item 9856,61.45,485
BRC109857,Item 9857,16.88,266
BRC109858,Item 9858,67.28,484
BRC109859,Item 9859,30.84,217
BRC109860,Item 9860,99.51,339
BRC109861,Item 9861,19.86,239
BRC109862,Item 9862,35.79,60
BRC109863,Item 9863,23.84,104
BRC109864,Item 9864,6.51,395
BRC109865,Item 9865,77.03,309
BRC109866,Item 9866,30.99,171
BRC109867,Item 9867,91.22,462
BRC109868,Item 9868,24.63,128
BRC109869,Item 9869,53.15,31
BRC109870,Item 9870,26.92,319
BRC109871,Item 9871,41.91,494
BRC109872,Item 9872,57.47,62
BRC109873,Item 9873,43.57,275
BRC109874,Item 9874,23.29,283
BRC109875,Item 9875,29.69,372
BRC109876,Item 9876,75.74,412
BRC109877,Item 9877,40.13,21
BRC109878,Item 9878,17.4,60
BRC109879,Item 9879,23.18,252
BRC109880,Item 9880,25.94,474
BRC109881,Item 9881,90.39,37
BRC109882,Item 9882,78.51,170
BRC109883,Item 9883,59.86,47
BRC109884,Item 9884,97.1,212
BRC109885,Item 9885,10.68,218
BRC109886,Item 9886,45.9,392
BRC109887,Item 9887,15.35,324
BRC109888,Item 9888,69.36,195
BRC109889,Item 9889,26.37,435
BRC109890,Item 9890,61.88,265
BRC109891,Item 9891,35.87,389
BRC109892,Item 9892,62.78,283
BRC109893,Item 9893,71.81,82
BRC109894,Item 9894,23.19,249
BRC109895,Item 9895,52.72,304
BRC109896,Item 9896,55.85,122
BRC109897,Item 9897,88.6,386
BRC109898,Item 9898,66.59,192
BRC109899,Item 9899,48.65,433
BRC109900,Item 9900,54.34,310
BRC109901,Item 9901,95.67,384
BRC109902,Item 9902,4.24,329
BRC109903,Item 9903,53.01,261
BRC109904,Item 9904,40.88,17
BRC109905,Item 9905,83.01,390
BRC109906,Item 9906,82.14,429
BRC109907,Item 9907,69.5,427
BRC109908,Item 9908,95.32,313
BRC109909,Item 9909,93.7,362
BRC109910,Item 9910,19.34,64
BRC109911,Item 9911,73.66,108
BRC109912,Item 9912,89.74,475
BRC109913,Item 9913,58.07,88
BRC109914,Item 9914,16.92,12
BRC109915,Item 9915,7.2,106
BRC109916,Item 9916,36.97,106
BRC109917,Item 9917,18.81,424
BRC109918,Item 9918,6.31,125
BRC109919,Item 9919,25.07,237
BRC109920,Item 9920,67.18,63
BRC109921,Item 9921,47.64,476
BRC109922,Item 9922,24.09,224
BRC109923,Item 9923,23.79,173
BRC109924,Item 9924,4.8,218
BRC109925,Item 9925,98.9,312
BRC109926,Item 9926,16.11,46
BRC109927,Item 9927,44.04,192
BRC109928,Item 9928,85.0,489
BRC109929,Item 9929,96.0,412
BRC109930,Item 9930,17.44,422
BRC109931,Item 9931,97.28,313
BRC109932,Item 9932,98.04,28
BRC109933,Item 9933,62.13,122
BRC109934,Item 9934,55.24,46
BRC109935,Item 9935,49.79,132
BRC109936,Item 9936,2.61,96
BRC109937,Item 9937,34.75,380
BRC109938,Item 9938,41.61,175
BRC109939,Item 9939,1.65,474
BRC109940,Item 9940,37.5,311
BRC109941,Item 9941,43.8,112
BRC109942,Item 9942,78.11,28
BRC109943,Item 9943,85.67,130
BRC109944,Item 9944,84.09,230
BRC109945,Item 9945,77.5,415
BRC109946,Item 9946,20.53,254
BRC109947,Item 9947,72.02,365
BRC109948,Item 9948,48.89,52
BRC109949,Item 9949,89.29,421
BRC109950,Item 9950,12.13,221
BRC109951,Item 9951,10.66,255
BRC109952,Item 9952,82.39,153
BRC109953,Item 9953,22.38,178
BRC109954,Item 9954,31.13,417
BRC109955,Item 9955,72.89,246
BRC109956,Item 9956,75.84,315
BRC109957,Item 9957,99.54,355
BRC109958,Item 9958,51.71,3
BRC109959,Item 9959,59.56,169
BRC109960,Item 9960,27.64,65
BRC109961,Item 9961,29.74,1
BRC109962,Item 9962,26.05,444
BRC109963,Item 9963,2.99,12
BRC109964,Item 9964,6.98,161
BRC109965,Item 9965,33.79,59
BRC109966,Item 9966,9.87,173
BRC109967,Item 9967,85.5,86
BRC109968,Item 9968,10.49,244
BRC109969,Item 9969,3.55,253
BRC109970,Item 9970,77.94,133
BRC109971,Item 9971,1.9,246
BRC109972,Item 9972,4.11,339
BRC109973,Item 9973,36.97,482
BRC109974,Item 9974,6.77,215
BRC109975,Item 9975,68.13,249
BRC109976,Item 9976,91.52,4
BRC109977,Item 9977,63.61,407
BRC109978,Item 9978,34.04,349
BRC109979,Item 9979,88.43,325
BRC109980,Item 9980,80.16,462
BRC109981,Item 9981,59.51,116
BRC109982,Item 9982,8.06,28
BRC109983,Item 9983,69.01,211
BRC109984,Item 9984,12.44,136
BRC109985,Item 9985,64.95,441
BRC109986,Item 9986,42.21,60
BRC109987,Item 9987,37.95,359
BRC109988,Item 9988,41.4,223
BRC109989,Item 9989,2.4,487
BRC109990,Item 9990,95.91,444
BRC109991,Item 9991,48.04,358
BRC109992,Item 9992,65.15,328
BRC109993,Item 9993,17.95,259
BRC109994,Item 9994,55.23,393
BRC109995,Item 9995,35.24,290
BRC109996,Item 9996,10.19,482
BRC109997,Item 9997,97.99,395
BRC109998,Item 9998,84.04,315
BRC109999,Item 9999,41.38,37
BRC110000,Item 10000,62.68,469
